Transaction_ID,Transaction_Date,Customer_ID,Product_Name,Quantity,Price,Payment_Method,Transaction_Status
T0001,2024-08-02,C2205,Headphones,-5.0,$420.21,pay pal,
T0002,2020-02-10,C3156,Coffee ,469.0,-445.34202525395585,creditcard,Pending
T0003,2025-02-30,C2919,Tablet,-4.0,810.9930123946459,credit card,completed
T0004,2020-08-17,C3009,Tab,-7.0,868.6083413217348,PayPal,Pending
T0005,2025-02-30,C3488,Coffee Machine,-10.0,-763.1224490039416,PayPal,completed
T0006,2021-10-26,C4241,Smartphone,598.0,,PayPal,Completed
,2025-02-30,C1313,Laptop,10.0,,credit card,Completed
T0008,2023-13-01,C4736,Headphones,669.0,-86.92126929493884,Cash,
T0009,,C3387,Tablet,10.0,461.70198437439694,PayPal,
T0010,2025-02-30,C2846,Laptop,-1.0,404.8907066405689,creditcard,Pending
T0011,2023-13-01,C1004,Laptop,10.0,-600.8393093751704,PayPal ,complete
T0012,2023-13-01,C2912,Tablet,608.0,,PayPal ,completed
T0013,2020-03-18,C1692,Smartphone,564.0,,Cash,Completed
T0014,2020-06-19,C2992,Coffee Machine,696.0,905.5147299335418,creditcard,Failed
T0015,2025-02-30,C3879,Headphones,-2.0,523.8427581553709,credit card,Pending
T0016,2025-02-30,C2837,Laptop,-3.0,,creditcard,Pending
T0017,2020-07-07,C3776,Smartphone,236.0,-94.55726526729006,credit card,Pending
T0018,2025-02-30,C847,Coffee Ma,7.0,-108.43782406112234,credit card,complete
T0019,2024-02-19,C4871,Smartphone,,,pay pal,Pending
T0020,2025-02-30,C1924,Headphones,-6.0,,pay pal,
T0021,2025-02-30,C1137,Coffee Machine,856.0,-488.8626491104135,Credit Card,Failed
T0022,2023-13-01,C3883,Smartphone,9.0,,creditcard,Completed
T0023,2025-02-30,C4877,Tablet,538.0,-733.8292284642129,PayPal ,complete
T0024,2023-11-03,C828,Coffee Machine,487.0,,Cash,
T0025,2022-11-18,C4985,Tablet,114.0,276.93632041675164,PayPal,
T0026,2020-01-01,C1096,Cof,654.0,,PayPal ,complete
T73466,2025-02-30,C2702,Coffee Machine,-5.0,555.6133483579025,creditcard,complete
T0028,2025-02-30,C3025,Smar,7.0,$797.34,PayPal,complete
T0029,2025-02-30,C1345,Smartphone,-5.0,-295.7651514883837,PayPal,Pending
T0030,2021-10-16,C3058,Headphones,5.0,,PayPal ,Failed
T0031,2024-07-17,C3672,Tablet,-5.0,787.9940762988269,Credit Card,completed
T0032,2023-10-05,,Laptop,-7.0,,Credit Card,Completed
T0033,2025-02-30,C1844,Coffee Machine,-3.0,546.7808345069353,PayPal,Failed
T0034,2025-02-30,C1406,Coffee Machine,3.0,-120.68099580920125,creditcard,complete
T0035,2022-07-25,C2579,Coffee Machine,485.0,$970.28,credit card,Completed
T0036,2023-13-01,C292,Laptop,2.0,-596.4257637659894,pay pal,completed
T0037,2023-13-01,C2492,Smartphone,-10.0,$711.71,pay pal,Pending
T0038,2020-06-18,C2208,Laptop,8.0,,creditcard,Failed
T0039,2023-13-01,C4687,Tablet,9.0,,PayPal,completed
T0040,2023-13-01,C3328,Headphones,7.0,,pay pal,Failed
T0041,2023-10-20,C1693,Laptop,865.0,,credit card,Completed
T0042,2021-08-04,C4796,Coffee Machine,8.0,,credit card,Failed
T0043,2025-02-30,C4046,Smartphone,-10.0,,Cash,Pending
T0044,,C246,Smar,-10.0,,Cash,Completed
T0045,2023-13-01,C3393,Smartphone,-5.0,653.3867399963707,creditcard,Pending
T0046,2025-02-30,C2797,Coffee Machine,825.0,-788.7705027101282,PayPal,Completed
T0047,2025-02-30,C2200,Laptop,,,Cash,completed
T0048,2025-02-30,C987,Headphones,-5.0,-527.0952322435783,Credit Card,Pending
T0049,2020-06-18,C4480,Laptop,762.0,,credit card,Completed
T0050,2021-04-23,,Tablet,-6.0,$969.72,PayPal ,Completed
T0051,2025-02-30,C591,Coffee M,272.0,-253.7301092365127,Cash,
T0052,2022-12-20,C4029,Headphones,839.0,-756.3340765354607,PayPal ,Pending
T0053,2022-07-22,C1077,Laptop,559.0,154.18505403344284,credit card,Failed
T0054,2023-13-01,C642,Tablet,4.0,,Credit Card,Completed
T0055,2024-04-17,C2474,Coffee Machine,867.0,130.23186429200612,creditcard,Pending
T0056,2025-02-30,C4020,Coffee Machine,153.0,-500.9165574378977,PayPal,completed
T0057,2023-13-01,C627,Laptop,863.0,,credit card,
T0058,2023-13-01,C3286,Smartphone,469.0,-424.31579152678114,pay pal,completed
T0059,,C2809,Tablet,4.0,-329.6249100867068,credit card,
T0060,2025-02-30,,Headphones,9.0,-774.7400993737688,pay pal,complete
T0061,2023-13-01,C3123,Headphones,6.0,-692.6956884654846,creditcard,completed
T0062,,C3832,Laptop,2.0,,PayPal ,Pending
T0063,2023-13-01,C185,T,,591.2612673906424,credit card,Pending
T0064,2025-02-30,C4415,Tablet,587.0,,Cash,complete
T0065,2023-13-01,C4884,Smartp,-6.0,$261.10,PayPal ,Pending
T0066,2025-02-30,C4996,Laptop,399.0,416.86425090767176,PayPal,Pending
T0067,2023-13-01,C981,Tablet,769.0,,Cash,Failed
T0068,2023-13-01,C4424,Tablet,222.0,-893.0581296167652,PayPal,Failed
T0069,2021-03-03,C1757,Headphones,-5.0,-750.9838518199657,credit card,complete
T0070,2025-02-30,C4445,Coffee Machine,787.0,-197.82671183761192,PayPal ,complete
T0071,2022-11-15,C1381,Laptop,9.0,,Cash,
T0072,2023-13-01,C899,Headphones,3.0,,Credit Card,Failed
T0073,2021-04-10,C1319,Headp,9.0,,Cash,Pending
T0074,2025-01-16,C4509,Laptop,7.0,,PayPal ,Pending
T0075,2025-02-30,C3892,Laptop,6.0,310.0117870605701,pay pal,Pending
T0076,2023-13-01,C2256,Smartphone,,-763.6891786969968,pay pal,complete
T0077,2025-02-30,C3280,Smartphone,-8.0,,Cash,Pending
T0078,2025-02-30,C1586,Smartphone,4.0,,credit card,complete
T0079,2025-02-30,C4545,Laptop,10.0,-523.9728550305827,PayPal,Pending
T0080,2025-02-30,C3707,Coffee Machine,4.0,933.723570095747,pay pal,
T0081,2023-02-28,C3687,Smartphone,8.0,-845.0306396233873,PayPal,Completed
T0082,2025-02-30,,Laptop,2.0,-386.6519715886566,PayPal,
T0083,2023-13-01,C2616,Tablet,7.0,447.1746873942077,pay pal,Completed
T0084,2023-13-01,C722,Tablet,4.0,811.1940409467047,PayPal ,Failed
T0085,2025-02-30,C4399,Tablet,216.0,,Cash,
T0086,2025-02-30,C058,Tablet,480.0,-784.8027259138621,Cash,
T0087,2020-08-10,C703,Laptop,,-600.2502425594328,Cash,Completed
T0088,2025-02-30,C4004,Headphones,9.0,-380.99749854004233,PayPal,complete
T0089,,C4555,Headphones,709.0,,PayPal ,completed
T0090,2025-02-30,C1678,Laptop,,-530.1376416743266,Cash,complete
,2023-05-16,C308,Coffee Machine,824.0,577.5607699389858,creditcard,Failed
T0092,2025-02-30,C3389,Smartphone,-10.0,,PayPal ,completed
T0093,2024-12-31,C3843,Tablet,973.0,784.0773703024178,creditcard,
T0094,2025-02-30,C2314,Headphones,733.0,,pay pal,Completed
T0095,2025-02-30,C529,Laptop,2.0,-149.55165829110524,credit card,Pending
T0096,2023-13-01,C1336,Coffee Machine,198.0,-315.07874385949754,Cash,completed
T0097,2023-13-01,C2670,Smar,514.0,,Cash,
T0098,2023-13-01,C1341,Headphones,-9.0,-724.9198351872936,Credit Card,complete
T0099,2025-02-30,C3685,Smartphone,909.0,-585.478005722021,pay pal,complete
T0100,2025-02-30,C1810,Coffee Machine,808.0,-157.03881972664124,pay pal,
T0101,2023-13-01,C2318,Tablet,367.0,272.6373223393598,Credit Card,Failed
T0102,2025-02-30,C4239,Smartphone,131.0,-56.421763873178975,PayPal,
T0103,2022-12-04,C327,Tablet,-10.0,-963.4581062931452,PayPal ,complete
T0104,2025-02-30,C4574,Coffee Machine,857.0,322.3579934023191,Cash,
T0105,2025-02-30,C4377,Laptop,9.0,,creditcard,Pending
,2025-02-30,C4261,Laptop,670.0,-197.03277785431612,pay pal,Failed
T0107,2022-08-24,C4233,Laptop,-2.0,,creditcard,complete
T0108,2020-12-24,C4889,Smart,399.0,,creditcard,Completed
T0109,,C1809,Headphones,6.0,380.72421934613766,PayPal,completed
T0110,2025-02-30,C1186,Smartphone,-8.0,451.461130880405,pay pal,
T0111,2023-13-01,C4669,Coffee Machine,889.0,,credit card,Failed
T0112,2024-09-06,C4249,Laptop,723.0,90.34728588175325,creditcard,Failed
T0113,2020-04-08,C2894,Headphones,-8.0,86.41580941098921,PayPal,complete
T0114,2023-13-01,C4252,Tablet,798.0,289.89395564796496,Cash,
T0115,2023-13-01,C4022,Headphones,,-261.14199297362666,pay pal,Pending
T0116,2025-02-30,C3190,Smartphone,787.0,-104.60377750302337,credit card,completed
T0117,2021-03-29,C4411,Tablet,300.0,,pay pal,Completed
T0118,2025-02-30,C2778,Headphones,-6.0,-276.43423074019086,creditcard,Completed
T0119,2025-02-30,C4517,Laptop,10.0,,creditcard,Failed
T0120,2025-02-30,,Coffee Machine,-7.0,159.45851825246467,PayPal ,Failed
T0121,2023-13-01,C4087,Tablet,903.0,,Credit Card,Completed
T0122,2021-08-22,C4055,Headphones,603.0,,PayPal ,Pending
T0123,2023-13-01,C2203,Headphones,3.0,-869.7954960216659,creditcard,
T0124,2023-13-01,C2837,Tablet,-10.0,-463.1433791486562,PayPal,Failed
,2021-12-02,C086,Coffee Machine,667.0,$-681.87,PayPal ,Pending
T0126,2023-13-01,C572,Laptop,630.0,-224.96418545072925,Credit Card,
T0127,2025-02-30,C2165,Headphones,-3.0,,pay pal,Failed
T0128,2023-13-01,C2883,Tablet,3.0,,pay pal,completed
T0129,2021-11-14,C1399,La,996.0,,PayPal,completed
T0130,,C3104,Smart,5.0,$-594.77,pay pal,
T0131,2025-02-30,C2556,Laptop,1.0,$-177.14,Credit Card,Completed
T0132,2020-08-20,C1736,Laptop,-10.0,-63.46828347895041,PayPal,Completed
T0133,2021-07-12,C2977,Laptop,137.0,-97.98868055300454,Credit Card,Failed
T0134,2025-02-30,C1514,Coffee Machine,1.0,,Cash,Completed
T0135,2025-02-30,C820,Lapt,-8.0,999.6769010743953,creditcard,Failed
T0136,2024-05-04,C544,Tablet,788.0,,pay pal,completed
T0137,2022-08-04,C4112,Headphones,322.0,-557.4354116843066,PayPal ,complete
T0138,2023-13-01,C2349,Laptop,199.0,,Cash,complete
T0139,2025-02-30,C2703,Tabl,2.0,,pay pal,Failed
T0140,2023-13-01,C2027,Coffee Machine,10.0,,PayPal,
,2023-13-01,C869,Headphones,564.0,499.8782079245941,creditcard,Failed
T77766,2023-13-01,C4226,Tablet,-7.0,$862.48,Credit Card,complete
T0143,2022-06-28,C3555,Smartphone,3.0,625.381192727248,credit card,Completed
T0144,2020-02-03,C4891,Coffee Machine,8.0,375.97285452626176,PayPal ,complete
T0145,2025-02-30,C2712,Tablet,,192.74436350761556,PayPal ,Completed
T0146,2022-12-14,C3320,Smartphone,,,PayPal,
,2023-03-06,,Headphones,-2.0,-574.740887890599,creditcard,Failed
T0148,2023-13-01,C513,Smartphone,778.0,-887.2905908833019,creditcard,Pending
,2022-09-14,C2945,Laptop,4.0,-485.0562729586686,pay pal,Pending
T0150,2025-02-30,C3843,Coffee Machine,7.0,497.4078791781518,pay pal,completed
T0151,2025-02-30,C4252,Laptop,946.0,234.96502082545499,pay pal,complete
T0152,2023-04-28,C3177,Laptop,,,PayPal ,Failed
T0153,2023-13-01,C1021,Smartphone,222.0,734.987602056252,pay pal,completed
T0154,2022-01-13,C3826,Smartphone,3.0,-218.2141312027652,PayPal,
T0155,2020-01-23,C1382,Coffee Machine,-6.0,-480.09048052465437,PayPal ,complete
T0156,2023-13-01,C3890,Laptop,,-947.0315089055939,creditcard,Completed
T0157,2021-02-01,C2917,Coffee Machine,304.0,$863.77,creditcard,Pending
T0158,2023-13-01,C4975,Headphones,661.0,,Credit Card,complete
T0159,2023-13-01,C2913,Headphones,571.0,,Cash,Pending
T0160,2025-02-30,C1618,L,-9.0,,creditcard,complete
T0161,2025-02-30,C4414,Coffee Machine,-4.0,864.0457885955425,pay pal,Failed
T17515,2024-11-25,C3287,Smartphone,-9.0,850.4985899006939,Credit Card,Pending
T0163,2021-08-11,C666,Smartphone,8.0,$-455.46,creditcard,
T0164,2023-13-01,C2345,Coffee Machine,10.0,-913.1985144335955,creditcard,complete
T0165,2022-05-30,C316,Coffee Machine,599.0,,pay pal,Pending
T0166,2025-02-30,C222,Coffee Machine,3.0,-818.038014894282,PayPal ,completed
T0167,2021-08-05,C2395,Coffee Machine,547.0,-884.3602155938391,Credit Card,Pending
T0168,2023-13-01,C2741,Headphones,-9.0,-963.397682065832,PayPal,Completed
T0169,2025-02-30,C1460,Headphones,-9.0,-699.5688980552151,Cash,complete
T0170,2023-13-01,C872,Tablet,10.0,921.4923647726245,pay pal,Pending
T0171,,C506,Tablet,202.0,,creditcard,complete
T0172,2023-13-01,C3007,Headphones,-10.0,-908.6432029552982,pay pal,completed
T0173,2025-02-30,C2195,Coffee Machine,267.0,996.8924925994368,creditcard,Completed
T0174,2023-13-01,C3227,Laptop,-3.0,,pay pal,Completed
T0175,2020-09-26,C4393,Laptop,505.0,213.46164941734105,Cash,complete
T0176,2023-13-01,C2863,Coffee Machine,9.0,,Cash,complete
T0177,2025-01-04,C3662,Tablet,-4.0,460.8278566012473,PayPal ,completed
T0178,2025-02-30,C233,Smartphone,-3.0,,credit card,complete
T0179,2021-08-19,C4160,Tablet,622.0,121.8158272059667,Cash,Completed
T0180,2023-13-01,C3357,Tablet,4.0,,credit card,complete
T0181,2022-05-04,C887,Smartphone,359.0,$365.48,credit card,Failed
T0182,2021-07-24,C4140,Coffee Machine,916.0,516.1081584281587,credit card,Pending
T0183,2025-02-30,C3985,Smartphone,-3.0,,PayPal,complete
T0184,2023-13-01,C3954,Headphones,4.0,$501.18,credit card,complete
T0185,2024-05-14,C4308,Smartphone,779.0,388.0390415465828,pay pal,completed
T0186,2025-02-30,C4027,Smart,246.0,720.973087747955,Credit Card,
T0187,2024-04-12,C2965,Smartphone,1.0,,Cash,
T0188,2023-08-12,C1159,Laptop,-2.0,-567.5614912317114,Credit Card,Pending
T0189,2022-08-19,C047,Smartphone,10.0,252.64176119515056,PayPal ,complete
T0190,2025-02-30,,Headphones,-7.0,,PayPal,
T0191,2023-13-01,C4984,Laptop,-6.0,-770.6902504665404,Credit Card,complete
T0192,2025-02-30,C2741,Laptop,3.0,,pay pal,completed
T0193,2025-02-30,C3191,Coffee Machine,106.0,$330.30,Cash,completed
T0194,2025-02-30,C751,Headphones,-4.0,-225.28091037664854,Credit Card,Pending
T0195,2025-02-30,C4563,Tablet,279.0,-845.904243628707,PayPal,Failed
,2021-09-14,C382,Headphones,751.0,-207.39656047279357,creditcard,complete
T0197,2021-03-08,C4862,Laptop,821.0,,Credit Card,Pending
T0198,2023-13-01,C199,Headphones,826.0,-895.656684616674,pay pal,Completed
T0199,2023-03-11,C3558,Coffee Machine,5.0,,credit card,Pending
T0200,2025-02-30,C1561,Laptop,9.0,428.3331931740419,PayPal,completed
T0201,2023-13-01,C4339,Laptop,-4.0,305.67683376987986,PayPal,completed
,2023-13-01,C1274,Smartphone,1.0,574.6841928059175,pay pal,Pending
T0203,2022-08-28,C4643,Laptop,-8.0,,pay pal,completed
T0204,2021-02-08,C4690,Headphones,258.0,854.4182002616594,credit card,
T0205,2025-02-30,C3948,Coffee Machine,-10.0,,Credit Card,Failed
T0206,2023-13-01,C3530,Smartphone,299.0,,creditcard,completed
T0207,2025-02-30,C2862,Laptop,-9.0,423.10307753685015,pay pal,Pending
T0208,2023-13-01,,Coffee Machine,-2.0,-533.9791206384509,Cash,completed
T0209,2024-03-13,C1378,C,586.0,,Cash,Completed
T0210,2022-03-08,C3762,Coffee Machine,,148.63019474593415,creditcard,Completed
T0211,2023-13-01,,Coffee Machine,2.0,145.1988191777438,credit card,Completed
T0212,2025-02-30,C3724,Coffee Machine,938.0,345.73684283108884,PayPal ,complete
T0213,2025-02-30,C2547,Headphones,7.0,415.79673722840334,credit card,Completed
,2021-04-24,C2442,Tablet,-8.0,-594.8180707127265,creditcard,Failed
T0215,2023-13-01,C4386,Smartphone,,-663.1249272767749,pay pal,Failed
T0216,2025-02-30,,Headphones,-10.0,,Credit Card,Pending
T0217,2023-13-01,C184,Smartph,698.0,-721.6945942126201,pay pal,completed
T0218,2025-02-30,C4793,Headp,536.0,,creditcard,Failed
T0219,2023-13-01,C3102,Laptop,-4.0,$275.07,Cash,completed
T0220,2023-10-11,C3610,Smartphone,10.0,,pay pal,
T0221,2020-03-08,C1613,Coffee Machine,-3.0,58.03358928393075,creditcard,Failed
T0222,2023-13-01,C2874,Coffee Machine,-10.0,$499.76,PayPal,
,2023-13-01,C3915,Coffee Machine,789.0,,PayPal ,Pending
T0224,2025-02-30,C3588,Smartphone,,345.8830842897967,Cash,complete
T0225,2023-04-18,C298,Tablet,10.0,282.0102882048541,PayPal,Failed
T0226,2025-02-30,C3261,Smartphone,-3.0,,creditcard,Pending
T0227,2023-13-01,C4300,Laptop,,-150.3078075240669,Credit Card,Failed
T0228,2022-04-03,C1613,Tablet,-7.0,,PayPal ,completed
T0229,2023-13-01,C665,Smartphone,5.0,643.4923070340809,pay pal,
T0230,2023-06-07,C1387,Hea,-8.0,933.2568077416644,pay pal,completed
,2025-02-30,,Tabl,-7.0,54.39765408195946,PayPal,Completed
T0232,2025-02-30,C2304,Smartphone,802.0,-513.5045004346871,PayPal ,complete
T0233,2023-13-01,C3774,Tablet,455.0,,PayPal,
T0234,2025-02-30,C4286,Headphones,585.0,808.5529550324696,Credit Card,complete
T0235,2020-03-31,C4657,Coffee Machine,162.0,,Credit Card,complete
T0236,2023-13-01,C606,Smartphone,201.0,,credit card,
T0237,2021-03-23,C3835,Smartphone,,,Cash,
T0238,2023-13-01,C3827,Coffee Machine,,-125.68479397836848,Cash,completed
T0239,2025-02-30,C3416,Coffee Machine,807.0,-267.20196716643227,Cash,completed
T0240,2023-13-01,C1171,Laptop,-9.0,,PayPal,complete
T0241,2022-12-09,C2398,Coffee Machine,-5.0,643.7099744048677,PayPal,Failed
T0242,2023-12-01,C2286,Coffee Machine,-8.0,,PayPal ,completed
T0243,,C2493,Laptop,-5.0,-888.0476746955034,credit card,
T0244,2023-13-01,C2759,Smartphone,353.0,-166.0086952692584,creditcard,
T0245,2021-07-30,C1417,Tablet,-7.0,,Cash,Failed
T0246,2025-02-30,C3759,Headphones,1.0,-641.5138399481423,credit card,Completed
T0247,2023-13-01,C4707,Headphones,767.0,-902.9095858859044,pay pal,complete
T0248,2024-07-10,C2496,Head,431.0,$242.13,PayPal,Failed
T0249,2023-13-01,C2942,Tablet,1.0,,pay pal,complete
,2023-04-22,C1453,Smartpho,535.0,559.0155800890884,creditcard,Failed
T0251,2023-04-17,C3631,Headphones,212.0,873.7449157057446,creditcard,Failed
T0252,2022-03-01,C4052,Lapt,-2.0,-162.84533598386884,Credit Card,Completed
T0253,2024-03-22,C1374,Laptop,-9.0,115.6814182877149,Cash,Completed
T0254,2021-11-14,C2859,Coffee Machine,165.0,115.37062226098817,creditcard,complete
T0255,2021-01-12,C4435,Lapto,-9.0,878.3307368842339,creditcard,Failed
,2023-13-01,C4077,Headphones,241.0,130.04913375505248,Credit Card,
T0257,2025-02-30,C4274,Coffee Machine,6.0,702.2392204398159,PayPal,complete
T0258,2025-02-30,C1902,Headphones,358.0,,PayPal ,Pending
T0259,2025-02-30,C3240,Smartphone,3.0,-349.61333461000686,credit card,Pending
T0260,2025-02-30,C3973,Coffee Machine,383.0,-368.4632827483596,credit card,complete
T0261,2025-02-30,,Smartphone,3.0,-728.9493905202994,pay pal,
T0262,,C511,Headphones,321.0,,pay pal,completed
T0263,2025-02-30,C3570,Laptop,952.0,-111.49478189634374,PayPal ,Pending
T0264,2025-02-30,C4190,Coffee Machine,736.0,-264.4015529386178,Credit Card,Pending
T0265,2023-13-01,C2978,Tablet,1.0,167.7074453290045,PayPal ,Completed
T0266,2023-13-01,C1796,Headphones,3.0,900.3890031564791,Cash,Failed
T0267,2021-01-18,C4543,Coffee Machine,-7.0,699.4001442993365,Cash,complete
T0268,2023-12-01,C2381,Laptop,7.0,-617.8889335532153,PayPal,Failed
T0269,2024-08-11,C3990,Coffee Machine,-8.0,810.4362003026442,credit card,Completed
T0270,2025-02-30,C179,Coffee Machine,126.0,,Credit Card,Failed
T0271,2025-02-30,C2542,Headphones,331.0,,PayPal,complete
T0272,2025-02-30,C163,Tablet,-9.0,,Credit Card,Failed
T0273,2023-13-01,C1922,Smartphone,611.0,-903.9214065342253,creditcard,Completed
T0274,2023-02-08,C2934,Coffee Machine,8.0,58.90413474001046,PayPal ,Failed
T0275,2025-02-30,C1658,Headphon,853.0,-930.5256622385954,PayPal ,Completed
T0276,2023-13-01,C3811,Coffee Machine,-6.0,-767.6999149582474,Cash,completed
T0277,2023-13-01,C4633,Headphones,-10.0,,Credit Card,Pending
T0278,2020-11-28,C1298,Coffee Machine,319.0,,PayPal,completed
T0279,2023-13-01,C294,Tablet,7.0,68.68419953659067,creditcard,Pending
T0280,2023-13-01,C4545,Laptop,9.0,,creditcard,completed
T0281,2023-13-01,C1045,Laptop,10.0,,Cash,Failed
T0282,2023-07-19,C1022,Laptop,5.0,,credit card,completed
T0283,2025-02-30,C3173,Tabl,-5.0,161.87252030619652,creditcard,completed
T0284,2022-10-04,C1301,Laptop,222.0,698.6577228569703,Cash,Pending
T0285,2023-13-01,C2052,Laptop,534.0,266.9206763671368,Credit Card,Failed
T0286,2023-13-01,C706,Smartphone,303.0,,PayPal ,complete
T0287,2023-13-01,C3933,Tablet,,,Cash,Completed
T0288,2023-13-01,C4094,Tablet,-3.0,626.418484441448,pay pal,completed
T0289,2023-13-01,C4069,Smartphone,355.0,,Credit Card,Pending
T0290,2025-02-30,C4420,Smartphone,995.0,$-919.58,credit card,Failed
T0291,2025-02-30,C2928,Smartphone,-1.0,,pay pal,Completed
T0292,2024-08-09,,Laptop,980.0,233.90225085887434,Cash,Pending
T0293,,C4257,Headphones,1.0,-876.3738123089412,creditcard,complete
T0294,2023-07-24,C1719,Laptop,3.0,581.8841170252601,Credit Card,Completed
T0295,2023-13-01,C3275,Coffee Machine,7.0,-759.6503540450578,Cash,Completed
T0296,2025-02-30,C1221,Coffee Machine,-10.0,-189.20013786056302,creditcard,completed
T0297,2023-13-01,C3928,Laptop,160.0,581.1350897110032,PayPal ,completed
,2024-02-28,C3386,Tablet,794.0,353.77291793889503,PayPal ,Pending
T0299,2020-11-26,C1664,Headphones,-3.0,132.95090982621306,creditcard,Pending
T0300,2023-13-01,C1998,Coffee Machine,2.0,,pay pal,
T0301,2023-13-01,C457,Lapt,-3.0,,PayPal,
T0302,2020-11-17,C2108,Hea,2.0,,PayPal ,completed
T0303,2020-12-28,C4785,Smartphone,-1.0,-631.3593865496682,credit card,Completed
T0304,2022-04-12,C1803,Laptop,5.0,140.6198774288747,PayPal ,complete
T0305,2023-13-01,,Laptop,4.0,-682.118431202354,PayPal,
T0306,2023-13-01,C1422,Smartphone,-4.0,-696.0435462501963,Credit Card,completed
T0307,2025-02-30,C4222,Headphones,-5.0,-267.864131326829,Credit Card,Pending
T0308,2023-13-01,C4265,Tablet,9.0,488.85674886553903,Credit Card,Failed
T0309,2025-02-30,C2016,Smartphone,705.0,,Cash,complete
T0310,2023-13-01,C656,Headphones,651.0,-127.13548116260927,pay pal,
T0311,2022-06-08,C3494,Coffee Machine,936.0,,creditcard,Failed
T0312,2023-13-01,C1744,Headphones,-6.0,,PayPal ,Completed
T0313,2021-06-30,C654,Coffee Machine,-4.0,-776.0722527306448,Cash,Failed
T0314,2023-13-01,C3587,Headphones,4.0,221.08937963114784,Cash,Pending
T0315,2023-13-01,C842,Table,4.0,-421.9271102716973,Credit Card,Completed
T0316,2025-02-30,C4410,Headphones,10.0,-496.1191465097217,Credit Card,complete
T0317,2022-09-19,C4635,Smartphone,-1.0,983.6168855720675,Credit Card,complete
T0318,2025-02-30,C1946,Smartphone,307.0,,Credit Card,completed
T0319,2020-01-14,C3479,Headphones,410.0,-424.9231685199768,PayPal ,completed
T0320,2025-02-30,C2275,Headphones,,-952.9461344756184,Cash,Pending
T0321,,C694,Laptop,3.0,167.71752532297347,Cash,Completed
T0322,2025-02-30,C334,Headphones,615.0,,PayPal ,complete
T0323,2024-11-02,C2361,Headphones,2.0,,Credit Card,Pending
T22566,,C530,Smartphone,365.0,$103.82,PayPal,complete
T0325,2023-13-01,C434,Smartphone,-5.0,-843.3451132515992,pay pal,
T0326,2025-02-30,C4321,Laptop,2.0,488.3079456112222,PayPal,complete
T0327,2023-13-01,C3474,Tablet,-9.0,501.0959461135751,Credit Card,
T0328,2024-10-09,C1878,Headphones,989.0,-448.0931012413039,Cash,complete
T0329,2023-13-01,C3235,Headphones,,-241.30005966172325,creditcard,Pending
T0330,2025-02-30,C4439,Coffee Machine,8.0,-219.5511312032752,pay pal,Failed
T0331,2025-02-30,C2872,Tablet,184.0,,PayPal ,Failed
T0332,,C4331,Laptop,-3.0,,creditcard,Completed
T0333,2023-12-29,C2256,Laptop,584.0,-760.8401091670196,Credit Card,
T0334,2023-13-01,C441,Headphones,-10.0,-316.50172422865796,Cash,
T0335,2025-02-30,C4468,Headphones,10.0,747.5720153457081,Credit Card,complete
T0336,2023-13-01,C2458,Coffee Machine,10.0,,PayPal,completed
T0337,2023-03-02,C4233,Tablet,118.0,-959.1751724156724,Cash,Completed
T0338,2023-04-10,C4411,Coffee Machine,-10.0,-990.5678038370074,Cash,Pending
T0339,2021-08-03,C3229,Coffee Machine,-1.0,-369.1381893846831,Cash,completed
T0340,2025-02-30,C1143,Headphones,-10.0,291.502551674003,credit card,complete
T0341,2023-13-01,C2312,Hea,1.0,894.1726126748041,PayPal,Failed
T0342,2023-13-01,C910,Smartphone,583.0,$479.43,Cash,Failed
T0343,,C1523,Lapto,3.0,,creditcard,Pending
T0344,2023-13-01,C3624,Coffee Machine,239.0,940.4951071672185,PayPal,
T0345,2023-13-01,C3682,Cof,-2.0,,Credit Card,Pending
T0346,2023-08-14,C3763,Headphones,,$-842.95,Credit Card,
T0347,2025-02-30,C3956,Smartphone,942.0,251.22913099225,PayPal ,Pending
T0348,2023-12-19,C967,Smartphone,,458.30857807803295,pay pal,Completed
T0349,2025-02-30,,Coffee Machine,-2.0,$-419.71,Credit Card,completed
T0350,2023-13-01,C708,Laptop,7.0,,credit card,completed
T0351,2021-09-03,C3070,Smartphone,-3.0,,creditcard,
T0352,2022-10-16,C2080,Table,-2.0,822.9978026249265,Cash,completed
T0353,2023-13-01,C048,Laptop,761.0,193.23348897852594,credit card,Completed
T0354,2023-13-01,C1701,Smartphone,1.0,,Cash,completed
T0355,2021-04-26,C1559,Tablet,5.0,-742.8986999123656,PayPal ,Failed
T0356,2023-13-01,C925,Tablet,-7.0,-586.2555319763374,pay pal,completed
T0357,,C2689,Headphones,,,creditcard,
T0358,2022-01-26,C215,Headphones,481.0,505.1016560358623,Cash,complete
T0359,2022-11-29,C3357,Headphones,726.0,-243.71280693140818,PayPal ,Pending
T66876,2023-13-01,C4712,Headphones,-5.0,776.5305169596752,PayPal ,
T0361,2025-02-30,C1884,Tablet,3.0,,credit card,complete
T0362,2025-02-30,C205,Coffee Machine,,681.0860098328172,pay pal,Failed
T0363,2025-02-30,C3517,Tablet,485.0,,credit card,
T0364,2023-13-01,C2560,Smartphone,-9.0,-678.48250687209,Cash,completed
T0365,2025-02-30,C2424,Tablet,-10.0,-532.0998335433239,PayPal,Pending
T0366,2023-13-01,C162,Headphones,2.0,,PayPal ,Completed
T0367,2023-13-01,C1138,Laptop,571.0,,PayPal,Completed
T0368,2023-13-01,C4370,Tabl,830.0,$-670.97,pay pal,
T0369,2025-02-30,C2751,Coffee Machine,-8.0,-703.2149971820895,Cash,Failed
T0370,2021-09-21,C2351,Headphones,5.0,,creditcard,complete
T0371,,C3388,Smartphone,6.0,451.68590293879265,PayPal,Failed
T0372,2025-02-30,C1373,Laptop,-1.0,450.56055133612153,creditcard,Pending
T0373,2020-02-07,C1963,Coffee Machine,7.0,$-505.84,Credit Card,Pending
T0374,2023-10-23,C1322,Smartphone,,,Credit Card,complete
T0375,,C3066,Laptop,5.0,466.3713116434622,Cash,Completed
T0376,2025-02-30,C4647,Headphones,383.0,-177.4513240609839,credit card,Pending
T0377,2025-02-30,C3781,Smartphone,858.0,83.35807128769305,PayPal ,Pending
T0378,2023-13-01,C1333,Tablet,513.0,-653.180363631543,pay pal,complete
T0379,2025-02-30,C4606,Smartphone,-6.0,648.8978229125952,credit card,Failed
T0380,2023-13-01,C2109,Tablet,8.0,,Cash,Pending
T0381,2023-13-01,C3844,Coffee Machine,8.0,660.9377166513134,Cash,Failed
T0382,2025-02-30,,Smartphone,635.0,-360.7298474210065,Cash,
T0383,2020-09-18,C218,Tablet,-3.0,111.88623908989376,PayPal ,Completed
T0384,2025-02-30,C4847,Headphones,-8.0,,Cash,complete
T0385,2020-02-06,C1925,Headphones,171.0,-355.31375075825906,PayPal,
T0386,2023-04-13,C3257,Smartphone,-10.0,-587.7645737338092,PayPal ,complete
T0387,2023-13-01,C2676,Laptop,317.0,522.2548427811477,creditcard,Pending
T0388,2023-13-01,C2768,Tablet,135.0,,creditcard,Completed
T0389,2025-02-30,C4028,Tablet,,716.6731941383732,pay pal,Failed
T0390,2025-02-30,C1247,Headphones,-5.0,-100.57715998417416,credit card,complete
T0391,2021-07-09,C343,Laptop,9.0,,Cash,
T0392,2025-02-30,C4055,Coffee Machine,656.0,,pay pal,Completed
T0393,2023-13-01,C1948,Headphon,953.0,-477.48093812221373,Cash,completed
T0394,2023-09-19,C2968,Tablet,266.0,444.14613838523064,PayPal,
T0395,2020-03-13,C4592,Laptop,223.0,,Cash,Completed
,2025-02-30,C4267,Tablet,-9.0,-897.0577631812591,Credit Card,Pending
T0397,2021-08-30,,Smartphone,-3.0,133.16475959035165,PayPal ,Completed
T0398,2025-02-30,C1737,Tablet,9.0,$911.54,Cash,completed
T0399,2025-02-30,,Lapt,,931.5165294257739,Cash,completed
,2023-13-01,C3132,Laptop,-9.0,$-299.14,creditcard,completed
,2023-13-01,C2990,Smartphone,-8.0,740.3714403453201,pay pal,
,2023-13-01,,Smartphone,1.0,,Cash,
T0403,2021-12-08,C3011,Headphones,6.0,,Cash,Pending
T0404,2023-13-01,C1601,Tablet,528.0,61.275805314504524,PayPal,Pending
T0405,2023-13-01,C2105,Coffee Machine,779.0,,credit card,
T0406,,C2117,Coffee Machine,340.0,641.6205491180871,credit card,completed
T0407,2025-02-30,C2883,Laptop,-5.0,801.1475534095612,credit card,completed
T0408,2022-03-08,C2342,Smar,199.0,,credit card,Completed
T0409,2025-02-30,C3422,Coffee Machine,-10.0,53.475289590843246,pay pal,
T0410,2020-12-24,C3413,Coffee Ma,253.0,,PayPal ,completed
T0411,2021-08-20,C842,Laptop,2.0,-398.5156160262819,credit card,
T0412,2023-13-01,C1603,Smartphone,-3.0,,PayPal,complete
T0413,2023-13-01,C946,Laptop,582.0,843.01540077699,PayPal ,
T0414,2023-13-01,C424,Laptop,4.0,-649.5781792142229,Credit Card,
T0415,2023-13-01,C3427,Headphones,249.0,-850.2654039411516,creditcard,Pending
T0416,2023-13-01,C3152,Smartphone,511.0,,Cash,complete
T0417,2025-02-30,C3776,Coffee Machine,-9.0,424.74882540717056,PayPal,
T0418,2025-02-30,C426,Coffee Machine,6.0,801.3367406537001,Credit Card,Pending
,2025-02-30,C4683,Coffee Machine,4.0,330.6544035348727,PayPal ,Failed
,2025-02-30,C122,Laptop,637.0,$542.43,pay pal,
T0421,2023-07-21,C4963,Headphones,-4.0,,Cash,Pending
T0422,2023-13-01,C432,Smartphone,-4.0,,Credit Card,
T0423,2021-12-20,C898,Headphones,-4.0,-552.0757026363176,creditcard,Pending
T0424,2025-02-30,C2158,Coffee Machine,,643.5683633227007,credit card,Completed
T0425,2023-13-01,C559,Coffee Machine,549.0,-976.64562784633,PayPal,completed
T0426,2024-07-25,C1385,Tablet,,,PayPal,complete
T0427,2025-02-30,C2158,Headphones,-9.0,531.1146888925102,Credit Card,
T0428,2023-13-01,C2950,Smartphone,331.0,-269.66649288371923,Cash,Failed
T0429,2023-13-01,C3847,Tablet,6.0,-298.413361872015,credit card,Failed
T0430,2025-02-30,C2109,Coffee Machine,10.0,-636.790391401823,PayPal,Failed
T0431,2024-01-10,C1515,Tablet,701.0,-877.2554479693767,Credit Card,Pending
T0432,2025-02-30,C1006,Headphon,675.0,-760.498201966399,credit card,
T0433,2025-02-30,C052,Laptop,-5.0,,creditcard,Failed
T0434,2021-09-14,C4958,Tablet,-4.0,-830.7487608215996,creditcard,complete
T0435,2025-02-30,C2659,Smart,-10.0,,PayPal ,Pending
T0436,2022-08-24,C573,Headphones,583.0,,pay pal,Failed
T0437,2023-13-01,C4213,Tablet,269.0,71.9695399611066,Credit Card,completed
T0438,2025-02-30,C1459,Laptop,1.0,,PayPal ,completed
T0439,2023-13-01,C3755,Smartphone,582.0,-589.0071942033617,creditcard,complete
T0440,2023-13-01,C1620,L,-9.0,,PayPal ,Completed
T0441,2021-04-28,C1822,Laptop,598.0,175.65593211106244,Credit Card,
T0442,2025-02-30,C985,Tablet,726.0,-162.39238734356582,PayPal,Failed
T0443,2022-09-20,C1659,Coffee Machine,3.0,-158.6013602889866,Cash,completed
T0444,2025-02-30,,Co,476.0,-500.1808560320922,pay pal,Failed
T0445,2023-13-01,C2279,Tablet,9.0,-924.4329532587977,Cash,Pending
T0446,2023-13-01,C2425,Laptop,197.0,449.39678034167804,PayPal ,Failed
T0447,2025-02-30,C1546,Tablet,-3.0,,creditcard,Completed
T0448,2024-01-12,C4227,Headphone,1.0,-828.7889066621897,Credit Card,
T0449,2024-04-18,C1428,Headphones,908.0,-664.3672272948074,credit card,Pending
T0450,2025-02-30,C3201,Smartphone,,192.2978026960645,Credit Card,completed
T0451,2025-02-30,,Coffee Ma,-6.0,-797.0212592571157,credit card,Completed
T0452,2023-13-01,C1047,Coffee Machine,5.0,$55.56,credit card,complete
T0453,2025-02-30,C3641,Headphones,1.0,960.582594597936,PayPal,Failed
T0454,2023-13-01,C2570,Tablet,2.0,,Credit Card,completed
T0455,2023-13-01,C799,Smartphone,-2.0,,Credit Card,completed
,2023-13-01,,Coffee Machine,2.0,-119.77607963965522,credit card,Completed
T0457,2025-02-30,C038,Headphones,153.0,,creditcard,Failed
T0458,2020-06-02,C1744,Laptop,8.0,,Cash,complete
T0459,2023-13-01,C1485,Smartphone,-4.0,-620.435788898488,creditcard,
T0460,2023-13-01,C3169,Coffee Mac,10.0,-272.7625764048173,pay pal,Failed
T0461,2025-02-30,C3123,Smartphone,-6.0,,creditcard,Pending
T0462,2025-02-30,C762,Headphones,4.0,219.88642645668548,Credit Card,Failed
T0463,2025-02-30,C4563,Tablet,820.0,,Credit Card,completed
T0464,2021-06-07,C1343,Headphones,3.0,644.4471848103135,creditcard,
T0465,2023-13-01,C4371,Laptop,-8.0,443.1140644611566,PayPal ,complete
T0466,2023-07-27,C2554,Headphones,-9.0,-641.4939137873032,pay pal,
T0467,,C3748,Coffee Machine,9.0,,PayPal ,complete
T0468,2022-04-02,C2171,Coffee Machine,-4.0,632.6464123180596,PayPal,completed
T0469,2025-02-30,C794,Smartphone,,$-387.44,PayPal,completed
T0470,2023-13-01,C4133,Headphones,488.0,,PayPal,Failed
T0471,2023-13-01,C3246,Smartphone,8.0,,credit card,complete
T0472,2023-13-01,C2034,Laptop,,,PayPal,completed
T0473,2025-02-30,C3037,Headphones,-3.0,622.9905766630256,Cash,complete
T0474,2025-02-30,C1854,Coffee Machine,-3.0,825.18439689704,PayPal,Pending
T0475,2020-08-27,C3914,Tablet,3.0,73.30939822921115,pay pal,completed
T0476,2023-13-01,C1790,Coffee Machine,-7.0,$351.29,pay pal,
T0477,2025-02-30,C3347,Headphones,-2.0,,Credit Card,complete
T0478,2024-06-26,C4896,Headphones,178.0,124.31215620910118,Cash,completed
T0479,2025-02-30,C1634,Coffee ,5.0,$392.56,credit card,Completed
T0480,2025-02-30,C1831,Laptop,129.0,-643.3029038240666,Credit Card,
T0481,2025-02-30,,Smartphone,-6.0,848.3404312394173,PayPal,Pending
T0482,2023-13-01,C708,Laptop,374.0,-971.0934492875199,creditcard,Pending
T0483,2023-13-01,C2222,Coffee Ma,-8.0,-604.3304851548276,pay pal,Completed
T0484,2021-03-21,,Smartphone,-2.0,214.5356707049862,PayPal ,Completed
T0485,2023-13-01,C4043,Coffee Machine,331.0,117.10751500622221,pay pal,Failed
T0486,2021-01-01,C1245,Laptop,-3.0,954.2825882761236,Cash,Completed
T0487,2025-02-30,C4321,Smartphone,-5.0,,creditcard,Completed
T0488,2023-13-01,C4096,Tablet,7.0,256.39034415473157,PayPal,Pending
T0489,2021-04-02,C1507,Smar,567.0,-534.7524182087768,PayPal ,complete
T0490,,C1917,Headphones,-7.0,,credit card,
T0491,2023-13-01,C4199,Headphones,-4.0,360.0771475887186,PayPal,
T0492,2023-13-01,C3936,Sm,6.0,814.0170810435875,PayPal,completed
T0493,2025-02-30,C1760,Headphones,-9.0,-687.9062038007353,Cash,Pending
T0494,2025-02-30,,Laptop,733.0,,Credit Card,
T0495,2025-02-30,C3530,Laptop,929.0,,Cash,Pending
T0496,,,Headphones,-3.0,-757.1876543331384,pay pal,Completed
T0497,2020-02-24,C3523,Headphones,-3.0,-985.7498369236312,pay pal,
T0498,2023-13-01,C4250,Coffee,-10.0,-481.42526393363846,pay pal,completed
T0499,2025-02-30,C613,Tablet,-4.0,296.6753328030103,pay pal,Pending
T0500,2020-01-23,C1891,Smartphone,-5.0,,PayPal ,Failed
T0501,2023-13-01,C2874,Headphones,8.0,621.6145586982357,credit card,
T0502,2023-13-01,C3334,Headphones,,-693.0533658599593,Credit Card,Pending
T0503,2023-13-01,C4352,Tablet,-6.0,,PayPal,complete
T0504,2023-13-01,,Coffee Machine,,$-254.51,pay pal,Failed
T0505,2023-13-01,C1114,Laptop,702.0,,credit card,Pending
T0506,2020-12-26,,Smartphone,10.0,,PayPal ,Pending
T0507,,C4591,Laptop,5.0,-911.0287224738114,PayPal ,Pending
T0508,2021-04-27,C4416,Headphones,578.0,,credit card,Completed
T0509,2025-02-30,C1117,Smartphone,119.0,-575.3448610207204,creditcard,
T0510,2023-13-01,C2362,Tablet,,-461.49765275592745,credit card,complete
T0511,2025-02-30,C4419,Coffee Machine,,,credit card,complete
T0512,2025-02-30,C2148,Headphones,-3.0,,Cash,Failed
T0513,2025-02-30,C919,Coffee Machine,-10.0,382.4013881881616,Cash,complete
T0514,2023-13-01,C2850,Headphones,-8.0,,PayPal,
T0515,2023-13-01,C4635,Headphones,-10.0,551.91392404517,Cash,Pending
T0516,2025-02-30,C2937,Tablet,862.0,683.5606988280864,PayPal,completed
T0517,,C2709,Coffee Machine,152.0,192.4944027694398,Credit Card,complete
,2025-02-30,C3217,Laptop,7.0,131.302071772126,Credit Card,completed
T0519,2023-06-11,,Laptop,3.0,571.8031008758705,PayPal,
T0520,2023-13-01,C3992,Headphones,542.0,341.7531512307667,Cash,complete
T0521,2020-01-09,C745,Coffee Machine,-10.0,-145.8264235816955,pay pal,
T0522,2025-02-30,C274,Headphones,421.0,,credit card,Pending
T0523,2022-09-08,C063,Coffee Machine,-4.0,298.16416488561003,Cash,Pending
T0524,2021-04-09,C2023,Headphones,849.0,-500.00036053446763,PayPal ,completed
T0525,2024-09-09,C2309,Smartphone,,-104.35615706425233,PayPal ,Failed
T0526,2024-12-11,C3889,Coffee Machine,3.0,901.3926593845381,PayPal,Failed
T0527,2020-06-11,C4693,Headphones,-7.0,-111.37130045670392,Cash,Failed
,2023-13-01,C2008,Laptop,277.0,$-453.09,pay pal,completed
T0529,2023-13-01,C965,Laptop,9.0,-914.2270861900128,Cash,complete
T0530,2023-13-01,C2610,Headphones,10.0,-869.6833338939041,Cash,Completed
T0531,2022-04-18,C090,Headphones,-8.0,,credit card,Completed
T0532,2024-06-21,C979,Smartphone,8.0,163.11752758515232,PayPal ,
T0533,2025-02-30,C4345,Smartphone,-6.0,463.80597002079446,creditcard,
T0534,2023-04-18,C2446,Smartph,451.0,$318.05,PayPal,Failed
T0535,2025-02-30,C1538,Coffee Machine,770.0,-419.13258121202466,pay pal,Pending
T0536,2023-12-26,C193,Headphones,661.0,496.0210703338801,PayPal ,
T0537,2023-13-01,C1270,Headphones,1.0,$997.81,Credit Card,complete
T0538,2023-13-01,C2799,Coffee Machine,-6.0,,Credit Card,Completed
T0539,2023-13-01,C4347,Headphones,-7.0,,PayPal ,completed
T0540,2025-02-30,C3488,Laptop,869.0,-598.3514835783878,PayPal,Failed
T0541,2023-13-01,C3293,T,-1.0,,Credit Card,Pending
T0542,2022-11-09,C2130,Laptop,-6.0,500.01377815533345,Credit Card,Failed
T0543,2020-03-13,C3429,Headphones,-7.0,100.19382824248319,creditcard,Failed
T0544,2025-02-30,C4373,Smartphone,2.0,-51.99225649335324,PayPal,complete
T0545,2023-13-01,C2184,Smart,563.0,-179.34045677399058,Cash,Pending
T0546,2023-13-01,C3269,Lapto,574.0,87.37963219757916,credit card,complete
T0547,2023-13-01,C1632,Headphones,1.0,-265.0682270216897,Cash,complete
T0548,2025-02-30,C3568,Tablet,7.0,421.9975180805401,Cash,Failed
T0549,2025-02-30,C2452,Smartphone,10.0,$-165.35,creditcard,
T0550,2025-02-30,,Tablet,-10.0,$-233.02,creditcard,Completed
T0551,2024-10-20,C1351,Coffee Machine,7.0,677.8996430726346,PayPal ,Completed
T0552,2025-02-30,C4861,Headphones,10.0,,creditcard,Pending
T0553,2025-02-30,C4337,Headphones,,,Cash,completed
T0554,2023-13-01,C1454,Laptop,9.0,,pay pal,Failed
T0555,2025-02-30,C168,Coffee Machine,721.0,-191.36629420510758,creditcard,
T0556,2023-13-01,C419,Coffee Machine,9.0,,PayPal ,complete
T0557,2023-13-01,,Smartphone,9.0,-879.2253811555254,creditcard,Pending
T0558,2023-13-01,C3593,Laptop,-7.0,,pay pal,
T0559,,C3570,Smartphone,950.0,,PayPal,Pending
T0560,,C3672,Headph,887.0,176.89226788389487,PayPal ,Completed
T0561,2025-02-30,C1014,Smartphone,815.0,178.71146926759099,PayPal,Failed
T0562,2025-02-30,C4611,Tablet,635.0,-463.67348368652245,PayPal,
T0563,2025-02-30,C4369,Tablet,852.0,369.22207570570777,Cash,Pending
T0564,2025-02-30,C1719,Headphones,-5.0,,Cash,
T0565,2023-11-25,C577,Headphones,777.0,740.8441366976862,PayPal ,Failed
,2025-02-30,C4995,Tablet,-6.0,-997.238013441724,Cash,completed
T0567,2023-13-01,C4385,Headphones,,$-737.26,pay pal,Failed
T0568,2025-02-30,C2090,Coffee Machine,3.0,927.9784489454663,pay pal,Completed
T0569,2024-07-24,C4392,Headphones,659.0,,PayPal,completed
T0570,2025-02-30,C4370,Coffee Machine,-5.0,,PayPal ,Pending
T0571,2023-13-01,C3260,Headphones,974.0,885.8727480396602,PayPal ,completed
T0572,2023-13-01,C2175,Smartphone,5.0,297.41366401965035,PayPal,complete
T0573,2023-13-01,C473,Tablet,-6.0,186.3896415854833,credit card,complete
T0574,2023-13-01,C672,Laptop,3.0,918.3616398946692,Credit Card,Failed
,2025-02-30,C4483,Laptop,-9.0,,PayPal,
T0576,2020-10-21,C3653,Laptop,487.0,-462.55884935511506,Cash,Failed
T0577,,,Smartphone,-1.0,306.7980176301561,Credit Card,completed
T0578,2025-02-30,C1265,Coffee Machine,-10.0,650.2559059410329,PayPal,complete
T0579,2020-10-11,C4392,Coffee Machine,7.0,,Cash,Completed
T0580,2025-02-30,C747,Smartphone,-3.0,-583.8431583904212,PayPal,completed
T0581,2023-12-21,C4091,S,3.0,,Credit Card,completed
T0582,2023-13-01,C1054,Coffee Machine,-5.0,-615.6109831631353,credit card,Failed
T0583,2025-02-30,C3821,Tablet,958.0,-923.2324537269357,Credit Card,Failed
T0584,2023-13-01,C4696,Coffee Mach,-1.0,,Credit Card,Pending
T0585,2025-02-30,C4317,Laptop,306.0,,PayPal,completed
T0586,2023-13-01,C213,Smartphone,-10.0,,Cash,complete
T0587,2020-03-21,C4690,Headphones,5.0,-758.22221988884,Credit Card,Failed
T0588,2020-11-03,C584,Tablet,3.0,-980.8473934909644,credit card,Completed
T0589,,C307,Smartphone,7.0,-633.4452513949781,pay pal,
T0590,2021-07-17,C3832,Smartphone,9.0,,credit card,Failed
T0591,2023-13-01,C1385,Laptop,279.0,,pay pal,completed
,2023-13-01,C4525,Tablet,7.0,558.9585575386086,PayPal ,Pending
T0593,2023-13-01,C1265,Tablet,694.0,418.9621794235145,PayPal,
T0594,2025-02-30,C2206,Tablet,-7.0,$853.75,Credit Card,Completed
T0595,2024-07-25,C913,Headphones,-10.0,,creditcard,complete
T0596,2020-05-25,C4981,Smartphone,980.0,930.0379818138474,creditcard,Failed
T0597,2023-13-01,C2006,Coffee,332.0,,creditcard,Failed
T0598,2025-02-30,C3212,Smartphone,-9.0,-282.22323251199384,credit card,Pending
,2025-02-30,C1016,Headphones,-10.0,,Credit Card,completed
T0600,2025-02-30,C3303,Tablet,744.0,,credit card,Completed
T0601,2020-07-24,C4698,Tablet,3.0,-436.73177969707297,Cash,
T0602,2025-02-30,C2130,Smartphone,-3.0,,pay pal,Pending
,2022-10-17,C4083,Smartphone,-5.0,,PayPal,Failed
T0604,2023-13-01,C3635,Tablet,-2.0,958.7695479598243,creditcard,Pending
T0605,2020-12-02,C4548,Tablet,1.0,,Cash,Failed
T0606,2025-02-30,C1394,Coffee Machine,3.0,,Cash,Completed
T0607,2025-02-30,C2992,Headphones,,725.0255412439234,creditcard,Completed
T0608,2023-13-01,C1157,Coffee Machine,-7.0,,PayPal,Pending
T0609,2023-13-01,C3993,Tablet,675.0,791.4935391726455,Cash,Failed
T0610,2023-13-01,C4186,Smartphon,5.0,-776.506749314819,PayPal,complete
T0611,2023-13-01,C1971,Headphones,582.0,,credit card,Failed
T0612,2024-01-21,C4847,Laptop,5.0,,pay pal,complete
T0613,2020-01-23,C2647,Smartphone,-6.0,,PayPal,complete
T0614,2023-13-01,C2261,Tablet,159.0,776.7898585033863,Credit Card,Pending
T0615,2025-02-30,C650,Smartphone,3.0,-942.1426892592054,credit card,Failed
,2020-06-14,C2567,Tablet,-5.0,435.6303265920755,Cash,Pending
T0617,2025-02-30,C661,Tablet,378.0,-674.124059692674,Credit Card,complete
T0618,2023-13-01,C1037,Coffee Machine,10.0,351.91704631478495,PayPal ,
T0619,2025-02-30,,Coffee Machine,6.0,-640.1777076633322,PayPal,Completed
T0620,2023-13-01,C3420,Laptop,-7.0,,Credit Card,
T0621,2022-11-11,C3537,Headphones,313.0,221.09920794550158,Cash,
T0622,2023-06-24,C4001,Laptop,6.0,,PayPal ,complete
T0623,2023-13-01,C3513,Coffee Ma,-10.0,-70.68629569665404,PayPal,complete
T0624,2025-02-30,C1362,Laptop,6.0,-876.5311976224629,pay pal,Completed
,2025-02-30,C1442,Headphones,,,pay pal,completed
T0626,2023-13-01,C359,Tablet,-7.0,-724.3133952287551,credit card,
T0627,,C1671,Headphones,662.0,-60.584699395973644,creditcard,Pending
T0628,2021-11-08,C3224,Tablet,-4.0,-967.3999133955474,Credit Card,complete
T0629,,C3711,Headphones,10.0,-56.32921990173236,PayPal,complete
T0630,2025-02-30,C530,Laptop,6.0,-220.00658194325706,PayPal ,Completed
T0631,2023-13-01,C2746,Headphones,586.0,-369.338261227806,Cash,Completed
T0632,2020-04-13,C1982,Headphones,638.0,362.28591057798576,Credit Card,Failed
T0633,2025-02-30,C2926,Laptop,407.0,-833.5248762299674,Cash,completed
T0634,2025-02-30,C4719,Laptop,826.0,,credit card,Failed
T0635,2025-02-30,C2327,Coffee Machine,306.0,437.3835967523702,Cash,completed
T0636,2023-13-01,C4848,Coffee Machine,4.0,-544.2598896233958,pay pal,Failed
T0637,2023-13-01,C4796,Smartphone,911.0,-477.5192980647778,credit card,completed
T0638,2024-07-19,C3044,Tablet,4.0,464.5194808520282,PayPal,complete
,2025-02-30,C452,Laptop,8.0,254.02100155156637,PayPal,complete
T39999,2023-13-01,C3065,Tablet,872.0,,PayPal ,
T0641,2024-07-15,C2354,Laptop,-7.0,64.17348443527412,pay pal,completed
T0642,2020-11-17,C4965,Tablet,-1.0,-378.9639964747207,Credit Card,complete
T0643,2021-04-09,C4347,Laptop,-4.0,841.2991021061262,Cash,Failed
T0644,2025-02-30,C1576,Headpho,-1.0,-532.072078920741,creditcard,Completed
,2025-02-30,C4324,Coffee Machine,-10.0,,creditcard,Completed
,2023-05-26,C020,Headphones,-9.0,,Cash,Failed
T37318,2021-05-07,C2292,Laptop,6.0,-240.63500671230713,Cash,Completed
T0648,2025-02-30,C904,Laptop,240.0,,creditcard,Failed
T0649,2025-02-30,C4739,Laptop,1.0,,PayPal,complete
T0650,2025-02-30,C3596,Headphones,-10.0,-196.92918088133922,PayPal,Completed
T0651,2023-13-01,C4638,La,8.0,-838.8247156583494,PayPal ,complete
,2025-02-30,C1585,Smartphone,3.0,,credit card,completed
T0653,2025-02-30,C1919,T,312.0,-156.83763675552746,Credit Card,Pending
T0654,2023-13-01,C1774,Smartphone,-10.0,945.3217211570721,Credit Card,Failed
T0655,2023-13-01,C496,Smartphone,5.0,772.6972837674289,PayPal ,Completed
T0656,2025-02-30,C1574,Headphones,443.0,-200.60163772521605,pay pal,complete
T0657,2023-13-01,C3153,Coffee Machine,123.0,,PayPal ,
T0658,2023-13-01,C3333,Laptop,212.0,-928.8649864563275,PayPal,completed
,2025-02-30,C2189,Coffee Machine,-8.0,-753.1315809608863,credit card,
T0660,2025-02-30,,Tablet,897.0,-900.0194884049562,credit card,Pending
T0661,2023-07-22,C3292,Coffee Machine,354.0,,creditcard,Pending
T0662,2025-02-30,C4732,Laptop,-7.0,-148.37565435599413,creditcard,Failed
T0663,2023-13-01,C4172,Coffee Machine,832.0,,Credit Card,
T0664,2021-07-12,C124,Smartphone,-4.0,67.85859307003622,Cash,
T0665,2023-13-01,C4901,Tablet,-2.0,366.2791748254864,PayPal,Pending
T0666,,C561,Laptop,-3.0,,Credit Card,Completed
T0667,2025-02-30,C195,Laptop,381.0,-986.3650313130406,credit card,Pending
T0668,2023-13-01,C4075,Headphones,435.0,-496.21057964253794,PayPal,Completed
T0669,2023-13-01,C3559,Coffee Machine,2.0,$-396.06,Credit Card,Failed
T0670,2020-03-10,C2551,Laptop,-5.0,889.4273239276191,Credit Card,
T0671,2023-13-01,C653,Smartphone,-9.0,769.3239187811643,pay pal,Failed
T0672,2025-02-30,C4800,Headphones,4.0,913.1445451111338,credit card,complete
T0673,2025-02-30,C3660,Coffee Machine,480.0,334.84533655752267,credit card,Failed
T0674,2023-13-01,C1771,Smartphone,213.0,,Credit Card,completed
T0675,2021-07-28,C2617,Laptop,2.0,235.73045326513756,credit card,completed
T0676,2025-02-30,C3656,Laptop,288.0,-58.30095257789969,pay pal,Pending
T18030,2024-09-28,C018,Laptop,995.0,,creditcard,
T0678,2025-02-30,C3766,Laptop,467.0,749.701297037416,creditcard,complete
T0679,2022-06-07,C1139,Laptop,465.0,-658.4590633919295,PayPal,completed
T0680,2023-13-01,C2628,Coffee Machine,868.0,,pay pal,Failed
T0681,2023-13-01,C4967,Smartphone,435.0,474.12852669000887,credit card,Failed
T0682,2020-09-27,C3166,Headphones,728.0,-276.47323416167,Cash,
T0683,2025-02-30,C4261,Laptop,-4.0,-951.1785418340777,Credit Card,Completed
T0684,2025-02-30,C522,Smartphone,-5.0,201.54091207556462,credit card,
T0685,2025-02-30,C643,Smartphone,800.0,468.68824682883155,PayPal ,complete
T0686,2025-02-30,C4087,Coffee Machine,8.0,$-265.11,Credit Card,Pending
T0687,2023-13-01,C1454,Coffee Machine,-6.0,-578.7559861608981,pay pal,complete
T0688,2021-12-21,C2605,Headphones,-10.0,164.9825050253434,creditcard,Failed
T0689,2021-05-16,C2384,Coffee Machine,-9.0,-382.75398868940135,Cash,Failed
T0690,2023-13-01,C4765,Headphones,-6.0,,PayPal ,completed
T0691,2021-10-08,C1483,Headphones,-5.0,-900.7538505528112,Cash,Completed
T0692,2025-02-30,C1293,Laptop,,284.72728249293664,PayPal,completed
T0693,2025-02-30,C3795,Headphones,3.0,-324.7048291483617,Credit Card,Completed
T0694,2024-11-22,C3375,Smartphone,3.0,,Cash,Failed
T0695,2023-03-10,C028,Headphones,6.0,-316.1837590334354,pay pal,Pending
T0696,2025-02-30,C4540,Headph,,,PayPal ,Failed
T0697,2025-02-30,,Headphones,8.0,126.30968843317835,Credit Card,complete
T0698,2022-01-23,C1771,Tablet,169.0,320.65371324440616,credit card,complete
T0699,2023-13-01,C427,Coffee Machine,8.0,-485.3352233556136,PayPal ,complete
T0700,2025-02-30,C2013,Laptop,725.0,56.15970120808488,PayPal,Pending
T0701,2022-12-04,C1296,Headphones,-5.0,200.84135163300834,PayPal,complete
T0702,2025-02-30,C2393,Headphones,-8.0,-448.1919952715741,PayPal ,completed
T0703,2023-13-01,C2592,Coffee Machine,-3.0,-908.8570200107803,creditcard,Failed
T0704,2023-13-01,C2161,Headphones,-10.0,73.96594131102687,pay pal,Failed
,2023-13-01,C703,Tablet,927.0,,creditcard,Pending
T0706,2025-02-30,C679,Headphones,-10.0,,creditcard,completed
T0707,2023-13-01,C2987,Laptop,5.0,,Credit Card,completed
T0708,2023-10-10,C919,Tablet,163.0,119.55153877012434,Cash,completed
T0709,2025-02-30,C3375,Smartphone,4.0,634.7480109317191,Cash,Completed
T0710,2025-02-30,C188,Smartphone,-1.0,786.971172945148,pay pal,Completed
T0711,2023-13-01,C3617,Laptop,714.0,-712.0289263448689,creditcard,completed
T0712,2023-13-01,C3751,Smartphone,-4.0,-528.4926129244899,credit card,Failed
T0713,2022-01-20,C675,Hea,8.0,$808.57,PayPal ,complete
T0714,2023-13-01,C1398,Coffee Machine,5.0,,Cash,Completed
T0715,2025-02-30,C2122,Smartphone,816.0,,pay pal,complete
T0716,2023-13-01,C1574,Laptop,,85.54744770129005,Credit Card,Failed
T0717,2025-02-30,C3910,Tablet,-9.0,-547.6400174312912,credit card,completed
T0718,2023-13-01,C385,Smartphone,346.0,253.77148427045546,Credit Card,
T0719,2025-02-30,C1497,Tablet,602.0,$438.71,credit card,Failed
,,C1265,Coffee Machine,350.0,,pay pal,completed
T0721,2023-10-14,C1241,Tablet,-10.0,,PayPal,Completed
T0722,2025-02-30,,Headphones,830.0,-414.6151829031602,pay pal,Completed
T0723,2025-02-30,C3145,Coffee Machine,7.0,-909.5246383101982,creditcard,Pending
T0724,2023-13-01,C1435,Headphones,231.0,,Cash,
T0725,2025-02-30,C4360,Tablet,513.0,,credit card,Failed
T0726,2020-10-27,,Tablet,6.0,-699.2516002628939,PayPal ,completed
T0727,2024-07-12,C396,Headph,1.0,,credit card,
T0728,2022-02-10,C718,Coffee Mach,-3.0,,PayPal,completed
T0729,2025-02-30,C1747,T,2.0,783.9391412627389,pay pal,complete
T0730,2023-05-13,C2468,Tablet,-10.0,,PayPal ,Completed
T0731,2025-02-30,C1821,Smartphone,-7.0,,credit card,Failed
T0732,2023-13-01,C391,Coffee Machine,-6.0,57.97990164910962,Cash,completed
T0733,2023-13-01,C2720,Coffee Machine,,,Cash,
T0734,2022-03-03,C3468,Tablet,803.0,-452.1328395920808,credit card,Completed
T0735,2024-12-15,C4246,Coffee Machine,8.0,-350.6419957708754,credit card,completed
T0736,2024-09-21,C791,Tablet,,-484.222173563398,credit card,Failed
T0737,2023-13-01,C2027,Smartphone,592.0,-974.7532012107623,PayPal ,completed
T0738,2020-05-13,C2824,Laptop,-4.0,348.3648163446102,pay pal,complete
T0739,,,Smartphone,4.0,$313.54,Credit Card,
T0740,2023-13-01,C2895,Headphones,502.0,-704.6079957094555,Credit Card,Completed
T0741,2023-13-01,C1609,Smartphone,-10.0,$-205.16,Cash,Failed
T0742,2025-02-30,C1854,Coffee Machine,994.0,-487.52170176846073,Cash,completed
,2023-13-01,C1030,Tablet,-6.0,501.2517064506682,Cash,Completed
T0744,2020-05-01,C219,Tablet,9.0,-50.69536203723658,Credit Card,completed
T0745,2022-02-06,C4787,L,917.0,,pay pal,Pending
T0746,2025-02-30,C594,Tablet,-1.0,-755.0781127342323,Credit Card,Pending
T0747,2020-01-22,C4819,Smartphone,6.0,580.581683468913,PayPal ,completed
T0748,2025-02-30,C1267,Tablet,3.0,,Credit Card,Failed
T0749,2023-11-03,C3051,Coffee Machine,1.0,532.7818237284533,credit card,Pending
T0750,2023-13-01,C4706,Laptop,-2.0,-152.23681432992635,PayPal,Failed
T0751,2025-02-30,C4353,Headphones,,$-450.08,Cash,Completed
T0752,2025-02-30,C486,Smartphone,2.0,,PayPal,completed
T0753,2024-03-16,C1843,Smartphone,8.0,-121.93488327330522,Cash,
T0754,2025-02-30,C2091,Headphones,5.0,625.3165992607755,PayPal ,Pending
T0755,2023-13-01,C923,Smartphone,929.0,$-57.50,pay pal,
T0756,2025-02-30,C4014,Coffee Machine,6.0,562.7142703027947,PayPal,Failed
T0757,2023-13-01,C778,Smartphone,6.0,380.2384190638252,PayPal,Pending
T0758,2023-13-01,C3175,Headphones,851.0,-975.3859420713943,Credit Card,
T0759,2023-13-01,C2095,Coffee Machine,4.0,-153.55665332068145,PayPal ,Failed
T0760,2023-13-01,C4296,Headphones,715.0,-559.3599248732233,PayPal ,Pending
T0761,2023-13-01,C2203,Laptop,,,credit card,complete
T0762,2023-13-01,C3048,Coffee Machine,292.0,259.99890836192185,Credit Card,Completed
T0763,2021-03-20,C2880,Headphones,-3.0,$626.00,Cash,completed
T0764,2025-02-30,C3968,Coffee Machine,-9.0,,PayPal ,Failed
T0765,2025-02-30,C462,Headphones,970.0,-132.80331075084246,credit card,completed
T0766,2022-09-08,,Headphones,5.0,320.4886707533001,credit card,completed
T0767,2021-03-06,C3584,Headphones,6.0,666.0085284023678,pay pal,Pending
T0768,2023-13-01,C1080,Coffee Machine,-9.0,-273.42797580016315,credit card,Completed
T0769,2025-02-30,C2289,Headphones,10.0,,PayPal ,completed
T0770,2025-02-30,C3242,Coffee Mac,5.0,$440.06,credit card,
T0771,2023-13-01,C2886,Headphones,246.0,93.48791584249048,pay pal,Pending
T0772,2023-13-01,C3176,Coffee Machine,931.0,,Cash,completed
T0773,2021-01-02,C2637,Tablet,-6.0,,creditcard,
T0774,,C066,Smartphone,4.0,,credit card,
T0775,,C3581,Laptop,5.0,-300.75566443761977,PayPal ,completed
T0776,2023-13-01,,Headphones,-3.0,,pay pal,
,2023-13-01,C2627,Tablet,1.0,-700.0762062687586,Credit Card,Failed
T0778,2021-01-15,C1794,Tablet,10.0,-365.7322554809473,Credit Card,Pending
T0779,2025-02-30,C695,Headphones,-9.0,$168.54,Credit Card,Failed
T0780,2023-01-09,C3617,Headphones,-7.0,677.8973457876896,PayPal ,Failed
T0781,2022-03-03,C3082,Tablet,,,PayPal ,Failed
T0782,2023-13-01,C4022,Coffee Machine,-2.0,,PayPal ,complete
T0783,,C4134,Headphones,258.0,,credit card,Pending
T0784,2025-02-30,C2996,Coffee Machine,-9.0,,creditcard,Failed
T0785,2025-02-30,C3193,Headphones,6.0,130.78870452195088,Credit Card,Completed
T0786,2023-13-01,C2069,Laptop,-7.0,-987.2066881032808,PayPal,
T0787,2023-13-01,C515,Smartphone,2.0,-244.02889225103365,Cash,Pending
T0788,2021-01-16,C4735,Tablet,831.0,261.025395989305,Cash,Failed
T0789,2025-02-30,C4968,Laptop,628.0,520.994215553818,PayPal,Completed
T0790,2023-13-01,C4107,Coffee Machine,-2.0,-665.3302937646015,Cash,completed
T0791,2023-13-01,C4709,Coffee Machine,126.0,-389.45374380243584,credit card,
T0792,2025-02-30,C3449,Coffee Machin,7.0,-986.5367792625068,Credit Card,Failed
T0793,2025-02-30,C808,Coffee Machine,10.0,732.1329932333861,PayPal,Completed
T0794,2023-13-01,C2459,Tablet,-4.0,,Cash,Pending
T0795,2025-02-30,C2947,Headphones,-8.0,,Credit Card,completed
T0796,2023-13-01,C2064,Tablet,877.0,453.1684824007999,Cash,completed
,2023-13-01,C1473,Smartphone,277.0,301.19830159923697,PayPal ,Failed
T0798,2022-02-08,C4215,Coffee Machine,-3.0,-528.7733841586569,creditcard,Failed
T0799,2023-13-01,,Headphones,215.0,-934.1269182859347,PayPal,complete
T0800,2023-13-01,C2890,Smartphone,821.0,249.82713616359797,Cash,Completed
T0801,2025-02-30,C3342,Smartphone,679.0,97.61470284252772,PayPal,Completed
T0802,2025-02-30,C440,Headphones,-8.0,680.365799047598,creditcard,completed
T0803,2025-02-30,C054,Headphones,-1.0,335.47124313283894,pay pal,Failed
T0804,2024-03-29,C2952,Smartphone,7.0,,creditcard,Pending
,2025-02-30,C146,Coffee Machine,,,pay pal,complete
T0806,2023-05-18,C4569,Coffee Machine,3.0,,PayPal ,Completed
T0807,2023-02-10,C3438,Headphones,10.0,-188.12352674114845,Cash,
T0808,2023-13-01,C148,Laptop,612.0,-515.6259441010535,Credit Card,Completed
T0809,2024-06-17,C092,Laptop,279.0,-456.2399541228617,Cash,Pending
T0810,2025-02-30,C3408,Coffee Machine,-3.0,770.4707268318724,credit card,complete
T0811,2025-02-30,C927,Coffee Machine,875.0,,PayPal ,Failed
T0812,2023-08-30,,Coffee Mach,,838.8550328462816,pay pal,Completed
T0813,2025-02-30,C4240,Laptop,742.0,-511.1305563355729,Cash,Pending
T0814,2021-12-11,C745,Headphones,,,PayPal ,Completed
T0815,2021-09-03,C2164,Tablet,407.0,-385.5678723843472,Cash,completed
T0816,2023-13-01,C824,Coffee Machine,517.0,667.2796004923833,creditcard,Pending
T0817,2023-13-01,C3621,Tablet,-3.0,-363.14360296213783,pay pal,completed
T0818,2023-13-01,C1992,Coff,5.0,,credit card,complete
T0819,2025-02-30,C1829,Tablet,-2.0,317.56993707133046,PayPal ,Failed
T0820,,C3013,Laptop,8.0,789.3936693361595,pay pal,Failed
T0821,2023-13-01,C3046,Table,-1.0,-406.34024988839496,PayPal ,Pending
T0822,2023-13-01,,Headphones,6.0,-284.7561194050436,pay pal,Failed
T0823,2023-13-01,C1408,Laptop,8.0,-358.84123153744133,pay pal,Completed
T0824,2023-13-01,C4054,Smartphone,-7.0,-116.31250276344906,PayPal ,complete
T0825,2022-06-05,C2309,Coffee Machine,,-785.0729814492072,credit card,
T0826,2023-13-01,C4227,Smartphone,10.0,$643.99,pay pal,
T0827,2022-07-16,C3020,Laptop,558.0,,Cash,Failed
T0828,2025-02-30,C1296,Sm,-8.0,$926.28,pay pal,completed
T0829,2023-13-01,,Laptop,104.0,-555.0640112102604,creditcard,Pending
T0830,2022-10-19,C4692,Coffee Machine,-5.0,552.6956150167373,Cash,
T0831,2021-09-19,C234,Tablet,711.0,,PayPal,
T0832,2025-02-30,C4137,Coffee Machine,317.0,249.67975535668057,PayPal,
T0833,2023-13-01,C540,Headphones,717.0,,credit card,complete
T0834,2023-03-18,C3015,Tablet,-2.0,637.5026061371781,Credit Card,Completed
T0835,2023-13-01,C094,Laptop,-10.0,,pay pal,Failed
,2025-02-30,C4775,Tablet,752.0,70.40770881325392,pay pal,completed
T0837,2023-13-01,C1440,Tablet,5.0,802.9111615054228,PayPal,complete
T0838,2024-05-03,C3095,Coffee Mac,-6.0,-291.6173331436819,Cash,complete
T0839,2024-02-22,C205,Smartphone,368.0,305.0921948967844,credit card,Failed
T0840,2025-02-30,C3939,Coffee Machine,808.0,853.8583451077209,PayPal,Failed
T0841,2025-02-30,C4796,Coffee Machine,1.0,-533.7163857346569,PayPal ,Completed
T0842,2020-08-24,C3805,Coffee Machine,108.0,-962.5145461164354,creditcard,complete
T0843,2023-13-01,C2956,Tablet,664.0,731.0179511767185,PayPal ,
T0844,2023-13-01,C3172,Tablet,-9.0,-425.5666883649068,PayPal ,Completed
T0845,,C1306,Laptop,-7.0,$-439.92,credit card,
T0846,2023-13-01,C2974,Coffee Machine,521.0,-923.4736970484547,credit card,Completed
T0847,2025-02-30,C2869,Laptop,-4.0,508.81580423501595,pay pal,Failed
T0848,2025-02-30,,Laptop,-7.0,,credit card,completed
T0849,2025-02-30,C3943,Laptop,7.0,773.415741029724,PayPal,complete
T0850,,C4927,Smartpho,-5.0,,PayPal,
T0851,2025-02-30,C198,Coffee Machine,645.0,-182.9851253782532,Cash,Pending
T0852,2025-02-30,C3514,Tablet,362.0,,PayPal ,complete
T0853,2023-13-01,C3259,Tab,-8.0,,PayPal,Failed
T0854,2025-02-30,C3418,Smartphone,3.0,,pay pal,Completed
T0855,2023-13-01,C1100,Tablet,8.0,,pay pal,Pending
T0856,2025-02-30,C1437,Coffee Machine,10.0,-605.2326771629589,creditcard,
T0857,2023-13-01,C2080,Tablet,3.0,,PayPal ,
T0858,2025-02-30,C159,Headphones,1.0,-853.0060137826906,PayPal ,complete
T0859,2023-13-01,C4886,Laptop,264.0,-256.30088350560754,PayPal ,Failed
T0860,2025-02-30,C4634,Tablet,584.0,,PayPal,Completed
T0861,2021-04-15,C4903,T,6.0,,PayPal ,Pending
T0862,2025-02-30,C322,Coffee Machine,487.0,,credit card,Completed
,2023-13-01,C1801,Smartphone,390.0,,PayPal ,Failed
T0864,2020-12-28,C3641,Smartphone,-10.0,-115.38015809453157,PayPal ,Pending
T0865,2023-13-01,C3627,Tablet,-4.0,-945.4407813504797,Cash,completed
T0866,,C3306,Headphon,,465.89627999587293,PayPal ,
T0867,2024-11-09,C3206,Smartphone,536.0,$-890.64,pay pal,Completed
T0868,2023-13-01,C746,Tablet,-10.0,-61.63333601664988,pay pal,Pending
T0869,2025-02-30,C3168,Coffee Machine,,-645.6122282865529,PayPal ,
T0870,2022-08-04,C1895,Tablet,558.0,,credit card,Completed
T0871,2023-13-01,C2773,Tablet,8.0,,PayPal ,completed
T0872,,C615,Smartphone,-4.0,-406.03069861889617,credit card,Failed
T0873,2025-02-30,C3092,Smartphone,-10.0,-661.1240482297214,Credit Card,
T0874,2025-02-30,C3060,Smartphone,616.0,$238.28,Credit Card,completed
T0875,2025-02-30,C118,Tabl,9.0,,PayPal,
T0876,2020-05-13,C1034,Headphones,261.0,332.3202556776406,PayPal,Completed
T0877,2023-13-01,C3251,Laptop,113.0,-514.791738999397,PayPal ,complete
T0878,2024-09-27,C4449,Tablet,5.0,948.8816063349858,PayPal,Failed
T0879,2024-12-12,C1064,Tablet,901.0,,PayPal,Failed
T0880,2023-13-01,C3094,Laptop,,,creditcard,
T0881,2025-02-30,C2656,Smartphone,5.0,-636.789749489436,PayPal ,Failed
T0882,2025-02-30,C3874,Tablet,-1.0,910.7598378933176,PayPal,Failed
T0883,2024-08-11,C4474,Smartphone,2.0,,Credit Card,Completed
T0884,2024-08-24,C2042,Headphones,2.0,,PayPal ,Completed
T0885,2025-02-30,C242,Coffee Machine,593.0,914.302218513714,credit card,Failed
T0886,2022-01-27,C4872,Tablet,1.0,-924.659632181763,PayPal ,completed
T0887,2022-02-13,C971,Tablet,447.0,-819.4299685366303,PayPal,completed
T0888,2023-13-01,C2907,Coffee Machine,6.0,$903.14,credit card,Completed
T0889,2023-07-27,C3024,Smartphone,5.0,784.021476433943,Credit Card,complete
T0890,2023-13-01,C404,Coffee Machine,,-429.98246538119133,Cash,complete
T0891,2025-02-30,C218,Tablet,207.0,,pay pal,Completed
T0892,2023-10-07,C1702,Tablet,850.0,748.8996734892544,Cash,
T0893,2020-07-19,C4227,Coffee Machine,773.0,,credit card,completed
T0894,2023-13-01,C931,Laptop,421.0,-908.1386020987441,pay pal,Pending
T0895,2023-13-01,C1643,Smartphone,439.0,,Cash,complete
T0896,2024-07-19,C2603,Tablet,177.0,,creditcard,Pending
T0897,2021-12-10,C314,Headphones,659.0,,PayPal ,Pending
T0898,2023-13-01,C3436,Headphones,2.0,$-875.92,Credit Card,Completed
,2022-06-23,C4865,Coffee Machine,622.0,427.27179360925624,PayPal,Failed
T0900,2023-12-16,C1964,Headphones,2.0,-647.8816749780428,Cash,Completed
T0901,2023-13-01,C2432,Smartphone,2.0,,creditcard,Completed
T0902,2023-13-01,C1575,Coffee Machine,6.0,-396.7787728246187,credit card,completed
T0903,2025-02-30,C2112,Tablet,397.0,,credit card,Failed
T0904,,C3984,Tablet,5.0,-594.1396930003747,PayPal ,Completed
T0905,2023-03-04,C1301,Smartphone,960.0,,Cash,Failed
T0906,2021-03-16,C2881,Laptop,-2.0,,Cash,Failed
T0907,2023-13-01,C4042,L,644.0,315.02466154553423,Credit Card,Failed
T0908,2023-13-01,C4688,Coffee Machine,2.0,$-218.70,credit card,Failed
T0909,2023-04-13,C2257,Coffee Machine,10.0,-296.39987538825415,Credit Card,Failed
T0910,2020-02-07,C2757,Headphones,-2.0,,creditcard,
T0911,2023-12-23,C4610,Headphones,4.0,-494.0526186201254,creditcard,Pending
T0912,,C4699,Smartphone,3.0,64.35293355497586,Cash,completed
,2023-13-01,C1649,Smartphone,481.0,,credit card,Pending
T0914,2025-02-30,C2012,Coffee Machine,422.0,862.2204943891859,credit card,Completed
T0915,2024-04-22,C2333,Laptop,741.0,-829.979718558152,creditcard,
T0916,2024-09-28,C4449,Co,9.0,,pay pal,completed
T0917,2023-13-01,C2007,Laptop,-8.0,-490.191015579597,PayPal,Failed
T0918,2025-02-30,C2485,Smartphone,6.0,,PayPal,completed
T0919,2024-08-05,C4978,Smartphone,7.0,115.48299928701152,PayPal,
T0920,2023-13-01,C2961,T,257.0,,Credit Card,Completed
T0921,2023-13-01,C3301,Smartphone,-6.0,,creditcard,Failed
T0922,2024-09-09,C4518,Tablet,7.0,,creditcard,complete
T0923,2020-09-22,C2065,Smartphone,5.0,838.469347414304,creditcard,Completed
T0924,2025-01-29,C127,Headphones,389.0,335.3975346648843,credit card,Completed
T0925,2022-07-15,C4359,Tablet,10.0,,PayPal,Completed
T0926,2025-02-30,C4520,Coffee Machine,305.0,715.5960579241281,PayPal ,completed
T0927,2023-13-01,,Laptop,-2.0,,PayPal,Failed
T0928,2022-11-18,C4418,Coffee Machine,-5.0,-369.7065020325148,credit card,Pending
T0929,2023-13-01,C1267,Headphones,150.0,597.8145461208142,creditcard,Failed
T0930,2020-11-14,C3596,Table,-6.0,$-806.24,creditcard,Completed
T0931,2025-02-30,,Laptop,869.0,-562.072082987238,pay pal,complete
T0932,2023-04-16,C4811,Smartphone,-1.0,,PayPal,Pending
T0933,2023-13-01,C1766,Tablet,7.0,467.93536133655743,creditcard,Pending
T0934,2025-02-30,C2481,Laptop,-7.0,428.6607225463774,creditcard,Pending
T0935,2022-04-20,C1227,Tablet,-4.0,,creditcard,Failed
T0936,2025-02-30,C998,Tablet,137.0,,Credit Card,completed
T0937,2023-05-24,C1466,Tablet,,,Credit Card,Failed
,,C3746,Smartphone,2.0,,pay pal,complete
T0939,2025-02-30,C419,Smartphone,9.0,376.98344930474155,credit card,
T0940,2025-02-30,C944,Tablet,5.0,,PayPal,Failed
T0941,2025-02-30,C4756,Headphones,1.0,$387.20,PayPal ,
T0942,2024-04-17,C4180,Laptop,602.0,,pay pal,
T0943,2025-02-30,C2005,Tablet,969.0,,Credit Card,Failed
T0944,2023-13-01,C2752,Coffee Machine,-1.0,,credit card,Completed
T0945,2021-09-24,,Smartphone,458.0,$478.60,pay pal,Completed
T0946,,C4801,Laptop,-3.0,792.2741409339023,PayPal,
T0947,2022-09-10,C2432,Headphones,270.0,,Cash,Completed
T0948,2025-02-30,C358,Laptop,-9.0,-340.49263621674277,Credit Card,Completed
,2022-11-05,C2523,Headphones,-1.0,,PayPal ,complete
T0950,2025-02-30,C2936,Smartphone,-4.0,899.2576072924272,creditcard,Failed
T0951,2023-13-01,C3184,Coffee Machine,5.0,-766.2969335697221,PayPal,Failed
T0952,2025-02-30,C4181,Tablet,-2.0,$868.31,PayPal,Failed
T0953,2025-02-30,C3083,Tablet,-7.0,,creditcard,Failed
T0954,2022-06-03,C1930,Laptop,866.0,-421.51377942432475,creditcard,Completed
T0955,2021-05-14,,Coffee Machine,1.0,,Cash,
T0956,2023-13-01,C2738,Coffee Machine,-3.0,552.66728063778,PayPal ,Pending
T0957,2023-13-01,C483,Laptop,7.0,-590.258236477086,Credit Card,completed
T0958,2023-13-01,C2436,Coffee Machine,931.0,189.87248126364415,pay pal,Pending
,2025-02-30,C1871,Tablet,-1.0,880.5451249246099,PayPal,Failed
T0960,2025-02-30,C4339,Smartphone,184.0,,pay pal,Failed
T0961,2025-02-30,C602,Tablet,6.0,$262.55,Credit Card,complete
T0962,2023-13-01,C4535,Smartphone,,,Cash,completed
T0963,2023-13-01,C3284,Head,-2.0,,pay pal,Completed
T0964,2023-13-01,C4620,Smartphone,4.0,-523.8559947189452,pay pal,Completed
T0965,2023-13-01,C2054,Laptop,831.0,-77.94102970523102,creditcard,
T0966,,C1667,Smartphone,1.0,-152.03181332829934,PayPal,Completed
T0967,2024-01-24,C4258,Tablet,10.0,,Cash,Pending
T0968,2023-13-01,C1504,Smartphone,764.0,,creditcard,
T0969,2022-07-12,C200,Smartphone,-8.0,-992.1565654449236,PayPal,complete
T0970,2023-13-01,C1450,Coffee Machine,4.0,-818.8313399257594,Credit Card,completed
T0971,2025-02-30,C4496,Lapto,-3.0,693.2587953216398,PayPal ,Pending
T0972,,C142,Headphones,-9.0,,pay pal,completed
T0973,2023-13-01,C1047,Smartphone,523.0,,credit card,
T0974,2025-02-30,C2224,Coffee Mach,6.0,,Cash,complete
T0975,2023-13-01,C160,Tablet,2.0,-186.68608316010045,pay pal,Failed
T0976,2024-09-30,C3523,Coffee Machine,-3.0,,pay pal,complete
T0977,2025-02-30,C4211,Tablet,5.0,,Credit Card,completed
T0978,2025-02-30,C335,Headphones,1.0,,pay pal,
T0979,2022-08-25,C465,Headphones,6.0,-584.1879236356881,PayPal ,Completed
T0980,2022-09-24,,Smartphone,9.0,-795.7124674386544,Credit Card,Failed
T0981,2023-13-01,C257,Smartphone,-2.0,-641.804270893225,creditcard,complete
T0982,2023-13-01,C2181,Laptop,402.0,,Cash,Completed
T0983,2023-13-01,C089,Headphones,,678.1380253443936,Credit Card,Completed
T0984,2025-02-30,C2941,Coffee Machine,850.0,-274.18409047352725,Cash,Completed
T0985,2025-02-30,C3636,Smartphone,973.0,575.5421335430333,creditcard,Pending
T0986,2025-02-30,C086,Smartphone,559.0,$77.32,PayPal,
T0987,2022-04-08,C3803,Headphones,5.0,-636.8130734404331,Cash,complete
T0988,2023-13-01,C901,Smartphone,10.0,903.3158400877785,credit card,complete
T0989,2025-02-30,C2545,Laptop,-5.0,312.512482812429,Credit Card,complete
T0990,2025-02-30,C4604,Laptop,-5.0,-395.40914235766706,PayPal ,
T0991,2023-07-07,C1614,Coffee Machine,-9.0,,creditcard,Completed
T0992,2023-13-01,C1733,Tablet,1.0,-694.4024353915818,credit card,
T0993,2020-04-18,C400,Tablet,1.0,,pay pal,Completed
T0994,2025-01-17,C2063,Smartphone,4.0,901.7674294653611,PayPal,completed
T0995,2025-02-30,C2111,Coffee Machine,-5.0,,credit card,Pending
T0996,2025-02-30,C4519,Laptop,10.0,,creditcard,completed
T0997,2024-06-24,C271,Laptop,9.0,,creditcard,completed
T0998,2025-02-30,C2150,Smartphone,-2.0,,PayPal,complete
T79106,2023-13-01,,Smartphone,905.0,,PayPal,Pending
,2021-07-05,C924,Coffee Machine,-4.0,-718.3383309047565,creditcard,Completed
T1001,2023-13-01,C2943,Smartphone,-8.0,,creditcard,
,2025-02-30,C542,Tablet,331.0,-495.8331007621559,Credit Card,completed
,2023-13-01,C4685,Headphones,2.0,,credit card,Completed
T1004,2025-02-30,C4493,Laptop,9.0,-908.4286011609026,Cash,complete
T1005,2025-02-30,C1122,Laptop,,-325.30975161010133,PayPal ,completed
T1006,2025-01-28,C4205,Coffee Machine,-9.0,679.8185351189029,creditcard,
T1007,2024-10-08,C538,Coffee Machine,697.0,,Cash,Pending
T1008,2023-13-01,C4077,Smartphone,-9.0,-292.11373269931255,creditcard,completed
T1009,2023-13-01,,Coffee Machine,-9.0,961.9454486766505,PayPal,completed
T1010,2025-02-30,C1671,Headphones,1.0,,Cash,Pending
T1011,2025-02-30,C1422,Tabl,2.0,-913.7375972651679,Credit Card,Failed
T1012,,C1254,Tablet,-5.0,,creditcard,Pending
T1013,2025-02-30,C1051,Coffee Machine,-10.0,-153.14630404066997,pay pal,complete
T1014,2024-09-11,C1914,Laptop,4.0,,Credit Card,completed
T1015,2023-13-01,C2797,Laptop,-6.0,-278.0568526852545,Credit Card,Failed
T1016,2025-02-30,C363,Headphones,-6.0,,credit card,Failed
T1017,,C1749,Coffee Machine,-9.0,-226.07984034016317,Credit Card,Completed
T1018,2023-13-01,C4474,Smartphone,-3.0,-462.6363603669413,Credit Card,Pending
T1019,2025-02-30,C540,Smartphone,-6.0,912.1997734863651,PayPal ,complete
T1020,2020-12-09,C4660,Headphones,4.0,-323.6198022221146,credit card,Failed
T1021,2025-02-30,C1126,Tablet,-6.0,,PayPal ,Failed
T1022,2025-02-30,C580,Coffee Machine,670.0,893.1822877009764,Credit Card,complete
T1023,2023-13-01,C4894,Headphones,-2.0,,Cash,
T1024,2022-01-13,C3817,Tablet,-5.0,,credit card,
T1025,2022-08-04,C3665,Tablet,6.0,-728.4135963526896,PayPal,completed
T1026,2025-02-30,C2157,Headphones,213.0,-239.04080277506057,creditcard,complete
T1027,2025-02-30,C4864,Laptop,352.0,$147.77,pay pal,Pending
T1028,2025-02-30,C1039,Coffee Machine,-8.0,,credit card,
T1029,2023-13-01,C4975,Laptop,-9.0,337.2957047754382,PayPal,Failed
T1030,2023-10-22,C3820,Smartphone,3.0,$623.32,PayPal ,Completed
T1031,2023-13-01,C603,Tablet,-10.0,951.117799349597,pay pal,completed
T1032,2025-02-30,C207,Laptop,5.0,,credit card,Completed
T1033,2025-02-30,C2374,Headphones,4.0,,creditcard,
T1034,2023-13-01,C2013,Smartphone,-5.0,-565.4153752193024,Credit Card,completed
T1035,2023-04-11,C1503,Tablet,322.0,804.0855894429212,PayPal ,Failed
T1036,2021-09-06,C1804,Tablet,-4.0,-566.0542765201602,PayPal ,complete
T1037,2025-02-30,C090,Coffee Machine,-5.0,,PayPal,Failed
T1038,2025-02-30,C916,Coffee Machine,897.0,-827.8420348394873,pay pal,Completed
T1039,2025-02-30,C2846,Smartphone,5.0,-509.52741166167283,pay pal,Completed
T1040,,C1866,Headphones,2.0,,credit card,completed
T1041,2025-02-30,C3092,Tablet,851.0,-230.17197560710974,Cash,
T1042,2023-13-01,C3093,Headphones,-5.0,$-836.37,Credit Card,completed
T1043,2025-02-30,C3140,Coffee Machine,-4.0,,Cash,Failed
T1044,2023-13-01,C507,Headphones,7.0,,Cash,Pending
T1045,2023-13-01,C3745,Tablet,9.0,-594.7137878530118,Credit Card,complete
T1046,2025-02-30,C4924,Tablet,6.0,,Credit Card,completed
T1047,2025-02-30,C4136,Tablet,276.0,,Cash,complete
T1048,2020-09-02,C3251,Headphones,-9.0,,creditcard,Pending
T1049,2025-02-30,C2036,Coffee Machine,607.0,,PayPal,Failed
T1050,2023-08-14,C3701,Tablet,886.0,206.93192829012216,creditcard,Pending
T1051,2021-05-19,C493,Coffee Machine,-4.0,,creditcard,complete
T1052,2020-05-15,C2806,Smartphone,9.0,228.1632527787011,Cash,Failed
T1053,2025-02-30,C139,Laptop,3.0,,credit card,Failed
T1054,2021-04-18,C3069,Tablet,-1.0,,Credit Card,Completed
T1055,2025-02-30,C039,Tablet,997.0,810.5034377014575,PayPal,Pending
T1056,2023-13-01,C4858,Laptop,-6.0,-406.9339032767293,pay pal,complete
T1057,,C1409,Coffee Machine,-7.0,,PayPal,
T1058,2020-10-03,C3055,Smartphone,-6.0,,Credit Card,Pending
T1059,2025-02-30,,Laptop,,532.4765019581002,PayPal ,
T1060,2023-13-01,C3039,Smartphone,3.0,262.3065864655996,PayPal ,Pending
T1061,2020-03-29,C3020,Coffee Machine,3.0,-254.2013322229559,PayPal ,completed
T1062,2023-13-01,C1768,Laptop,-7.0,-801.8853328268196,Cash,Failed
T1063,,C2051,Headp,,302.0048031007619,PayPal,Completed
T1064,2022-04-29,C4700,Laptop,-1.0,$85.23,creditcard,
T1065,,C364,Coffee Machine,-6.0,-66.32327429327631,creditcard,completed
T1066,2025-02-30,C4025,Coffee Machin,-4.0,916.2785832288063,credit card,Pending
T1067,2022-08-07,C590,Tablet,,-771.7371231682314,pay pal,
T1068,2023-13-01,C3126,Tablet,-1.0,,PayPal,Pending
T1069,2023-13-01,C3575,Tablet,725.0,,Cash,
T1070,2025-02-30,C2876,Table,-7.0,-572.4054677696672,credit card,completed
T1071,2023-13-01,C1189,Coffee Machine,-10.0,$666.58,creditcard,Completed
T1072,2023-13-01,C4163,Tabl,-9.0,,credit card,Completed
,2023-13-01,C4483,Coffee Machine,882.0,$-268.94,Cash,complete
T1074,2023-13-01,C1282,Tablet,311.0,,pay pal,Failed
T1075,2023-13-01,C4388,Smartphone,-1.0,,Cash,complete
T1076,2025-02-30,C3135,Coffee Machine,1.0,220.9179218560115,pay pal,Failed
T1077,2025-02-30,C3332,Smartphone,171.0,-302.84469368079374,PayPal ,
T1078,2020-08-16,C3250,Smartphone,4.0,-359.750208572357,Cash,Failed
T1079,2023-13-01,C3515,Laptop,-6.0,,credit card,Completed
T1080,2025-02-30,C2154,Smartphone,-10.0,134.60663301200486,credit card,complete
T1081,2023-08-25,C1258,Smartphone,-6.0,,credit card,Completed
T1082,2020-10-24,C1533,Coffee Machine,659.0,-357.64002786034644,PayPal ,complete
T1083,2025-02-30,C4676,Lap,,-714.1486659866407,credit card,Pending
T1084,2023-13-01,C805,Headphones,914.0,-425.0607081332315,creditcard,Pending
T1085,2020-01-21,C3971,Smartphone,-7.0,544.6671457309575,pay pal,Completed
T1086,2023-13-01,C376,Coffee Machine,-8.0,-218.21095316393837,PayPal ,completed
T1087,2025-02-30,C435,Tablet,10.0,,PayPal,completed
T1088,2025-02-30,C298,Coffee Machine,-8.0,-217.14068109437676,credit card,Failed
T1089,2025-02-30,C2777,Tablet,2.0,776.2540628162908,Credit Card,complete
T1090,2023-13-01,C3210,Coffee Machine,-2.0,589.9319522788533,PayPal ,Completed
T1091,2021-06-15,C2494,Tablet,-1.0,299.31475793787206,PayPal,Pending
T1092,2023-13-01,C3375,Laptop,240.0,$-422.01,creditcard,Failed
T1093,2023-13-01,C1717,Tablet,4.0,885.501697613429,Cash,complete
T1094,2023-13-01,C1375,Smartphone,-5.0,-856.8316713193572,Cash,Pending
T1095,2025-02-30,C3929,Coffee Machine,7.0,,PayPal ,
T1096,2025-02-30,C2984,Headphones,9.0,,PayPal,
T1097,2025-02-30,C4421,Tablet,658.0,-955.8516921066799,PayPal ,Completed
T1098,2023-13-01,C2059,Headphones,9.0,,creditcard,Completed
T1099,2025-02-30,C1286,Laptop,-1.0,,credit card,Failed
T1100,2023-13-01,C1381,Coffee Machine,-8.0,,credit card,completed
,2025-02-30,C3904,Coffee Machine,4.0,755.4585257544899,creditcard,complete
T1102,2024-10-22,C799,Tablet,10.0,,creditcard,complete
,2020-08-21,C2854,Smartphone,-10.0,-224.01608070281793,Credit Card,Completed
,2023-13-01,,Coffee Machine,2.0,491.0279380830304,PayPal,
T1105,2025-02-30,C2315,Laptop,605.0,,credit card,Completed
T1106,2023-13-01,C2908,Laptop,-1.0,761.3331939053824,PayPal ,Completed
T1107,2025-02-30,C3046,Coffee Machine,769.0,494.781097397619,creditcard,Failed
T1108,2025-02-30,C2172,Coffee Machine,6.0,,PayPal ,Failed
T1109,2023-13-01,C4321,Smartphone,930.0,,credit card,Pending
T1110,2023-13-01,C4335,Coffee Machine,609.0,,creditcard,Pending
T1111,2023-13-01,C2240,Tablet,-5.0,,pay pal,complete
T1112,2023-13-01,C4469,S,-8.0,-435.7114171699941,Cash,complete
T1113,2023-13-01,C1581,Coffee Machine,-4.0,462.18125925062577,PayPal,Completed
T1114,2023-02-08,C2463,Coffee Machine,4.0,262.96373350857994,PayPal ,
T1115,2025-02-30,C2715,Laptop,6.0,$-656.53,creditcard,completed
T1116,2025-02-30,C2415,Laptop,2.0,100.12321482252284,pay pal,Failed
T1117,2022-03-15,C3855,Headphones,174.0,104.65323111746127,credit card,Pending
T1118,2023-13-01,C3778,Coffee Ma,706.0,818.1593058048641,Cash,Completed
T1119,2023-13-01,,Laptop,-7.0,336.96006932799554,Credit Card,complete
T1120,2023-13-01,C1857,Laptop,770.0,,Cash,Failed
T1121,2023-13-01,C1534,Smartphone,-6.0,,creditcard,completed
T1122,2023-13-01,C3005,Smartphone,-10.0,-186.2700538904229,Cash,completed
T1123,2025-02-30,C2105,Smartphone,217.0,816.6988102700886,PayPal,completed
T1124,2025-02-30,C1461,Smartphone,478.0,,Credit Card,
T1125,2025-02-30,C3403,Tablet,6.0,-328.0036002942236,pay pal,Pending
T1126,2023-13-01,C518,Laptop,-7.0,200.72714984296175,Cash,Pending
T1127,2024-08-28,C572,Laptop,4.0,877.2573667872541,PayPal ,
T1128,2021-03-06,C3808,Headphones,634.0,$474.95,credit card,complete
T1129,2020-09-14,C1232,Headp,4.0,-861.3848145900026,creditcard,complete
T1130,2025-02-30,C791,Coffee Machine,625.0,,PayPal,Failed
T1131,2023-13-01,C3140,T,-2.0,-836.4564185823489,Credit Card,completed
T1132,2023-13-01,C3178,Laptop,7.0,319.9854592295038,Cash,Pending
T1133,2022-07-06,C3797,Headphones,266.0,-531.2452579919004,credit card,
T1134,2025-02-30,C3242,Headphones,341.0,-427.11669116947564,PayPal,completed
T1135,2025-02-30,C1013,Headphones,5.0,-968.2213819741789,pay pal,Failed
T1136,2020-01-31,C3769,Tablet,4.0,156.4249767752559,pay pal,complete
T1137,2023-13-01,C2873,Coffee Machine,-8.0,-78.38908604830544,pay pal,
T1138,2023-13-01,C4335,Laptop,-8.0,-455.63569656687105,PayPal ,complete
T1139,2023-13-01,C3937,Smartphone,-2.0,,pay pal,completed
,2023-13-01,C2515,Tablet,349.0,,creditcard,Failed
T1141,,C3444,Tablet,10.0,,Credit Card,complete
T1142,2025-02-30,C4316,Smartph,10.0,-521.9114570167067,PayPal ,complete
T1143,2024-08-11,C1763,Tablet,-4.0,770.7636943763692,credit card,complete
T1144,2022-12-28,C918,Headphones,702.0,777.6533762814765,PayPal,complete
T1145,2025-02-30,C2140,Tablet,976.0,-90.72548785105084,pay pal,Pending
T1146,2023-13-01,,Coffee Machine,6.0,,Cash,Completed
T1147,2023-13-01,C1330,Coffee Machine,2.0,,Cash,Completed
T1148,2025-02-30,C2726,Laptop,-2.0,826.4471954662596,PayPal ,Pending
T1149,2025-02-30,C2271,Headphones,-10.0,,PayPal ,Failed
T1150,2024-04-27,C4912,Laptop,-5.0,513.3876945542518,creditcard,completed
T1151,2020-11-01,C859,Tablet,-4.0,$275.45,pay pal,Pending
T1152,2025-02-30,C3265,Tablet,-10.0,209.53064287301692,PayPal,Completed
T1153,2020-04-29,C3652,Smartphone,2.0,-285.90984658101604,Cash,Failed
T5939,2023-04-14,C2656,Laptop,6.0,,Cash,complete
T1155,2022-03-03,C3109,Headphones,8.0,-671.3427191863323,pay pal,Pending
T1156,2025-02-30,C3596,Headphones,-7.0,-75.93093563319383,Credit Card,completed
T1157,2023-13-01,C1538,Smartphone,652.0,-336.67085866220964,PayPal,Completed
T1158,2022-08-06,C2490,Tabl,199.0,,Credit Card,complete
T1159,2025-02-30,C3625,Tablet,-10.0,,PayPal,complete
T1160,2023-07-06,C3916,Headphones,-5.0,,Credit Card,
T1161,2025-02-30,C1590,Smartphone,-5.0,-108.48892322971938,Credit Card,
T1162,2023-13-01,C2416,Smartphone,-8.0,-364.08522972259743,creditcard,
T1163,2023-13-01,C113,Tablet,9.0,-910.2156731675667,pay pal,Pending
T1164,2025-02-30,C2175,Tablet,5.0,,PayPal,completed
T1165,2023-13-01,C1670,Smartphone,-6.0,730.927180033721,pay pal,Completed
T1166,2022-11-28,C3148,Tablet,5.0,$-874.99,PayPal,completed
T1167,2021-05-12,C738,Laptop,302.0,,pay pal,
T1168,2020-04-14,C1757,Smartphone,-7.0,167.09525618883896,PayPal,
T1169,2025-02-30,C1927,Headphones,-9.0,867.7259824363272,pay pal,
T1170,2024-06-21,C2882,Smartphon,-1.0,-63.39092669648403,creditcard,completed
T1171,2023-13-01,C4233,Smartphone,909.0,-806.422357688589,pay pal,Pending
T1172,2023-13-01,C1348,Smartphone,137.0,,Credit Card,complete
T1173,2023-13-01,C979,Tablet,-2.0,965.2473622924883,credit card,Pending
,2025-02-30,C2068,Headphones,-10.0,$-687.22,PayPal ,Pending
T1175,2023-13-01,C1994,Headphones,5.0,-418.5046837613828,Cash,Failed
T1176,2020-10-17,C462,Laptop,-5.0,-734.917772046508,Cash,
T1177,2023-13-01,C123,Smartpho,675.0,-148.96193512704008,Credit Card,complete
T1178,2021-06-02,C2892,Laptop,-4.0,-573.8003543978122,credit card,
T1179,2025-02-30,C3824,Headphones,3.0,-104.79202296648634,PayPal ,completed
T1180,,C4612,Coffee Machine,806.0,-119.23421599438711,Credit Card,completed
T1181,2025-02-30,C4059,Laptop,-6.0,-687.5870687896411,Credit Card,Completed
T1182,2022-02-01,C1619,Tablet,,-504.1527029097964,pay pal,Pending
T1183,2023-13-01,C586,Coffee Machine,-10.0,-836.9989274733418,Credit Card,Completed
,2021-11-04,C4894,Smartphone,1.0,,Cash,
T1185,2023-11-11,C3929,Smartphone,298.0,,pay pal,complete
T1186,2023-13-01,C4925,Coffee Machine,336.0,,Credit Card,Completed
T1187,2025-02-30,C3042,Laptop,7.0,732.274802767541,PayPal,completed
T1188,2023-12-01,C2254,T,-2.0,$-411.04,credit card,complete
T1189,2021-05-24,C1436,Smartphone,-1.0,747.8138460628422,PayPal ,
T1190,2025-02-30,C4048,Laptop,753.0,391.1877705266861,PayPal,
T1191,2023-13-01,C1203,Tablet,971.0,-809.528190834042,PayPal,completed
T1192,2022-09-29,C486,Coffee Machine,-9.0,-637.5381177331046,credit card,
T1193,2025-02-30,C2605,Tablet,157.0,397.86625846306623,Credit Card,Failed
T1194,2025-02-30,C3867,Tablet,,,Credit Card,
T1195,2025-02-30,C4523,Smartphone,-3.0,-929.7641645533341,pay pal,completed
T1196,,C3265,Headphones,-5.0,$967.04,creditcard,Pending
T1197,2022-05-17,C1060,Headphones,253.0,,pay pal,completed
T1198,2023-13-01,C965,Laptop,9.0,-240.20757003346648,Cash,
T1199,,C091,Headphones,9.0,-199.21645586657576,credit card,complete
T1200,2023-13-01,C1866,Tablet,-4.0,,PayPal ,Completed
T1201,2025-02-30,C2437,Headphones,2.0,318.7630008597638,creditcard,
,2024-11-22,C3545,Coffee Machine,9.0,465.6980058903213,PayPal ,Failed
T1203,2021-10-17,C3198,Laptop,-2.0,-557.0900956171542,Cash,
T1204,2025-02-30,C4736,Laptop,9.0,,pay pal,completed
T1205,2025-02-30,,Headphones,650.0,-75.50934339248465,credit card,completed
T1206,2021-09-29,,Coffee Machine,-6.0,-631.5800462383686,PayPal ,
T1207,2023-13-01,C4407,Smartphone,-5.0,,credit card,complete
T1208,2023-13-01,C3063,Laptop,-2.0,,Cash,completed
T1209,2022-10-30,C260,Headphones,5.0,,pay pal,
T1210,2025-02-30,C1281,Laptop,222.0,,Credit Card,
T1211,2023-13-01,C567,Smartphone,286.0,-709.8336277593382,Credit Card,complete
T1212,2021-09-24,C3358,Tablet,-6.0,,Credit Card,Completed
T1213,2022-03-28,,Laptop,3.0,-666.541401323141,creditcard,
T1214,2023-13-01,C2578,Tablet,-2.0,472.3037224606332,Credit Card,Completed
T1215,2023-13-01,C1949,Laptop,-8.0,-60.199873812096484,Credit Card,complete
T1216,2023-13-01,C3691,Smartphone,-4.0,,Cash,Pending
T1217,2021-08-18,C3728,Tablet,962.0,748.6631283204614,PayPal ,complete
T1218,2025-02-30,C3743,H,871.0,,Cash,Pending
T1219,2021-02-13,C617,Headphones,-10.0,,PayPal ,complete
T1220,2021-07-23,C272,Tablet,672.0,317.8686732848864,Cash,
T1221,2023-13-01,C2094,Smartphone,-9.0,,PayPal,completed
T1222,2023-13-01,C048,Head,4.0,664.4885622525882,Credit Card,
T1223,2022-12-07,C363,Tablet,714.0,,PayPal,complete
T1224,2021-05-27,C2779,Tab,6.0,,Cash,
T1225,2025-02-30,C3602,Smartphone,-5.0,81.29352799870414,creditcard,Completed
T1226,2023-13-01,C4805,Smartp,2.0,,credit card,
T1227,,C4360,Lap,-7.0,648.0823183118991,Cash,complete
T1228,2025-02-30,,Headphones,153.0,-777.7376991211952,credit card,
T1229,2023-13-01,C4834,Headphones,-7.0,218.11308198345168,Cash,Completed
T1230,2021-10-15,C4483,Laptop,10.0,409.36602196485165,credit card,completed
T1231,,C4521,Coffee Machine,2.0,429.58278697873664,Cash,Completed
T1232,,C2149,Coffee Machine,804.0,-313.9731487894313,Cash,completed
T1233,2023-13-01,C4349,Headphones,4.0,,PayPal,Failed
T1234,2025-02-30,C4277,Laptop,350.0,,creditcard,Completed
T1235,2025-02-30,C2222,Laptop,3.0,,Credit Card,Completed
T1236,2025-02-30,C746,Headphones,939.0,-481.74257208536676,credit card,Failed
T1237,2023-13-01,C021,Laptop,667.0,-741.2211841141635,Credit Card,
T1238,2023-13-01,C1970,Headphon,424.0,-438.6332050853978,credit card,Failed
T1239,2025-02-30,C3420,Coffee Machine,-3.0,-424.4658801817286,PayPal,Failed
T1240,2025-02-30,C2722,Sm,2.0,,Credit Card,completed
T1241,2023-13-01,C4514,Smartphone,296.0,$-154.35,PayPal ,completed
T1242,2023-13-01,,Coffee Machine,-9.0,-59.659296348521025,PayPal ,
T1243,2024-09-13,C1731,Coffee Machine,-7.0,,PayPal ,Failed
T1244,2023-13-01,C2215,La,-10.0,610.7300074783557,PayPal ,Pending
T1245,,C3644,Tablet,317.0,,creditcard,complete
T1246,2023-13-01,C796,C,4.0,264.4604676454027,creditcard,completed
T1247,2025-02-30,C3897,Headphones,524.0,-852.5394511266393,Cash,complete
,2023-13-01,C708,He,-10.0,,PayPal ,Pending
T1249,2020-09-19,C736,Headphones,100.0,-945.465454747666,PayPal ,completed
T1250,2024-12-17,C2069,Laptop,237.0,,pay pal,completed
T1251,2023-13-01,C3443,Tablet,6.0,$507.85,creditcard,Completed
T1252,2025-02-30,C2678,Tablet,-9.0,,creditcard,Failed
T1253,2023-13-01,C4060,Tablet,4.0,290.10230319579466,Cash,
T1254,2025-02-30,C1699,Tablet,10.0,-430.6242149996531,Credit Card,completed
T1255,2025-02-30,C3749,Headphones,-9.0,,PayPal ,Completed
,2023-01-05,C1562,Smartphone,-1.0,$329.79,PayPal,Completed
T1257,2025-02-30,C4960,Tablet,1.0,,Credit Card,
T1258,2023-10-26,C152,Coffee Machin,2.0,,PayPal,complete
T1259,2025-02-30,C2367,Coffee Machine,5.0,414.0223949310429,credit card,complete
T1260,2021-02-05,C2087,Laptop,-9.0,,credit card,complete
T1261,2023-08-25,C1961,Coffee Machine,8.0,-869.507629946468,Cash,
T1262,2023-13-01,C4299,Headphones,3.0,,Cash,completed
T1263,,C4450,Smartphone,599.0,-804.037563934721,PayPal ,Completed
,2025-02-30,C503,Headphones,522.0,-789.8534689570197,creditcard,
T1265,,C2385,Smartph,522.0,$-743.58,PayPal ,Completed
T1266,2023-13-01,C419,Headphones,-8.0,$511.42,pay pal,completed
T1267,2023-01-28,C4015,Coffee Machine,-5.0,$-294.74,pay pal,Completed
T1268,2023-13-01,C1411,Tablet,-3.0,-732.845558463282,Credit Card,completed
T1269,2025-02-30,C3012,Smartphone,225.0,276.07274478690977,pay pal,
T1270,2025-02-30,C1577,Headphones,3.0,,creditcard,Pending
T1271,2020-12-29,C152,Smartphone,267.0,-554.4977908849434,creditcard,completed
T1272,2023-13-01,C2615,Tablet,-5.0,,Cash,Completed
T1273,2025-02-30,C3813,Coffee Machine,4.0,-640.9014215352973,pay pal,Failed
T1274,2023-13-01,C1367,Headphones,8.0,181.002143397798,PayPal ,complete
T1275,2025-02-30,C4618,Coffee Machine,514.0,$-493.32,credit card,Completed
T1276,2025-02-30,C4011,Tablet,4.0,-690.9339285131097,PayPal ,Completed
T1277,2025-02-30,C4667,Tablet,-10.0,-652.0457976458744,PayPal ,completed
T1278,2025-02-30,,Headphones,4.0,-778.4464942954164,Credit Card,completed
T1279,2023-13-01,C4333,Coffee Machine,-9.0,704.6825679088504,Credit Card,
T1280,2023-11-28,C4564,Laptop,9.0,-692.3768543797564,PayPal,Completed
T1281,2025-02-30,C2789,L,10.0,897.2144252229182,PayPal,
T1282,2023-13-01,C060,Smartphone,802.0,,Credit Card,Pending
T1283,2023-11-19,C1223,Laptop,1.0,-285.39208027429606,Cash,
T1284,2022-01-24,C3476,Laptop,1.0,853.495796271044,Cash,Pending
T1285,2023-13-01,C216,Coffee Machine,-7.0,814.1685493169397,creditcard,Completed
T1286,2023-13-01,C4449,Headphones,6.0,,PayPal,complete
T1287,2025-02-30,C4731,Tablet,-8.0,-305.44892356126707,Cash,
T1288,2023-13-01,C2047,Coffee Machine,713.0,,Credit Card,completed
T1289,2025-02-30,C1670,Smartphone,6.0,657.5265200161294,Cash,Failed
T1290,2023-07-08,C2720,Laptop,-1.0,,Credit Card,Pending
T1291,2023-13-01,C1777,Headphones,-1.0,,creditcard,completed
T1292,2025-02-30,C4600,Laptop,-9.0,674.8132654128552,credit card,Pending
T1293,2025-02-30,C3035,Tablet,-1.0,,PayPal ,completed
T1294,2024-02-16,,Laptop,-2.0,-261.50379054663586,Cash,Completed
T1295,2022-12-27,C4689,Laptop,-1.0,646.5578105575511,Credit Card,
T1296,2023-07-19,C2493,Smartphone,597.0,,PayPal ,Pending
T1297,2025-02-30,C395,Table,8.0,,creditcard,
,2025-02-30,C4495,Smartphone,-9.0,$-695.93,PayPal,Failed
T1299,2021-06-28,C656,Headphones,-8.0,104.30130292180337,pay pal,
T1300,2023-13-01,C4645,Headphones,-1.0,307.5813656631779,PayPal ,complete
T1301,2025-02-30,C1740,Laptop,-3.0,135.13434872083096,Credit Card,complete
T1302,2023-13-01,C3139,Smartphone,-6.0,,Cash,Completed
T1303,2020-05-29,C3920,Tablet,649.0,-118.8084606516752,PayPal,
T1304,2025-02-30,C2399,Headphones,,808.2439256345223,credit card,Failed
T1305,2021-10-18,C2760,Smartphone,-4.0,-764.0853357892307,creditcard,complete
T1306,2024-08-22,C962,Laptop,1.0,,PayPal,Completed
T1307,2025-02-30,C035,Tablet,184.0,761.3732819788044,credit card,Completed
T1308,2023-13-01,C3804,Tablet,9.0,,PayPal,completed
,2023-13-01,C4992,Laptop,-7.0,,Cash,Completed
T1310,2025-02-30,C1178,Coffee Machine,4.0,-920.5267321229309,Cash,Failed
T1311,2021-10-04,C1550,Laptop,10.0,673.0732626239276,Cash,Failed
T1312,2023-13-01,C2020,Headphones,6.0,538.5068658843279,Credit Card,Pending
T1313,2025-02-30,C3879,Headphones,6.0,737.39402290963,PayPal ,Failed
T1314,2023-13-01,C2199,Smartphone,-3.0,,Credit Card,completed
T1315,2023-13-01,C3058,Laptop,-8.0,,credit card,completed
T1316,2023-05-12,C1417,Coffee Machine,-5.0,,creditcard,complete
T1317,,,Laptop,-6.0,,PayPal ,completed
T1318,2023-13-01,C1222,Smartphone,-2.0,-839.6259068615664,PayPal,completed
T1319,2023-06-13,C1557,T,566.0,,credit card,complete
T1320,2023-13-01,C268,Smartphone,5.0,$-64.97,creditcard,complete
T1321,2025-02-30,C3553,Smartphone,945.0,390.74598007729344,pay pal,Failed
T1322,2025-02-30,C1006,Headphones,569.0,,Cash,
T1323,2020-08-24,C618,Headphones,-6.0,,credit card,completed
T1324,2022-09-12,C4463,Coffee Machine,,-455.80931386856594,credit card,Failed
T1325,2023-13-01,C367,Laptop,-8.0,153.13005108243024,PayPal,complete
T1326,2025-02-30,C4233,Tablet,5.0,73.66042025062595,pay pal,completed
T1327,2023-13-01,C2102,Headphones,115.0,-95.4210482982237,pay pal,Pending
T1328,2025-02-30,C1125,Coffee Machine,3.0,728.9937125274737,Credit Card,Pending
T1329,2023-13-01,C2224,Laptop,-9.0,546.6626746735391,PayPal ,Pending
T1330,2025-02-30,C560,Coffee Machine,-7.0,-309.0756827890442,PayPal,
,2023-13-01,C3441,Smartphone,,-563.4305560971848,creditcard,Completed
T1332,2023-13-01,C3554,Smartphone,2.0,,Credit Card,Failed
T1333,2020-01-03,C4647,Tablet,8.0,-150.23870023433687,credit card,completed
T1334,2024-08-08,,Smartphone,3.0,,PayPal ,Completed
T1335,,C3909,Smartphone,-8.0,-372.21159874225555,PayPal,complete
T1336,2020-11-17,C3965,Tablet,,,creditcard,Pending
T1337,2025-02-30,C3592,Co,1.0,-563.0180284788892,credit card,completed
T1338,2023-13-01,C2116,Headphones,-10.0,$67.10,Credit Card,Completed
T1339,2023-03-04,C2014,Coffee Machine,-10.0,459.99270035143854,pay pal,
T1340,2025-02-30,C449,Tablet,-9.0,-485.3307070705358,Credit Card,
T1341,2024-03-12,C3636,Tab,746.0,-58.33222530093326,PayPal ,
T1342,2020-01-25,C3281,Coffee Machine,470.0,,PayPal ,Pending
T1343,2021-04-24,C692,Smartphone,4.0,61.18313373372389,Credit Card,completed
T1344,2022-12-10,C2451,Coffee Machine,5.0,-977.7935995787368,PayPal,complete
T1345,2025-02-30,C2700,Headphones,-8.0,$466.13,Cash,Failed
T1346,2020-03-07,C3812,Laptop,888.0,-97.37939718328744,Cash,Completed
T1347,2022-02-26,C4293,T,-3.0,,Credit Card,completed
T1348,2025-02-30,C4708,Laptop,918.0,$626.29,Credit Card,Failed
T1349,2023-13-01,C4471,Smartphone,9.0,,credit card,completed
T1350,2025-02-30,C2768,Tablet,415.0,,pay pal,Completed
T1351,2023-13-01,C354,Headphones,-2.0,-380.05266412711046,Credit Card,complete
T1352,2025-02-30,C4310,Ta,230.0,633.891560976408,Credit Card,Completed
T1353,2025-02-30,C4270,Tablet,-5.0,,pay pal,Completed
T1354,2024-01-02,C3043,Laptop,-2.0,860.175536718064,PayPal,Failed
T1355,2024-07-03,C3036,Tablet,5.0,668.3960820469829,creditcard,completed
T1356,,C3171,Headphones,-1.0,,Cash,Pending
T1357,2025-02-30,C2782,Coffee Machine,3.0,919.9538155470003,PayPal ,Failed
T1358,2023-13-01,C4017,Headphones,804.0,,Cash,complete
T1359,2025-02-30,C710,Smartphone,597.0,-292.7707267555321,PayPal ,completed
T1360,2023-13-01,C2491,Headphones,790.0,-901.3925799177175,credit card,Failed
,2023-13-01,C2091,Tablet,9.0,,Credit Card,Pending
,2023-13-01,C4860,Tablet,6.0,,creditcard,complete
T1363,2025-02-30,,Laptop,10.0,402.2564423367081,pay pal,Pending
T1364,2025-02-30,C1458,Coffee Machine,-8.0,331.6255406149358,PayPal,
T1365,2023-13-01,C482,Coffee Machine,190.0,-763.6404864174776,PayPal,Pending
T1366,2025-02-30,C886,Headpho,5.0,,pay pal,Completed
T1367,2023-13-01,C2645,Coffee Machine,,,Cash,Pending
T1368,2025-02-30,C3055,Laptop,4.0,,pay pal,Completed
T1369,2025-02-30,C4087,Tablet,689.0,792.8240660401468,credit card,complete
T1370,2023-04-21,C2876,Tablet,241.0,,pay pal,complete
T1371,,C1817,Smartphone,798.0,,creditcard,complete
T1372,2025-02-30,,Ta,-5.0,-995.3444148362604,Cash,completed
T1373,2023-13-01,C2455,Laptop,-5.0,666.4814107244383,PayPal,complete
T1374,2023-01-17,C3026,Headphones,-9.0,,PayPal,Pending
T1375,2023-07-31,C3564,Headphones,-1.0,748.813835595744,Credit Card,Pending
T1376,2020-07-17,,Tablet,-2.0,766.610937194906,credit card,Pending
T1377,2023-13-01,C2601,Headphones,3.0,363.40790540662937,Cash,completed
T1378,2023-05-21,C2057,Laptop,2.0,-567.1345418517861,Cash,Pending
T1379,2025-02-30,C1268,Smartphone,640.0,-931.1605387785949,Credit Card,
T1380,2025-02-30,C1019,Laptop,455.0,-949.9185649115273,Credit Card,complete
T1381,2023-13-01,,Smartphone,-3.0,,Credit Card,
T1382,2022-11-20,C3676,Smartphone,198.0,$-146.34,Cash,complete
,2023-13-01,C4974,Tablet,607.0,-259.1377936471831,creditcard,Pending
T1384,2023-11-09,C4762,Tablet,901.0,381.27540850112416,pay pal,
T39879,2025-02-30,,Headphones,4.0,,Cash,Failed
T1386,2023-13-01,C715,Laptop,673.0,-213.6733460477459,credit card,Failed
T1387,2023-13-01,C3347,Coffee Machine,311.0,-219.26338783635003,pay pal,Pending
T1388,2023-13-01,C4391,Smartphone,2.0,,creditcard,Failed
T1389,2023-13-01,C4230,Cof,512.0,516.2212623193707,Credit Card,complete
T1390,2025-02-30,C2823,Laptop,-10.0,-472.27807220204124,PayPal ,Failed
,2023-04-16,C4682,Laptop,-6.0,704.7506606868277,Credit Card,Pending
T1392,2025-02-30,C333,T,783.0,571.0169949926263,Credit Card,Pending
T1393,2025-02-30,C4724,Headphones,-5.0,498.2054512205306,credit card,completed
T1394,2023-13-01,C2535,Coffee Machine,4.0,,Cash,completed
T1395,2022-10-18,C1796,La,302.0,,credit card,completed
T1396,2020-11-29,,Smartphone,-1.0,-275.60374227588136,Credit Card,Pending
T1397,2024-04-07,C907,Smartphone,-1.0,,PayPal ,complete
T1398,2025-02-30,C4333,Headphones,492.0,,credit card,Completed
T1399,2020-09-18,C2223,Laptop,-6.0,,PayPal ,Pending
T1400,2023-13-01,C2319,Table,650.0,810.4289895129529,Cash,Completed
T1401,2023-13-01,C479,Tablet,5.0,454.8133746039155,Credit Card,Failed
T1402,2023-13-01,C2256,Laptop,6.0,,creditcard,complete
T1403,2023-13-01,C661,Headphones,4.0,,PayPal,Failed
T1404,2023-13-01,C553,Smartphone,-1.0,621.4415426473842,Cash,Failed
T1405,2022-04-30,C3009,Laptop,,,PayPal,
T1406,2021-10-08,C2145,Headphones,,-507.2924170189846,creditcard,Pending
T1407,2023-12-17,C2261,Coffee Machine,-7.0,191.28271286622922,pay pal,Completed
T1408,2022-07-11,C4160,Smartphone,568.0,,creditcard,completed
T1409,2023-13-01,C2499,Coffee Machine,-8.0,-213.52665468699627,credit card,Pending
T1410,2020-03-04,C1979,Headphones,254.0,,Cash,Pending
T1411,2025-02-30,C4754,Coffee Mac,616.0,,credit card,completed
T1412,2025-02-30,C3534,Tablet,-8.0,180.76105963128614,PayPal ,complete
T1413,2023-13-01,C252,Headphones,-1.0,-666.7124390334357,Cash,
T1414,,,Coffee Machine,-1.0,-255.76650699775325,Credit Card,
,2025-02-30,C488,Tablet,2.0,$233.08,Credit Card,complete
T1416,2025-02-30,C2011,Tablet,-2.0,$-883.58,PayPal,Completed
,2023-13-01,C394,Tablet,3.0,,Cash,Completed
T1418,2020-09-27,C1540,Tablet,1.0,,pay pal,completed
T1419,2025-02-30,C749,Smartphone,-7.0,-50.71788499167428,Credit Card,complete
T1420,2025-02-30,C564,Smartphone,250.0,,creditcard,Pending
T1421,2025-02-30,C2299,Headphones,-2.0,,credit card,Completed
T1422,2023-13-01,C422,Laptop,2.0,,credit card,Failed
T1423,2023-13-01,C2946,Tablet,-8.0,,creditcard,completed
T1424,2023-13-01,C2815,Smartphone,678.0,,PayPal ,
T1425,2025-02-30,C519,Coffee Machine,352.0,538.3203533751314,pay pal,
T1426,2023-04-19,C1186,Laptop,784.0,-686.1635309618728,creditcard,Completed
T1427,2021-07-01,C664,Laptop,-8.0,-470.9666581284629,creditcard,complete
T1428,2021-07-26,C4391,Coffee Machine,-2.0,408.3793168135306,Cash,Completed
T1429,2025-02-30,,Smartpho,114.0,,creditcard,
T1430,2025-02-30,C1552,Smartphone,3.0,-553.5570650969423,PayPal,Pending
T1431,2025-02-30,C051,Tablet,906.0,87.73718342418974,creditcard,completed
T1432,2025-02-30,C1117,Smartphone,4.0,,PayPal ,completed
T1433,2025-02-30,C1042,Smartphon,254.0,,Credit Card,complete
T1434,2023-13-01,C1846,Coffee Machine,609.0,-83.73304316531676,PayPal,completed
T1435,,C3991,Coffee Machine,4.0,-555.7734487634323,PayPal ,Failed
T1436,2025-02-30,,Headphones,2.0,,Cash,completed
T1437,2022-08-29,C2581,Laptop,9.0,$761.08,credit card,completed
T1438,2022-07-13,C3065,Smartphone,2.0,-761.4154404703359,credit card,
T1439,2023-09-26,C2888,Laptop,9.0,-751.4740091387858,Credit Card,completed
T1440,2022-10-14,C2210,Headphones,242.0,815.6305493501177,Cash,Completed
T1441,2025-02-30,C1817,Coffee Machine,-2.0,781.1326683040808,Cash,Pending
T1442,2021-03-13,C1882,Headphones,9.0,-849.2728196419696,Cash,Completed
T1443,2025-02-30,,Headphones,10.0,-277.066250528516,creditcard,Pending
T1444,2023-13-01,C3496,Laptop,535.0,424.9946738181644,creditcard,Pending
T83952,2023-13-01,C1157,Coffee Machine,9.0,,PayPal ,completed
T1446,2022-02-20,C2837,Sm,2.0,,Credit Card,Failed
T1447,2025-02-30,C1124,Coffee Machine,9.0,,PayPal,completed
T1448,2023-13-01,C2466,Tablet,-7.0,509.7653069551377,PayPal ,complete
T1449,2025-02-30,C1212,Smartphone,-9.0,488.1911476649092,credit card,Pending
T1450,2025-02-30,C4288,Laptop,-6.0,755.6749892760648,credit card,
T1451,2023-13-01,C4053,Laptop,10.0,80.41147125793705,Credit Card,Completed
T1452,2023-13-01,C2686,Tablet,-6.0,,credit card,
T1453,2023-04-20,C3123,Smar,568.0,,PayPal ,completed
T1454,2023-13-01,C2141,Laptop,-4.0,-231.89681301776102,pay pal,complete
T1455,2025-02-30,C713,Sm,578.0,956.1762104968116,creditcard,Completed
T89330,2025-02-30,C2689,Hea,730.0,-290.778371532134,credit card,
T1457,2023-02-25,C3758,Smartphone,-4.0,,pay pal,Pending
T1458,2020-12-08,C3261,Headphones,-10.0,360.2395610881831,PayPal ,Completed
T1459,2025-02-30,,Smartphone,8.0,,Credit Card,Failed
T1460,2023-13-01,C3320,Coffee ,,-503.03023176588937,pay pal,Failed
T1461,2025-02-30,C3517,Laptop,-4.0,-237.5035713844586,credit card,complete
T1462,2023-13-01,C1074,Headphones,-2.0,-927.719472970891,PayPal,Completed
T1463,2023-13-01,C1140,Coffee Machi,5.0,856.7384677564131,pay pal,complete
T1464,2025-02-30,C724,Headphones,-10.0,,PayPal ,Completed
T1465,2023-13-01,C4767,Tablet,-3.0,212.68915279707997,PayPal ,Failed
T1466,2025-02-30,C1332,Headphones,-4.0,-306.2263891180264,pay pal,Completed
T1467,2023-13-01,C1122,Tablet,-4.0,248.14633405375372,creditcard,Pending
T1468,2023-13-01,C187,Smartphone,3.0,999.7483408972182,credit card,complete
T1469,2025-02-30,C498,Smartp,-7.0,$412.97,pay pal,completed
T1470,,C4344,Laptop,7.0,544.7545834609822,PayPal ,Failed
T1471,2024-10-16,C1465,Coffee Machine,3.0,78.58534558323566,PayPal ,Failed
T1472,2023-13-01,C3275,Coffee Machine,-8.0,,credit card,Failed
T1473,2025-02-30,C2078,Headphones,1.0,,Cash,Failed
T1474,2023-13-01,C4774,Coffee Machine,7.0,64.68061909420813,Credit Card,Failed
T1475,2025-02-30,C732,Coffee Machine,-4.0,662.4706575719025,credit card,
T1476,2025-02-30,C645,Smartphone,6.0,337.94080113742973,pay pal,Failed
T1477,2024-01-11,C1540,Smartphone,528.0,,credit card,completed
T1478,2021-11-23,C2449,Headp,7.0,-87.31899617933016,pay pal,completed
T1479,2023-06-13,C2508,Smartphone,6.0,214.77859749185015,Cash,Pending
T1480,2023-13-01,C3627,Laptop,6.0,,PayPal,Failed
T1481,2023-13-01,C3753,Laptop,2.0,$-679.34,credit card,Failed
T1482,,C3763,Headphones,392.0,-266.22950161392146,Credit Card,
T1483,2025-02-30,C3414,Laptop,2.0,-571.0491670809162,Cash,complete
T1484,2023-13-01,C4563,Tablet,-8.0,689.1999027234828,credit card,Pending
T1485,2023-13-01,C3258,Tablet,332.0,-849.0014528654237,Cash,Completed
T1486,2024-06-14,C2814,Laptop,373.0,,pay pal,Failed
T1487,2025-02-30,C806,Tablet,-6.0,$713.11,pay pal,Pending
T1488,2025-02-30,C2929,Headphones,8.0,-467.1680874324031,Cash,complete
T1489,2025-02-30,C4714,Laptop,,-702.2395671011498,Credit Card,Failed
T1490,2023-13-01,C3973,Lapt,10.0,-551.295282299085,PayPal ,Pending
T1491,2023-13-01,C595,Headphones,767.0,81.49815716867087,PayPal,Pending
T1492,2025-02-30,C1465,Laptop,9.0,-358.12445514114575,PayPal,Pending
T1493,2021-02-25,C2879,Smartphone,1.0,715.5081882159602,Credit Card,Pending
T1494,2022-08-05,C4503,Coffee Machine,164.0,,PayPal,Pending
T1495,2023-13-01,C1541,Laptop,7.0,,pay pal,Failed
T1496,2023-13-01,C811,Laptop,736.0,-920.5821978332233,Credit Card,Completed
T1497,,C1194,Coffee Machine,1.0,,Credit Card,complete
T1498,2025-02-30,C3490,Smartphone,834.0,$218.42,PayPal ,Completed
T1499,2025-02-30,C2301,Coffee Machine,-6.0,303.62722382381565,Credit Card,complete
T1500,2025-02-30,C1740,Laptop,,,credit card,Pending
T1501,2025-02-30,C1713,Coffee Machine,1.0,-667.5313923648096,credit card,Pending
T1502,2023-13-01,C2968,Smartphone,218.0,912.6765063704685,Cash,Pending
T1503,2025-02-30,C3126,Smartphone,-1.0,,creditcard,Pending
T1504,2024-03-25,C4418,Laptop,-2.0,,pay pal,complete
T1505,2024-11-12,C3427,T,195.0,,Credit Card,Completed
T1506,2023-13-01,C1860,Tablet,10.0,330.163909009537,Cash,Completed
,2025-02-30,C1134,Tablet,456.0,528.9793902330164,credit card,completed
T1508,2023-13-01,C3679,Smartphone,-1.0,$88.29,PayPal,
T1509,2025-02-30,,Coffee Machine,596.0,166.1642997580197,creditcard,Failed
,2022-06-20,C1139,Headphones,6.0,,PayPal,complete
T1511,2023-13-01,C1633,Smartphone,2.0,685.9815681012177,pay pal,
T1512,2020-09-03,C4838,Tablet,886.0,,PayPal ,
T1513,2025-02-30,C3608,Coffee Machine,8.0,,pay pal,Pending
T1514,2025-02-30,C779,Coffee Machine,-6.0,192.36155390736113,credit card,complete
T1515,2025-02-30,C2544,Coffee Machine,1.0,-273.3312791498158,pay pal,complete
T1516,2025-02-30,C3792,Coffee Machine,2.0,,creditcard,Completed
T1517,2025-02-30,C1859,Headphones,582.0,-52.24790267664844,Credit Card,Failed
T1518,2023-13-01,C264,Headphones,-8.0,,Cash,Pending
T1519,2023-11-16,C465,Laptop,-7.0,-369.69585783672085,PayPal ,
T1520,2023-13-01,C3036,Headphones,469.0,,PayPal,Failed
T1521,2025-02-30,C1139,Headphones,5.0,-689.1889369053946,Cash,Failed
T1522,2025-02-30,,Smartphone,1.0,256.41391116894374,PayPal,
T1523,,C4021,Coffee Machine,5.0,-775.984989271162,creditcard,completed
T1524,2023-13-01,C788,Tablet,1.0,-970.60451789318,credit card,Pending
T1525,2023-13-01,C256,Laptop,-2.0,913.6177092199107,Credit Card,completed
T1526,2025-02-30,C2132,Coffee Machine,7.0,298.23818654483534,pay pal,
T1527,2023-12-03,C3846,Laptop,-9.0,965.4949303818397,creditcard,completed
T1528,2023-13-01,,Tablet,6.0,451.25034549272897,pay pal,completed
T1529,2025-02-30,C3155,Laptop,956.0,,creditcard,complete
T1530,2024-07-01,C2292,Tablet,-1.0,-455.18850714686505,Cash,complete
T1531,2025-02-30,C2589,Coffee Machine,913.0,,pay pal,complete
T1532,2023-13-01,,Smartphone,897.0,-138.7796746129867,pay pal,Completed
T1533,2020-05-17,C4864,Headphones,444.0,-725.4769105269866,credit card,completed
T1534,2021-04-30,,Smartphone,,,PayPal ,complete
T1535,2025-02-30,C4206,Tablet,,-666.1276424935968,pay pal,complete
T1536,2025-02-30,C889,Cof,1.0,,Cash,
T1537,2023-13-01,C375,Tablet,-5.0,,creditcard,Completed
T1538,2023-13-01,C1050,Laptop,3.0,,Credit Card,complete
T1539,2023-04-14,C1680,Smartphone,387.0,,pay pal,completed
T1540,2025-01-16,C4478,Lapt,-7.0,-830.3126787160851,PayPal ,Pending
T1541,2024-04-09,C4694,Tablet,6.0,571.4295067160451,credit card,completed
T1542,2023-01-25,C2990,Smartphone,-4.0,865.3625177677337,Credit Card,Failed
T1543,,C839,Smartphone,10.0,,creditcard,Completed
,,C3922,Tablet,434.0,,creditcard,complete
T1545,2023-13-01,C1325,Smartphone,4.0,329.8475483311817,Credit Card,
,,C4669,Tablet,5.0,$-959.35,Cash,complete
T1547,2023-13-01,C2835,Laptop,9.0,564.4869695225955,Credit Card,Pending
T1548,2023-13-01,,Coffee Machine,521.0,226.96360501141518,pay pal,completed
T1549,2023-13-01,C052,Laptop,-7.0,,Cash,Completed
T1550,2025-02-30,,Laptop,970.0,-966.2277548172295,Credit Card,Failed
T1551,2024-07-27,C4361,Laptop,10.0,417.2736989529272,PayPal ,Completed
T1552,2021-07-15,C371,Headphones,-1.0,956.3674921595405,Credit Card,Completed
T1553,2022-05-02,,Headphones,1.0,,Cash,complete
T1554,2023-13-01,C4068,Tablet,9.0,263.63191884528544,credit card,Failed
T1555,2023-02-21,C2869,Lapto,-6.0,,PayPal ,Completed
T1556,2025-02-30,C381,Coffee Machine,-4.0,,Cash,complete
T1557,2023-13-01,C4567,Coffee Machine,9.0,-683.3659746983512,creditcard,
T1558,2025-02-30,C1525,Smartphone,,,PayPal,
T1559,2023-13-01,C3274,Laptop,-7.0,,Cash,Completed
T1560,2023-13-01,C2343,Smartphone,,,Credit Card,completed
T1561,2021-03-08,C3431,Smartphone,128.0,,Cash,completed
T1562,2022-11-20,C4943,Tablet,6.0,-157.5602574543948,Cash,
T1563,2025-02-30,C2496,Tablet,769.0,-519.8401988219539,Cash,Completed
T1564,2022-12-09,C1748,Tablet,-10.0,237.40946348775984,credit card,Failed
T1565,2025-02-30,C848,Laptop,584.0,-773.5771629250776,PayPal,complete
T1566,2023-07-25,C2124,Laptop,-1.0,,PayPal ,
T1567,2025-02-30,C695,Smartphone,505.0,359.052244087005,Credit Card,Pending
T1568,2023-13-01,C1681,Headphones,7.0,535.199230162073,Cash,
T1569,2023-13-01,C4381,Headphones,234.0,,credit card,Failed
T1570,2020-11-16,C3922,Coffee Machine,-5.0,-795.8106560140468,credit card,Completed
T1571,2023-09-17,C4479,Smartphone,693.0,-705.5350508884405,creditcard,Pending
T1572,2022-11-11,C187,Tablet,8.0,,PayPal,complete
T1573,2025-02-30,C1902,Headphones,-4.0,-958.4114048441354,creditcard,
T1574,2023-13-01,C4417,He,6.0,,PayPal,Pending
T1575,2025-02-30,C2361,Tablet,-1.0,-440.4513033805173,Cash,Completed
T1576,2025-02-30,C4739,Headphones,8.0,52.778475402363014,PayPal ,complete
T1577,2023-13-01,C447,Smartphone,-8.0,$616.43,PayPal,Pending
T1578,2020-06-11,C4259,Coffee Machine,7.0,-152.59006690546914,credit card,Pending
T1579,,C2854,Headphones,4.0,978.806380519704,credit card,completed
T1580,2023-13-01,C913,Coffee,763.0,,credit card,complete
T1581,2023-11-20,C1421,Smartphone,688.0,226.75037557318305,Cash,Completed
T1582,2023-13-01,C3828,Smartphone,10.0,-411.50367164029115,credit card,
T1583,2023-12-12,C1844,Tablet,-7.0,-865.5067042073568,PayPal,Completed
T1584,2024-11-10,C2422,Laptop,-10.0,,credit card,
T1585,2023-01-25,C2728,Laptop,2.0,-355.0991395554669,pay pal,complete
T1586,2025-02-30,C3162,Smartphone,538.0,$534.05,PayPal ,Pending
T1587,2023-13-01,C1272,Tablet,7.0,-414.24497879566593,pay pal,
T1588,2025-02-30,C1697,Smartphone,5.0,820.124420421955,pay pal,completed
T1589,2024-12-15,C4976,Headphones,4.0,109.73694345271727,PayPal,Pending
T1590,2025-02-30,,Headphones,-9.0,-52.745524632904335,creditcard,complete
T1591,2023-13-01,C2866,Tablet,164.0,,PayPal ,Pending
T1592,2025-02-30,C2883,Laptop,921.0,-984.0368906090038,creditcard,
T1593,2025-02-30,C4288,Headphones,5.0,-639.6073069124609,pay pal,completed
T1594,,C4362,Laptop,-8.0,849.001050930042,PayPal,
T1595,2020-08-18,C296,Laptop,367.0,762.177107585016,Credit Card,Pending
T1596,2025-02-30,C4382,Headphones,2.0,845.3287120681728,creditcard,
,2025-02-30,C3035,Coffee Machine,4.0,,PayPal ,
T1598,2025-02-30,C1960,Tablet,-2.0,,creditcard,completed
T1599,2025-02-30,C4701,Tablet,-10.0,526.5447958356002,creditcard,Failed
T1600,2025-02-30,C4402,Laptop,625.0,-422.3648807852429,Credit Card,Failed
T1601,2023-09-03,C1182,Smartphone,8.0,-512.8715471544062,credit card,Completed
T1602,2023-05-04,C2861,Coffee Machine,10.0,,Credit Card,Pending
T1603,2022-02-21,C2538,Coffee Machine,6.0,811.4722307238061,Credit Card,completed
T1604,2024-02-22,C217,Headphones,-3.0,-958.533499848309,PayPal,Failed
T1605,2023-13-01,C1981,Laptop,-10.0,482.8793193665349,PayPal,complete
T1606,2021-04-14,C3036,Headphones,5.0,,pay pal,Pending
T1607,2020-06-06,C3107,Coffee Machine,4.0,-247.74764502485993,creditcard,Pending
T1608,2025-02-30,C992,Laptop,-8.0,,PayPal,complete
T1609,2023-13-01,C3218,Headphones,941.0,-744.2678281675004,Cash,Pending
T1610,2025-02-30,C2295,Laptop,795.0,-359.14955182085725,PayPal ,
T1611,2023-13-01,C1834,Coffee Machine,-4.0,414.76689176895417,pay pal,
T21207,2022-06-21,C3644,Headphones,852.0,,Cash,complete
T1613,2025-02-30,C1191,Headphones,-4.0,124.17516565293185,creditcard,Pending
T1614,2021-10-09,C2889,Coffee Machine,3.0,,Credit Card,Completed
T1615,2023-13-01,C592,Smartphone,9.0,-581.1506618473343,PayPal ,complete
,2025-02-30,C1968,Headphones,730.0,,credit card,
T1617,2025-02-30,C2870,Smartphone,-9.0,-647.1034607173247,credit card,Completed
T1618,2025-02-30,C2261,Tablet,-10.0,597.7820262123224,creditcard,
T1619,2025-02-30,C951,Smartphone,945.0,,PayPal,complete
T1620,2024-02-25,,Smartphone,2.0,,PayPal ,Pending
T53265,2023-13-01,C3011,Smartphone,-10.0,,credit card,completed
T1622,2025-02-30,C150,Headphones,-3.0,-688.5663406436796,PayPal ,complete
T1623,2023-13-01,C2441,Tablet,975.0,,credit card,complete
T1624,2024-07-01,C508,Coffee Machine,-7.0,743.5578271274326,Cash,completed
T1625,2023-13-01,C2594,Headphones,407.0,,Cash,Pending
T1626,2023-07-25,C2032,Headphones,755.0,$178.40,Cash,completed
T1627,2024-11-03,,Smartphone,-2.0,-715.7305676352762,PayPal ,Failed
T72249,2025-02-30,C3379,Headphones,569.0,,pay pal,Pending
T1629,2023-13-01,C1518,Smartphone,-4.0,,creditcard,Failed
T1630,2023-13-01,C139,Tablet,-6.0,143.97837635449667,Cash,completed
T1631,2024-01-15,C3428,Smartphone,753.0,,Cash,Pending
T1632,2021-07-22,C4292,Laptop,141.0,-466.9783888444815,PayPal ,complete
T1633,2023-13-01,C3729,Smartphone,,-74.57277540401253,Cash,
T1634,2020-01-09,C3622,Tablet,750.0,244.97059103409296,credit card,
T1635,2021-05-26,C1525,Coffee Ma,611.0,-907.4653801615605,creditcard,Pending
T1636,2023-07-04,C850,Smartphone,-2.0,-234.6700718533367,PayPal ,
T1637,2024-01-12,C199,Coffee Machine,727.0,765.1625216968708,creditcard,completed
T1638,2021-07-03,C034,Headphones,-9.0,-378.3559283878153,creditcard,
T1639,2025-02-30,C2097,Laptop,3.0,701.5186073808053,Credit Card,complete
T1640,2020-11-21,C2104,Laptop,583.0,-282.8433936115524,PayPal ,Pending
T1641,2025-02-30,,Coffee Mac,-2.0,216.24333850542902,Cash,Failed
T1642,2023-13-01,C4451,Laptop,8.0,,creditcard,Pending
T1643,2025-02-30,C2675,Headphones,668.0,467.88532565095875,Credit Card,Completed
T1644,2025-02-30,C2666,Coffee Machine,-7.0,,PayPal ,Failed
T1645,2025-02-30,C1419,Laptop,-10.0,-686.2696353019275,creditcard,Failed
,2024-05-04,C029,Smartphone,866.0,226.43741835821746,Credit Card,
T1647,,C2516,Lapto,-6.0,-867.4649618130397,creditcard,Completed
T1648,2022-07-07,C1487,Smartphone,-2.0,347.57666982633253,creditcard,completed
T1649,2023-13-01,C2840,Coffee Machine,5.0,,credit card,completed
T1650,2025-02-30,C1473,Tablet,244.0,,pay pal,complete
T1651,2025-02-30,C777,Headphones,504.0,986.228100677495,creditcard,Completed
T1652,2023-13-01,C4207,Laptop,9.0,62.59090517048198,creditcard,complete
T1653,2022-03-31,,Laptop,460.0,,PayPal ,Pending
T1654,2023-08-27,C4844,La,-4.0,112.66481740880286,Credit Card,completed
T1655,2022-08-28,C447,Lapto,397.0,978.1023095954229,credit card,Pending
T1656,2023-13-01,C3197,Laptop,137.0,,creditcard,
T1657,2025-02-30,C816,Smartphone,4.0,,PayPal ,Failed
T1658,2025-02-30,C4442,Tablet,619.0,504.6466267004084,pay pal,Pending
T1659,2020-07-06,C3348,Smartphone,-1.0,,creditcard,complete
T1660,2025-02-30,C4935,Coffee Machine,503.0,-591.9985473631871,creditcard,Failed
T1661,2023-13-01,C1507,Tablet,116.0,,PayPal,Completed
T1662,,C3045,Tab,-8.0,-799.260367625927,creditcard,Completed
T1663,2024-12-24,C4268,Smartphone,3.0,324.2270236462697,PayPal,Failed
T48841,2025-02-30,C4434,Smartphone,833.0,,Cash,Pending
T1665,,,Coffee Machine,4.0,-677.6394279927244,pay pal,completed
T1666,2023-13-01,C675,Laptop,,943.0431712156036,PayPal ,Failed
T1667,2023-13-01,,Headphone,916.0,-392.82671933267875,Cash,completed
T1668,2023-13-01,C4566,Headphones,8.0,,PayPal,
T1669,2023-13-01,C4279,Head,,$304.27,PayPal,Pending
T1670,2025-02-30,,Smartphone,-1.0,$300.25,Cash,completed
T1671,2021-01-04,,Headp,8.0,-629.9291314203806,credit card,Failed
T1672,2023-13-01,C3301,Laptop,371.0,,PayPal ,completed
T1673,2025-02-30,C1884,Headp,-1.0,-580.2469117942845,Credit Card,Failed
,2025-02-30,C3009,Laptop,685.0,-990.2314602429295,PayPal ,complete
T1675,2023-13-01,C4415,Headphones,-3.0,,Cash,
T1676,2023-13-01,C1951,Tablet,2.0,-502.8729908564075,Cash,complete
T1677,,C269,Laptop,1.0,861.7564553365024,pay pal,Pending
T1678,2024-06-03,C951,Smartphone,125.0,,Credit Card,Completed
T1679,2025-02-30,C404,Laptop,454.0,$-705.54,Cash,Completed
T1680,2025-02-30,C2868,Headphones,-7.0,,PayPal ,completed
T1681,2023-13-01,C2586,L,-6.0,319.4873804235934,creditcard,Pending
T1682,,C1809,Headphones,1.0,498.4452661606367,PayPal,Failed
T1683,2021-04-06,C1092,Laptop,-3.0,,creditcard,Failed
T1684,2023-01-28,C899,Headphones,3.0,870.3749335541287,credit card,completed
T1685,2023-13-01,C1448,Headphones,8.0,-422.04091813234106,credit card,
T1686,2023-13-01,C3991,Laptop,5.0,227.30278050707082,creditcard,Pending
T1687,2025-02-30,C794,Headphones,523.0,-126.031996659995,PayPal ,
T1688,2023-13-01,C395,Laptop,226.0,$-938.69,Credit Card,complete
T1689,2025-02-30,C1083,Smartphone,-1.0,-50.9092236072014,Cash,completed
T1690,2025-02-30,C3589,Coffee Machine,4.0,250.8539673052625,creditcard,
T1691,2023-13-01,C1774,Coffee Machine,,255.1955528384131,Cash,Failed
T1692,2023-13-01,C1184,Headphones,812.0,,Cash,completed
T1693,2021-11-16,C1427,Laptop,2.0,-364.4127749217175,PayPal,
T1694,2023-01-20,C3040,Laptop,-4.0,,Cash,Completed
,2025-02-30,C1297,Laptop,999.0,,pay pal,Completed
T1696,2023-13-01,C1548,Laptop,6.0,-490.0524595558644,Cash,Completed
T1697,2025-02-30,C4435,Smartphone,6.0,$-468.40,PayPal,Pending
,2020-07-14,C2617,Coffee Machine,,-284.24053204915185,PayPal ,Failed
T1699,2023-13-01,C3812,Laptop,-3.0,,pay pal,Failed
T1700,2022-03-26,C4175,Headphones,2.0,433.9823668456939,PayPal,complete
T1701,2020-06-03,C3104,Laptop,-5.0,629.7607832196896,Credit Card,
T1702,2020-01-09,C2972,Laptop,6.0,902.7673941522156,creditcard,Pending
T1703,2025-02-30,C1035,Headphones,,206.73172542603308,credit card,completed
,2024-03-20,C239,Smartphone,9.0,365.26938429562966,credit card,Failed
T1705,2020-06-02,C881,Coffee Machine,7.0,,pay pal,complete
T1706,2023-13-01,,Laptop,896.0,-828.0150244383173,PayPal ,Pending
T1707,2025-02-30,C358,Headphones,6.0,-203.88134723827227,Credit Card,
T1708,2022-05-29,C1628,Coffee Machine,10.0,,pay pal,Pending
T1709,2023-13-01,C2982,Laptop,300.0,656.5858872553484,credit card,
T1710,2025-02-30,C327,Headphones,-3.0,64.58731756738047,Credit Card,Completed
,2025-02-30,C2102,Coffee Machine,-10.0,712.8226227354418,PayPal,Failed
T1712,2021-01-02,C1520,Tablet,2.0,$-515.57,credit card,
T1713,2024-05-22,C3243,Head,-6.0,-937.5550238398248,creditcard,Completed
T1714,2025-02-30,C142,Tablet,549.0,660.0022433566145,Cash,completed
,2021-11-20,C3719,Tabl,259.0,-440.4062945301238,PayPal,Completed
T1716,2022-08-31,C1156,Laptop,-6.0,-291.83047367905067,PayPal,Completed
T1717,2025-02-30,C1972,Coffee Machine,-4.0,-586.2057996640981,creditcard,complete
T1718,2022-07-13,C147,Coffee Machine,681.0,348.42752593331426,Credit Card,Pending
T1719,2020-01-29,C2692,Laptop,4.0,$227.39,pay pal,
T1720,2025-02-30,C4849,Coffee Machine,171.0,$-292.13,Credit Card,complete
T1721,2025-02-30,C4082,Headphones,9.0,-74.2032209307323,Cash,complete
T1722,2023-13-01,C3589,Smartphone,-10.0,,PayPal,complete
T1723,2023-13-01,C4723,Smartphone,-8.0,,PayPal,Failed
T1724,2023-13-01,C850,Tablet,2.0,,Cash,Failed
T1725,2023-13-01,C3595,Headphones,-3.0,$-885.47,PayPal ,completed
T1726,2022-06-16,C2442,La,-1.0,-191.33044351698084,PayPal,Completed
T1727,2021-01-11,C2735,Tablet,574.0,105.52785966081728,creditcard,Failed
T1728,2025-02-30,C1462,Tablet,-5.0,-212.6922268936737,Cash,completed
T1729,2024-03-15,,Tablet,525.0,-948.8458134314916,creditcard,
T1730,2023-13-01,C426,Coffee Machine,-8.0,,creditcard,complete
T1731,2023-13-01,C4905,Laptop,8.0,-409.7806292694801,PayPal,complete
T1732,2024-04-26,C3256,Tablet,6.0,,PayPal,Pending
T1733,2022-06-16,C3525,Headphones,-4.0,,creditcard,Failed
T1734,2023-13-01,C120,Laptop,-8.0,,creditcard,Failed
T1735,2025-02-30,C2016,Coffee Machine,5.0,-862.3894448586207,pay pal,complete
T1736,,C3789,Smartphone,727.0,-447.4325114852254,PayPal,Pending
T1737,2023-13-01,C867,Headphones,120.0,-276.60258053127825,PayPal,Pending
T1738,2024-09-01,C2120,Smartphone,,,Cash,
T1739,2022-06-26,C2381,Coffee Machine,319.0,,PayPal,completed
T1740,2023-13-01,C1732,Tablet,-7.0,-763.9088309218876,credit card,
T1741,2025-02-30,C4323,Tablet,-10.0,,pay pal,Pending
T1742,2025-02-30,C4714,Headphones,3.0,-549.426596489075,Credit Card,Pending
,2025-02-30,C3230,Coffee Machine,736.0,-387.52461960333835,Cash,
T1744,2022-10-10,C2514,Headphones,-6.0,$326.95,Cash,completed
T1745,2021-12-13,C846,Tablet,-5.0,466.63854958374793,PayPal ,complete
T1746,2022-03-18,C2389,Laptop,-6.0,,creditcard,Failed
T1747,2023-09-28,,Laptop,655.0,-412.8175688690409,creditcard,Pending
T1748,2023-13-01,C4067,Tablet,105.0,,credit card,Completed
T1749,2021-06-17,C1524,Smartphone,148.0,-656.8161186346829,Credit Card,Completed
T1750,2025-02-30,C2783,Headphones,-9.0,-779.126112455526,PayPal ,Failed
T1751,2024-07-22,C1156,Smartphone,886.0,,credit card,Failed
T1752,2025-02-30,C4623,Laptop,-2.0,-606.6033702326429,PayPal,completed
T1753,2020-06-11,C2540,Tablet,1.0,-694.7873934391732,Credit Card,complete
T1754,2021-04-27,C683,Tablet,364.0,-506.5077417187663,PayPal,Pending
T1755,2023-13-01,C2273,Smartphone,215.0,109.0851740501652,Cash,complete
T1756,2023-13-01,C1450,Tablet,896.0,$-594.51,creditcard,Pending
T1757,2023-13-01,C3419,Laptop,-7.0,523.498101266805,pay pal,Pending
T1758,2023-13-01,C4786,Headphones,394.0,-774.1586156995195,Cash,complete
T1759,2022-08-08,C1897,Headphones,472.0,-628.0621905793098,creditcard,Completed
T1760,2023-13-01,C1365,Tablet,-7.0,171.91701060138593,PayPal ,Completed
T1761,2025-02-30,C2401,Laptop,366.0,-134.42009217910527,PayPal ,Pending
T1762,2024-08-20,C2106,Headphones,,,Credit Card,complete
,2025-02-30,C4924,Headphones,9.0,987.8105175589913,credit card,completed
T1764,2025-02-30,C590,Tablet,561.0,-401.34031536085604,credit card,complete
T1765,2025-02-30,C3972,Tablet,324.0,,PayPal ,completed
,2025-02-30,C1921,Laptop,783.0,675.2105035581562,PayPal ,Failed
T1767,2023-13-01,C094,Laptop,708.0,,Cash,
T1768,,,Coffee Machine,214.0,825.3922178760963,creditcard,Failed
T1769,2020-02-08,C2507,Tablet,4.0,-111.46846395235696,Credit Card,Pending
T1770,2023-13-01,C1602,Laptop,-9.0,-95.09217164615086,credit card,completed
T1771,2023-13-01,C4890,Smartphone,10.0,$180.93,creditcard,Completed
T1772,2025-02-30,C1895,Laptop,9.0,-890.9522806980813,PayPal ,complete
T1773,2023-13-01,C4945,Headphones,825.0,-617.9117344058944,PayPal ,completed
T1774,2023-13-01,C4984,Smartphone,346.0,-441.1808607793279,PayPal,completed
T1775,2025-02-30,C3618,Smartphone,-2.0,343.4460880694471,creditcard,
T1776,2025-02-30,C721,Laptop,-9.0,$-647.54,creditcard,Completed
T1777,2025-02-30,C3636,Smartphone,855.0,$-970.87,Credit Card,completed
T1778,2023-13-01,C3241,Laptop,-5.0,,credit card,Completed
T1779,2023-13-01,C2094,Headphones,501.0,,PayPal,Failed
T1780,2023-13-01,C2923,Headphones,856.0,673.7839859446967,Credit Card,Pending
T1781,2025-02-30,C4924,Headphones,10.0,,creditcard,Pending
T1782,2025-02-30,C4274,Tablet,456.0,988.2311484865627,credit card,complete
T1783,2023-13-01,C4709,Headphones,725.0,$477.85,PayPal,Completed
T1784,2025-02-30,C1727,Laptop,-4.0,$-884.97,Credit Card,complete
T1785,2023-13-01,C4781,Tablet,4.0,240.9242789849209,credit card,Completed
T1786,2023-10-17,C2626,Headphon,,-535.9152875577738,credit card,complete
T1787,2023-13-01,C2108,Headph,2.0,,pay pal,completed
T10990,2025-02-30,,Headphones,9.0,,creditcard,complete
T1789,2023-04-11,C585,Coffee Machine,815.0,821.541963905232,Credit Card,
T1790,2021-11-25,C3811,Table,-1.0,-915.1160181597558,PayPal,Failed
,2024-03-22,C598,Table,5.0,-687.4887398288072,Cash,Failed
T1792,2025-02-30,C3643,Smartphone,-7.0,,PayPal ,Completed
T1793,2024-02-20,C950,Laptop,683.0,898.49280005038,PayPal,
T1794,2025-02-30,C2578,Headphones,5.0,-319.2314623074185,PayPal ,complete
T1795,2025-02-30,C779,Tablet,4.0,743.7262747334569,pay pal,completed
T1796,2025-02-30,C2677,Coffee Machine,-1.0,-995.218136678723,creditcard,Completed
T1797,,C1881,Headphones,2.0,,Credit Card,Completed
T1798,2023-13-01,C2875,Coffee Machine,2.0,-410.6600005624347,Cash,Failed
T1799,2025-02-30,C4565,Coffee M,-4.0,-878.2901230638046,PayPal,Completed
T1800,2020-12-13,C4013,Smartphone,-8.0,,credit card,
T1801,2025-02-30,C3592,Coffee Machine,,-585.7820010481207,Credit Card,Pending
T1802,,C4561,Headphones,125.0,815.2091656127939,credit card,Pending
T1803,2023-03-13,C4061,Smartphone,468.0,-695.2465984872855,PayPal ,complete
T1804,2025-02-30,C556,Smartphone,-1.0,70.54467367720459,pay pal,complete
T1805,2023-13-01,C1952,Laptop,-2.0,-525.6626528120242,PayPal ,Pending
T1806,2023-13-01,C3987,Coffee Machine,663.0,,PayPal,Completed
T1807,2025-02-30,C2665,Coffee Machine,-6.0,,pay pal,Pending
T1808,2025-02-30,C074,Coffee Machine,1.0,-385.026943205522,pay pal,completed
T1809,2025-02-30,C1118,Tablet,-4.0,$-223.83,pay pal,
,2025-02-30,C3436,Coffee Machine,5.0,,Credit Card,Pending
T1811,2025-02-30,C4970,Coffee Machine,1.0,$-204.22,PayPal ,
T1812,,,Coffee Machine,-5.0,-466.0924970136389,Credit Card,Failed
T1813,2023-13-01,C3230,Smartphone,8.0,781.6144840160464,creditcard,Failed
T1814,2025-02-30,C2148,Laptop,668.0,-239.9819414131531,pay pal,complete
T1815,2024-03-14,C3814,Tablet,,,Cash,Failed
T1816,2023-13-01,C1101,Laptop,-4.0,551.6779212271038,PayPal ,
T1817,2025-02-30,C597,Laptop,7.0,,creditcard,Failed
T1818,2025-02-30,C2810,Tablet,-7.0,,PayPal ,Failed
T1819,2023-13-01,C2898,Smartphone,389.0,-414.4234165580127,Credit Card,Completed
,2022-12-04,C4143,Coffee Machine,7.0,142.906147282899,pay pal,
T1821,2025-02-30,C4946,Headphones,664.0,396.96570964221644,credit card,Failed
T1822,2023-13-01,C053,Laptop,293.0,971.1682127444479,credit card,
T1823,2020-04-03,C2661,Coffee Machine,630.0,,pay pal,complete
T1824,2020-11-12,C2745,Coffee Machine,3.0,624.9672645237616,Cash,
T1825,2021-11-19,C3392,Coffee Machine,-8.0,,credit card,complete
,2023-13-01,C2660,Tablet,-7.0,819.9954551492584,PayPal,complete
T1827,2025-02-30,C2827,Laptop,764.0,-737.8564074766593,PayPal,Failed
T1828,2023-13-01,C3259,Smartphone,451.0,,PayPal ,Failed
T1829,2024-11-02,C4048,Smartphone,200.0,716.5798749546208,pay pal,Pending
T1830,2025-02-30,C2729,Headphones,808.0,-532.0412692429175,pay pal,complete
T1831,2023-13-01,C4929,Cof,3.0,,pay pal,Completed
T1832,2021-11-27,C2947,Coffee Machine,5.0,-408.3636188666451,PayPal ,complete
T1833,2025-02-30,C4032,Tablet,2.0,-302.929694625387,Credit Card,Failed
T1834,2024-06-07,C278,Laptop,775.0,-931.6308077203694,PayPal,
T1835,2025-02-30,C3259,Coffee Machine,-5.0,,PayPal ,complete
T1836,2025-02-30,C2549,Tablet,-1.0,,PayPal ,Failed
T1837,2023-13-01,C4150,Smartphone,6.0,303.7198387127849,PayPal,Completed
T1838,2023-13-01,C2609,Smartphone,8.0,,Credit Card,Completed
,2021-07-15,C4485,Tablet,-9.0,,credit card,Failed
T1840,2023-09-16,C1346,Coffee Machine,5.0,-379.1393709313895,Credit Card,Pending
T1841,2023-13-01,C3492,Tablet,242.0,934.763844774993,pay pal,
T1842,2023-13-01,,Coffee Machine,3.0,860.4551685575365,pay pal,Completed
T1843,2020-01-24,C1566,Coffee Machine,859.0,$531.52,Cash,complete
T1844,2020-10-10,C3449,Smartphone,-3.0,-79.15401994817887,Cash,Pending
T1845,2023-13-01,C2082,Laptop,598.0,105.36624238642719,credit card,complete
T1846,2025-02-30,C3194,Coffee Machine,9.0,,creditcard,complete
T1847,2022-01-22,C2345,Coffee Machine,10.0,941.9374860767351,creditcard,Failed
T1848,2023-13-01,C224,Tablet,946.0,$908.06,PayPal,Completed
T1849,2025-02-30,C1794,Headphones,251.0,-157.99960345115028,PayPal,Pending
T1850,2025-02-30,C4353,Coffee Machine,509.0,$-575.67,PayPal,Failed
T1851,2023-13-01,C2253,Tablet,-8.0,,pay pal,completed
T1852,2021-07-16,C2960,Tablet,-6.0,316.789634922246,PayPal ,completed
,2020-09-11,C1582,Coffee Machine,-9.0,,pay pal,
T1854,2024-02-10,C4894,Laptop,7.0,,PayPal,complete
T1855,2023-13-01,C4283,Headpho,258.0,,Cash,Completed
T1856,2022-04-05,C146,Laptop,710.0,-761.7984801848423,PayPal ,Failed
T1857,2021-12-17,C2010,Smartphone,10.0,,PayPal ,Failed
T1858,2023-13-01,C552,Coffee Machine,-6.0,323.2936832222036,PayPal ,completed
T69874,2023-13-01,C245,Tablet,,-757.5100656887366,PayPal,complete
T1860,2020-01-04,C3853,Smartphone,-9.0,,PayPal ,
T1861,2023-13-01,C277,Table,858.0,701.415929641335,PayPal ,
T1862,2025-02-30,C3118,Tablet,8.0,,Credit Card,
T1863,2023-10-04,C3356,Headphones,432.0,62.08412892835336,Cash,completed
T1864,2024-03-06,C4234,Headphones,-4.0,,PayPal ,complete
T1865,2021-07-02,,Tablet,-6.0,,creditcard,Pending
T1866,2020-04-20,C1683,Smartphone,-4.0,654.5264952165993,pay pal,Pending
T1867,,C4799,Coffee Machine,-5.0,452.3521630321479,PayPal,
T1868,2025-02-30,C604,Smartphone,-5.0,,pay pal,complete
T1869,2021-11-20,C2362,Smartphone,-4.0,-597.3438888830401,credit card,Pending
,2020-08-11,C3141,Smartphone,-8.0,-873.9623861196702,creditcard,completed
,2025-02-30,C4375,Headphones,199.0,842.9937123068822,Cash,Failed
T1872,2023-13-01,C2488,Smartphone,-2.0,518.308741589545,Credit Card,Pending
,2025-02-30,C247,Laptop,387.0,$-386.91,pay pal,completed
T1874,2022-04-19,C1043,Headphones,-5.0,-50.617028138907926,credit card,completed
T1875,2024-12-12,C2378,Tablet,294.0,-73.76991397140398,pay pal,completed
T1876,2025-02-30,C4486,Smartphone,7.0,-848.2913364417781,pay pal,Completed
T1877,2021-11-13,C4068,Coffee Machine,-10.0,481.99441534090937,credit card,
T1878,2023-13-01,C1032,Coffee Machine,312.0,,Credit Card,Failed
T1879,2025-02-30,C096,Coffee Machine,-2.0,,creditcard,
T1880,2023-13-01,C083,Coffee Machine,490.0,-416.15635280867946,PayPal ,completed
T1881,2023-13-01,C1868,Coffee Machine,-5.0,-917.9419615197505,pay pal,Completed
T1882,2023-12-04,C1051,Smartphone,1.0,541.5701233820571,Cash,Failed
T1883,2023-13-01,C3790,Headphone,302.0,,PayPal ,Completed
T1884,2023-13-01,C3010,Tablet,-1.0,,credit card,Failed
T1885,2025-02-30,C4210,Smartphone,-9.0,,PayPal,Failed
T1886,2023-10-16,C1557,Tablet,6.0,,pay pal,Pending
T1887,2023-13-01,C2057,Smartphone,893.0,-686.750225141677,PayPal ,Completed
T1888,2025-02-30,C4066,Smartphone,7.0,,creditcard,Failed
T1889,2025-02-30,C4883,Smartphone,-5.0,533.9698215082861,credit card,Failed
,2023-13-01,C3382,Smartphone,-2.0,898.8561276583065,credit card,Pending
T1891,2023-13-01,C118,Coffee Machine,713.0,,PayPal ,Completed
T1892,2023-13-01,C556,Smartphone,8.0,,PayPal,completed
T1893,2023-05-22,C3742,Tablet,8.0,-778.1891120264371,PayPal,complete
T1894,2025-02-30,,Tablet,-7.0,-362.6922189250058,credit card,complete
T1895,2020-07-09,C962,Headphones,169.0,334.1139633214903,creditcard,Pending
T1896,2022-02-11,C2830,Laptop,2.0,,PayPal,completed
T1897,2025-02-30,C1594,Laptop,-3.0,,PayPal ,completed
T1898,2025-02-30,C3859,Smartphone,-7.0,-65.50512993838618,creditcard,complete
T1899,2022-09-05,C2406,Tablet,-1.0,818.5581479468024,credit card,completed
T1900,2023-13-01,C3627,Coffee Machine,760.0,297.9426867715187,credit card,
T1901,2023-11-04,C3335,Coffee Machine,969.0,937.0916473569714,PayPal ,Completed
T1902,2023-13-01,C992,Headphon,6.0,513.5564002212473,creditcard,Failed
T1903,,C2067,Coffee Machine,6.0,,PayPal ,Pending
T1904,,C4027,Coffe,-6.0,$-521.04,pay pal,Failed
T1905,2025-02-30,C2694,Coffee Machine,1.0,-831.881103995859,pay pal,
T1906,2023-13-01,C4181,Smartphone,8.0,706.4760395767432,creditcard,Completed
T1907,2025-02-30,C2892,Laptop,10.0,,PayPal ,
T1908,2023-13-01,C1187,Coffee Machine,-8.0,390.28384327762166,Cash,completed
T1909,2023-13-01,C1763,Tablet,1000.0,,PayPal,
T1910,2025-02-30,C3364,Coffee Machine,8.0,-215.3808085809968,pay pal,Failed
T1911,2024-04-10,C1664,Smartphone,-1.0,321.1027046536628,credit card,Completed
T1912,,C1430,Headphones,4.0,-264.5941215084466,credit card,
T1913,2023-13-01,C1736,Laptop,385.0,,PayPal,complete
T1914,2023-13-01,C3256,Smartphone,-6.0,$899.89,PayPal,Completed
T1915,2025-02-30,C1749,Headphones,2.0,348.3519004249674,pay pal,complete
T1916,2024-07-13,C1720,Laptop,7.0,,creditcard,complete
T1917,2021-06-27,C591,Headphones,426.0,,PayPal,Completed
T1918,2023-13-01,C3370,Laptop,9.0,960.7681930976138,PayPal ,
T1919,2025-02-30,C4929,Coffee Machine,-1.0,911.0816097654293,Credit Card,
T1920,2023-13-01,C1238,Laptop,-2.0,,creditcard,Completed
T1921,2023-13-01,C703,Smartphone,820.0,587.1904307452262,Credit Card,completed
T1922,2023-13-01,C4108,Coffee Machine,253.0,193.83318643731624,PayPal,complete
T1923,2023-13-01,C3231,Tablet,397.0,361.4872493299523,creditcard,complete
T1924,2024-03-24,C3185,Tablet,4.0,475.5248452655071,credit card,completed
T1925,2023-13-01,C2682,Tablet,7.0,616.4369199068389,Credit Card,Pending
T1926,2025-02-30,C3499,Coffee Machine,2.0,-593.9650101081165,PayPal ,Pending
T1927,2025-02-30,C4462,Smartphone,-5.0,678.9181809783547,PayPal ,Pending
T1928,2023-13-01,C3585,Laptop,-3.0,-666.2736573956281,pay pal,Completed
,2024-09-07,C819,Headphones,784.0,,pay pal,Failed
T1930,2023-13-01,C2966,Headphones,949.0,-229.853999948485,PayPal,Completed
T1931,2023-13-01,C659,Headphones,-4.0,$900.63,pay pal,
T1932,2023-11-14,C701,Laptop,-8.0,-328.0850397720443,Cash,complete
T1933,2023-13-01,C3637,Hea,6.0,516.322358349648,Cash,Pending
T1934,,C4528,Smartphone,-2.0,,creditcard,
T1935,2025-02-30,C3615,Tablet,933.0,332.25544307258315,PayPal ,
T1936,2025-02-30,C3757,Smar,-2.0,760.0879747407987,PayPal,Failed
T1937,2023-13-01,C4387,Headphones,265.0,834.5590669858829,Cash,Completed
T1938,2022-09-23,C2114,La,8.0,-390.785571658074,creditcard,completed
T1939,2023-13-01,C4415,Headphones,3.0,$-916.29,Credit Card,completed
T1940,2024-03-12,C1553,Coffee Machine,647.0,-772.6483504289259,credit card,complete
T1941,,C3640,Smartphone,1.0,,credit card,
T1942,2020-10-13,C920,Tablet,-8.0,-637.2812441450079,credit card,Completed
T1943,2023-13-01,C1488,Tablet,-10.0,-938.4721777683949,credit card,Failed
T1944,2023-13-01,C2198,Tablet,5.0,488.12951619849525,PayPal ,Pending
T1945,,C2719,Tablet,5.0,-649.5263720905803,Credit Card,Failed
T1946,2023-13-01,C338,Laptop,8.0,335.99346180313466,PayPal,completed
T1947,2024-08-13,C4363,Headpho,9.0,,PayPal ,
T1948,2023-13-01,C922,Coffee Machine,-10.0,-931.7864493511701,PayPal,Failed
T1949,,C3638,Headphones,-2.0,390.4450725411075,Credit Card,Failed
T1950,2023-13-01,C3161,Laptop,368.0,,creditcard,completed
T1951,2024-09-04,C4502,Laptop,716.0,-306.8371536433126,Credit Card,Pending
T1952,2023-13-01,C163,Table,3.0,873.7699266800047,Credit Card,complete
T1953,2023-13-01,C4168,Headphones,-6.0,526.09274376174,PayPal ,complete
T1954,2023-13-01,C3430,Coffee Machine,2.0,,credit card,Completed
T1955,2023-13-01,C106,Coffee Machine,831.0,,Cash,
T1956,2024-05-12,C1186,Coffee Machine,447.0,,creditcard,Pending
T1957,2025-02-30,C1140,Tablet,517.0,-862.3697349701947,PayPal,completed
T1958,2025-02-30,C2636,Laptop,549.0,-843.6081805847149,creditcard,Failed
T1959,2025-02-30,C3435,Smartphone,709.0,-974.234323019043,Credit Card,completed
T1960,2025-02-30,C627,Laptop,9.0,-886.3958885587191,credit card,complete
T1961,2025-02-30,C585,Laptop,8.0,,credit card,Completed
T1962,2023-13-01,C440,Laptop,4.0,-574.4165000819149,creditcard,Pending
T1963,2023-13-01,,Coffee Machine,3.0,,Credit Card,completed
T39985,2023-03-04,C4697,Coffee Machine,5.0,,PayPal ,
T1965,2021-07-29,C1140,Coffee Machine,1.0,,PayPal,completed
T1966,2025-02-30,C4628,Coffee Machine,301.0,-733.2609734141391,PayPal ,completed
T1967,2025-02-30,C3955,Tablet,5.0,,PayPal ,Completed
T1968,2023-13-01,C926,Laptop,3.0,-998.0390621652019,creditcard,Completed
T1969,2024-11-16,C4912,Smartphone,940.0,823.4842765869007,pay pal,Pending
T1970,2025-02-30,C2425,Laptop,-7.0,530.6491923677365,PayPal ,complete
T1971,2024-04-19,,Coffee,-4.0,403.5581780888591,PayPal ,Pending
T1972,2023-13-01,C1126,Coffee Machine,-3.0,,PayPal,complete
T1973,2024-04-27,C4773,Coffee Machine,-2.0,,Cash,Failed
T1974,2025-02-30,C1871,Coffee Machine,831.0,837.7699711810083,creditcard,Pending
T1975,2025-02-30,C4181,Headphones,999.0,,PayPal ,complete
T1976,2022-02-24,C2507,Smartphone,-4.0,966.7639043416376,Credit Card,complete
T1977,2020-11-09,C314,Tablet,240.0,-520.3670215302011,PayPal,
T1978,2025-02-30,C4139,Laptop,497.0,,Cash,Failed
T1979,2023-13-01,C708,Smartphone,-3.0,-957.0663716896792,pay pal,completed
,2022-08-14,C4067,Coffee Machine,8.0,,Credit Card,completed
T1981,2021-10-24,C4931,Smartphone,632.0,618.3200478863452,credit card,Pending
T1982,2023-05-11,C2421,Laptop,10.0,,PayPal ,completed
T1983,2023-13-01,C153,Laptop,-6.0,-387.1594577296462,PayPal,Completed
T1984,2023-13-01,C2870,Tablet,-2.0,788.619833816401,PayPal ,Failed
T1985,2025-02-30,C2838,Headphones,318.0,-997.7909004527427,Credit Card,
T1986,2025-02-30,,Headphones,10.0,,credit card,Completed
T1987,2023-13-01,C401,Headphones,888.0,-119.93103892524732,Credit Card,Pending
T1988,2023-13-01,C2172,Smartphone,320.0,-521.685449279568,Cash,Pending
T1989,2025-02-30,C1836,Tablet,10.0,,credit card,Pending
T1990,2023-13-01,C3830,Coffee Machine,313.0,374.44091682453427,pay pal,complete
T1991,2025-02-30,,Coffee Machine,4.0,484.87742408243145,PayPal ,complete
T1992,2023-13-01,C929,Headphones,-5.0,,PayPal ,Pending
T1993,2023-08-22,C1208,Coffee Machine,7.0,329.2081054073638,PayPal,
T1994,2023-13-01,C3439,Headphones,-6.0,$260.44,Credit Card,Pending
T1995,2023-12-28,C2969,Laptop,7.0,916.1604634727312,pay pal,complete
T1996,2023-13-01,C4946,Smartphone,-5.0,133.87050477888778,PayPal,Failed
T1997,2020-07-05,C1818,Headphones,7.0,,PayPal ,completed
T1998,2023-13-01,C3078,Smartphone,166.0,380.30069764479896,Cash,Completed
,2020-01-07,C920,Cof,-4.0,,Cash,
T2000,2025-02-30,C4544,Smartphone,293.0,,Cash,Pending
T2001,2020-09-23,C1356,Coffee Machine,7.0,-400.4804336225145,pay pal,Pending
T2002,2024-10-01,C207,Coffee Machine,4.0,,Cash,complete
T2003,2022-04-12,C1355,Laptop,10.0,-593.0877838428985,PayPal ,Pending
T2004,2022-08-31,C1206,Laptop,-3.0,,PayPal,Pending
T2005,2023-13-01,C3739,Headphones,6.0,,PayPal ,Completed
T2006,2025-02-30,C331,Laptop,3.0,,Cash,completed
T2007,2023-11-30,C1584,Smartphone,-9.0,,credit card,complete
T2008,2025-02-30,C1605,Laptop,-2.0,$-389.58,Credit Card,complete
T2009,2025-02-30,C2791,Coffee,10.0,386.9693894741738,Credit Card,
T2010,2023-13-01,C2019,Laptop,621.0,-187.97731556402016,pay pal,Failed
,2023-13-01,C4091,Coffee Machine,,109.83488653672339,credit card,Failed
T2012,2023-01-02,C338,Hea,6.0,,pay pal,Completed
T2013,2023-13-01,C3463,Lapto,985.0,-822.5064384461687,creditcard,completed
T2014,,C215,Headphones,5.0,908.8361225631892,PayPal,completed
,2023-13-01,C2730,Tabl,344.0,-594.5939298035682,PayPal,
T2016,2025-02-30,C4480,Tablet,3.0,210.93365136986588,PayPal ,Failed
T2017,2020-08-25,C3751,Coffee Machine,1.0,219.76995320153006,PayPal,Failed
T2018,2024-10-09,C3486,Tablet,-7.0,513.3595003784812,Credit Card,
T2019,2023-03-04,C2303,Tablet,971.0,$510.90,pay pal,Completed
T2020,2025-02-30,C653,Tablet,751.0,,creditcard,Pending
T2021,2023-13-01,C988,Tablet,3.0,,pay pal,completed
T2022,2025-02-30,C1549,Head,2.0,732.8234816967228,credit card,completed
T2023,2023-13-01,C4181,Coffee Machine,5.0,634.3048982041886,PayPal ,complete
T2024,2025-02-30,C4187,Smartphone,-6.0,,PayPal,completed
T2025,2025-02-30,C365,Smartphone,-7.0,-855.3805705013332,Cash,complete
T2026,2022-08-10,C3217,Headphones,162.0,,PayPal,complete
T2027,2022-01-19,C3470,Headphones,929.0,340.9197445827171,PayPal,Completed
T2028,2020-04-02,C4887,Coffee Machine,300.0,263.80980863322975,PayPal ,Pending
T2029,2023-13-01,C1264,Headphones,-1.0,-801.1061382126991,creditcard,Completed
T2030,2023-13-01,C1343,Coffee Machine,649.0,,Credit Card,complete
T2031,2023-12-11,C886,Tablet,-2.0,,Cash,
T2032,2020-01-30,C1241,Coffee Machine,-8.0,571.2409221017474,creditcard,complete
T2033,2023-13-01,C1382,Smartphone,496.0,-289.3669694885334,PayPal,Pending
T2034,2023-13-01,C3052,Laptop,781.0,,Cash,Pending
T5456,2022-11-01,C1548,Tablet,530.0,-706.4750815495283,PayPal,Pending
T2036,2025-02-30,C2247,Laptop,-7.0,819.0193570709341,PayPal,completed
T2037,2024-11-07,,Laptop,,,pay pal,Completed
T2038,2023-12-17,C964,Smartphone,354.0,649.5029545716259,Credit Card,Failed
T2039,2023-13-01,C2343,Tablet,-2.0,-850.1347504382109,Cash,completed
T2040,2023-13-01,C3380,Coffee Machine,-2.0,424.65770756158514,Credit Card,Completed
T2041,2023-13-01,C334,Smartphone,9.0,-52.71464316943127,PayPal ,complete
T2042,2022-12-26,C2224,Coffee Machine,-9.0,-840.6987163431411,Credit Card,Completed
T2043,2025-02-30,C3306,Smartphone,668.0,$-491.15,creditcard,
T2044,2021-06-13,C4877,Headphones,1.0,$-88.47,creditcard,Completed
T2045,2023-13-01,C3824,Headphones,10.0,104.05738842828694,Credit Card,Failed
T2046,2023-13-01,C2812,Headphones,-4.0,,PayPal,Pending
T2047,2021-10-12,C4009,Coffee Machine,127.0,182.03553915693743,Cash,complete
T2048,2025-02-30,C1626,Table,-3.0,-487.6817778313981,credit card,Completed
T2049,2023-13-01,C906,Tablet,-9.0,-139.1337788352813,PayPal,complete
T2050,2023-13-01,C3392,Smartphone,331.0,-408.95752553149305,Credit Card,
T2051,2023-13-01,C4423,Tablet,10.0,-604.6471018980068,Credit Card,Failed
T2052,2025-02-30,C4738,Headphones,-4.0,-969.331586674352,Cash,completed
T2053,2025-02-30,C2290,Smartph,-6.0,732.7847991012871,PayPal,
T2054,2024-08-24,,Smartphone,,-629.2954215528734,PayPal ,completed
T2055,2023-13-01,,Headphones,4.0,,PayPal ,Completed
T2056,2023-13-01,C3185,Smartphone,-1.0,-626.7986879320138,PayPal ,completed
T2057,2023-01-17,C3421,Tablet,-6.0,$675.84,credit card,complete
T2058,2023-13-01,C3516,Tablet,-1.0,269.6719171604018,Credit Card,completed
,2024-02-17,C587,Lapto,3.0,$-266.35,credit card,
T2060,2023-13-01,,Laptop,9.0,298.1026064001768,PayPal,Pending
T2061,2022-06-22,C4079,Tablet,-2.0,,Cash,complete
T2062,2025-02-30,C3477,Tablet,10.0,-404.0603336177877,PayPal ,completed
T2063,2024-04-20,C2502,Headphones,6.0,,creditcard,Completed
T2064,2023-13-01,C1393,S,-9.0,,credit card,
T2065,2025-02-30,C3210,Smartph,-5.0,760.7049259296039,PayPal,Failed
T2066,2020-08-31,C4442,Tablet,956.0,-469.0404773958055,creditcard,
T2067,,C156,Smartphone,-10.0,109.99890329505084,creditcard,Completed
T2068,2024-05-11,C1509,Laptop,305.0,$689.46,PayPal,Pending
T2069,2025-02-30,C4430,Coffee Machine,694.0,,PayPal ,completed
T2070,2025-02-30,C4352,Coffee Machine,284.0,,creditcard,Pending
T2071,2025-02-30,C563,Tablet,988.0,-834.1173571519432,Credit Card,Failed
T2072,2025-02-30,C4196,Tablet,640.0,302.16244384042284,Cash,complete
T2073,2025-02-30,C3736,Laptop,-7.0,-57.783608346731626,PayPal,Failed
T2074,2023-13-01,C006,Headphones,6.0,658.522161747134,PayPal ,Completed
T2075,2025-02-30,C3515,Laptop,-10.0,590.2298489229919,pay pal,Pending
T2076,2025-02-30,,Coffee Machine,-8.0,$465.80,creditcard,Failed
T2077,2025-02-30,C1791,Smartphone,10.0,432.69021247868267,PayPal,Pending
T2078,2022-02-19,C3798,Coffee Machine,-1.0,-700.3429463691808,Cash,Failed
T2079,2023-13-01,,Smartphone,-6.0,,PayPal,complete
T2080,2025-02-30,C4979,Smartphone,2.0,,Cash,
T2081,2021-09-02,C2204,Hea,808.0,-488.61838907292486,Credit Card,Failed
T2082,2025-02-30,C2065,Coffee Ma,-10.0,,creditcard,Completed
T2083,2020-07-08,C3972,Tablet,3.0,505.15993208618926,credit card,completed
T2084,2021-10-22,C330,Coffee Machine,8.0,-188.0449229389286,creditcard,Completed
T2085,2025-02-30,C4813,Smartpho,4.0,379.62007574522295,creditcard,completed
T2086,2020-07-16,C1966,Tablet,9.0,-175.13389026670518,PayPal ,
T2087,2023-13-01,C3594,Tablet,-1.0,-168.58333874440086,PayPal,completed
T2088,2025-02-30,C4029,Laptop,879.0,656.9227718932098,PayPal,
T2089,2022-05-26,C1957,Laptop,5.0,-856.4163491263696,pay pal,
T2090,2023-13-01,C4600,Laptop,-5.0,-899.5326358395811,Cash,Failed
T2091,2020-11-16,C2106,Headphones,463.0,,PayPal ,Completed
T2092,,C2619,Smartphone,6.0,-576.2315848690903,Cash,Pending
T2093,2024-07-02,C3173,Tablet,,,Credit Card,complete
T2094,2023-13-01,C3787,Smartphone,6.0,205.69032120569335,creditcard,Pending
T2095,2023-13-01,C4220,Coffee Machine,386.0,,PayPal ,complete
T2096,2024-03-21,,Smartphone,-6.0,447.3413535873642,Credit Card,completed
T2097,2023-13-01,C3614,Smartphone,-1.0,855.3733430675071,Cash,completed
T2098,2023-13-01,C918,Tabl,7.0,430.8038749241021,Cash,completed
T2099,2023-13-01,C3497,Laptop,998.0,,credit card,completed
T2100,2025-02-30,C2142,Coffee Machine,4.0,-178.08875065438508,PayPal ,
T2101,2024-02-21,C1727,Coffee Machine,-1.0,420.41934907574586,credit card,Pending
T2102,2023-13-01,C1393,Smartphone,10.0,,PayPal ,Completed
T2103,2023-13-01,C3819,Laptop,-6.0,496.74224208890365,creditcard,Completed
T2104,2025-02-30,C905,Coffee Machine,,621.8552582548239,credit card,complete
T2105,2025-02-30,C2923,Tablet,-3.0,-852.6626030202351,pay pal,Failed
T2106,2023-13-01,C4168,Laptop,140.0,,Cash,complete
T2107,2023-13-01,C1706,Smartphone,783.0,637.9751730094446,PayPal ,
T2108,2021-07-10,C308,Laptop,-2.0,510.60906289730127,creditcard,complete
T2109,2025-02-30,C4870,Laptop,5.0,,PayPal,
T2110,2023-13-01,C4918,Smartphone,,52.458192528658046,PayPal,Pending
T2111,2022-03-09,C2935,Tablet,-7.0,188.39432665088637,PayPal ,Failed
T2112,2025-02-30,C2766,Smartphone,-4.0,544.3267951456676,PayPal,Completed
T2113,2025-02-30,C4160,Smartphone,-9.0,280.7797318502777,credit card,complete
T2114,2023-13-01,C104,Laptop,9.0,-584.2377757349122,credit card,complete
T2115,2025-02-30,C1584,Headphones,-4.0,-933.398804057278,PayPal ,complete
T2116,2025-02-30,C2960,Coffee Machine,192.0,-422.4483385881746,Cash,Pending
T2117,2025-02-30,C3063,Tab,524.0,,creditcard,Pending
T2118,2025-02-30,C073,Headphones,-4.0,601.6420521488475,Cash,
T2119,2025-02-30,C4456,Lapt,8.0,490.58745877927515,PayPal ,complete
T2120,2024-03-21,C441,Smartphone,-4.0,-563.9738226764966,Cash,Pending
T2121,2025-02-30,C063,Coffee Machine,-7.0,-349.2311181483211,pay pal,Pending
T2122,2025-02-30,C4154,Laptop,-8.0,$998.97,Cash,Failed
T2123,2024-09-12,C2204,Headphones,3.0,-770.1661693153279,PayPal,Pending
T2124,2020-10-01,C3656,Tablet,6.0,,Cash,Completed
T2125,2025-02-30,C2305,Coffee Machine,3.0,,PayPal ,Completed
T2126,2022-04-07,C464,Coffee Machine,9.0,933.6613192538774,credit card,Completed
T2127,2021-08-15,C2281,Tablet,2.0,-985.597261100501,PayPal,Pending
T2128,2022-02-16,C1666,Smartphone,572.0,-476.2573228144224,Cash,complete
T2129,2020-10-12,C1710,Smartphone,5.0,238.77847281650534,pay pal,completed
T2130,2023-13-01,C404,Coffee Machine,-8.0,$256.72,creditcard,Failed
,2025-02-30,C2481,Smartphone,2.0,326.59474574028275,PayPal ,Pending
T2132,2025-02-30,C016,Laptop,,,creditcard,
T2133,2025-02-30,C3366,Laptop,877.0,-584.3216059305212,PayPal ,Completed
T2134,2023-13-01,C2456,Headphones,8.0,,Cash,complete
T2135,2022-05-30,C723,Headphones,-6.0,-933.9996867905161,Credit Card,Pending
T2136,2023-13-01,C4807,Coffee Machine,5.0,,credit card,Failed
,2023-13-01,C3680,Smartphone,-10.0,,PayPal ,Pending
T2138,2023-13-01,C3526,Headphones,473.0,-150.72188191618352,creditcard,Pending
T2139,2025-02-30,C1823,Headphones,6.0,-249.26439862196298,PayPal ,Failed
T2140,2022-12-31,C3901,Smartp,330.0,-460.85947691701256,PayPal ,
T2141,2025-02-30,C4659,Tablet,993.0,465.69873961671,PayPal ,Pending
T2142,2025-02-30,C2147,Headphones,-9.0,,PayPal ,Failed
T2143,2025-02-30,,Headphones,896.0,-571.8767733025164,pay pal,complete
T2144,,C2972,Coffee Machine,-3.0,-430.97476629553125,creditcard,Completed
T2145,2023-13-01,C4602,Coffee Machine,9.0,-97.39341790398441,Cash,
T2146,2023-13-01,C2773,Headphones,-2.0,,Cash,completed
T2147,2021-12-06,C968,Laptop,-7.0,$109.04,Cash,Pending
T2148,2023-13-01,C1105,Laptop,334.0,-770.2877626923927,creditcard,Completed
T2149,2021-12-13,,Headphones,,-845.5060465279776,Credit Card,complete
,2023-13-01,C4972,Laptop,-8.0,484.50789672343006,Cash,
T2151,2025-02-30,C2030,Tablet,10.0,,credit card,completed
T2152,2025-02-30,C797,Smartphone,603.0,159.72458011230162,PayPal ,complete
T2153,2023-13-01,C2077,Coffee Machine,-5.0,424.7600090704548,pay pal,complete
T2154,2023-03-21,C676,Coffee Machine,9.0,,PayPal ,complete
T2155,2023-13-01,C1410,Laptop,1.0,614.8778120610075,credit card,complete
T2156,2023-13-01,C876,Coffee Machine,-9.0,,Credit Card,Failed
T2157,2021-10-15,C809,Headphones,-9.0,658.2404192016869,credit card,completed
T2158,2023-13-01,C3306,Headphones,-2.0,,PayPal ,complete
T2159,2022-02-28,C2455,Smartphon,903.0,303.8642096884659,PayPal,complete
T2160,2024-02-18,C2424,Coffee Machine,768.0,-499.6848313614128,Credit Card,completed
T2161,2025-02-30,C3513,Coffee Machine,624.0,$686.37,pay pal,Failed
T2162,2021-04-09,C3420,Laptop,-8.0,-579.9151182861951,Credit Card,
T2163,2023-09-11,C869,Tablet,-10.0,,PayPal,Failed
T2164,2025-02-30,C1087,Tablet,9.0,,PayPal ,completed
T2165,2022-11-22,,Smartphone,650.0,,PayPal,
T2166,2025-02-30,C2394,Tablet,-6.0,-923.0123306981609,Credit Card,complete
T2167,2023-13-01,C1484,Tablet,9.0,-419.1906163013167,creditcard,complete
T2168,2023-03-08,C3812,Coffee Machine,2.0,332.93367430780717,Cash,completed
T2169,2025-02-30,C4707,Laptop,5.0,,credit card,Pending
T2170,2025-02-30,C3020,Headpho,-5.0,-487.5562595402605,credit card,Failed
T2171,2024-07-30,,Headphones,,359.8006406377566,Credit Card,
T2172,2023-13-01,C3835,Coffee,7.0,,PayPal ,Failed
T2173,2025-02-30,C2729,Head,-4.0,-709.605407973156,credit card,Completed
T2174,2022-06-22,C4563,Coffee Machine,203.0,-377.5288712809738,PayPal ,
T2175,,C1255,Coffee Machine,,-625.8671823703359,PayPal ,
T2176,2023-12-06,C2741,Laptop,-5.0,158.33307964677377,creditcard,Pending
T2177,2022-05-09,C641,Tablet,-5.0,-354.625369958089,Credit Card,Failed
T2178,2023-13-01,C4530,Tablet,-4.0,$-482.92,creditcard,Pending
T2179,2023-13-01,C620,Tablet,-8.0,,credit card,completed
T2180,2022-02-25,C2957,Table,991.0,782.5209389262127,Cash,Pending
T2181,2025-02-30,,Headphones,,570.0278229816928,credit card,completed
T2182,2023-13-01,C894,Headphones,6.0,-948.9047525202766,credit card,Pending
,2023-11-16,C1450,Laptop,-5.0,$-528.66,PayPal,completed
T2184,2020-12-15,C2068,Coffee Machine,7.0,308.60266363114437,creditcard,
T2185,2023-12-17,C2074,Laptop,-3.0,$-434.43,Credit Card,Completed
T2186,2020-10-28,C4819,Coffee Machine,6.0,269.6887150547435,Cash,Completed
T2187,2023-13-01,C002,Laptop,8.0,541.1081177692411,PayPal,Pending
T2188,2022-06-27,C2173,Tablet,585.0,$-371.75,Credit Card,completed
T2189,2024-01-22,C2016,Laptop,1.0,,Cash,Completed
T2190,2025-02-30,C3168,Coffee Machine,8.0,-523.2800869714998,Cash,Failed
T2191,2025-02-30,,Smartphone,-4.0,436.22066658657775,Cash,
T2192,2021-06-06,C2839,Coffee Machine,983.0,-782.4425062823377,pay pal,completed
T2193,2025-02-30,C3945,Smartphone,-4.0,115.78444736805261,creditcard,Pending
T2194,2023-13-01,C4646,Coffee Machine,829.0,,creditcard,Pending
T2195,2023-13-01,,Laptop,1.0,,creditcard,Failed
T2196,2024-11-06,C1418,Smartphone,-7.0,-758.3755728901583,PayPal ,
T2197,2023-13-01,C4987,Smartphone,5.0,-854.214672092416,credit card,complete
T2198,2025-02-30,C2667,Headphones,-1.0,,creditcard,Failed
T2199,2024-10-28,C2928,Tab,10.0,$-752.96,credit card,Failed
T2200,,C1061,Coffee Machine,617.0,,Cash,completed
,2023-13-01,C1024,Laptop,8.0,559.6923314035648,PayPal,Failed
T2202,2021-06-02,C3717,Coffee Machine,5.0,-375.9735983816431,Credit Card,Failed
T2203,2022-04-22,C117,Smartphone,403.0,,pay pal,Pending
T2204,2023-13-01,C1181,Tablet,-8.0,571.0121079068845,Credit Card,complete
T2205,2023-13-01,C3210,Tablet,-3.0,276.1023914391739,pay pal,
T2206,2023-13-01,C2896,Headphones,7.0,,pay pal,
T2207,2025-02-30,C3964,Headphones,894.0,,PayPal ,complete
T2208,2023-13-01,C1027,Lap,883.0,74.80295824311989,Credit Card,Completed
T2209,2025-02-30,C311,Coffee Machine,-7.0,854.57919736925,creditcard,complete
T2210,2023-13-01,C107,Coffee Machine,230.0,-720.7292050237389,pay pal,Pending
T2211,2023-13-01,C4652,Headphones,222.0,-77.791491133553,Credit Card,Failed
T2212,2022-07-06,C4709,Coffee Machine,4.0,-951.9514491373574,Cash,Pending
T2213,2023-10-29,C3683,Tablet,481.0,-419.8476013411207,credit card,Failed
T2214,2023-13-01,C402,Tablet,-10.0,-761.6418160587305,credit card,completed
T2215,,C459,Coffee Machine,607.0,374.31481202303775,creditcard,completed
,2023-13-01,C2516,Headphones,-5.0,,credit card,complete
T2217,2025-02-30,C1180,Headphones,732.0,353.8296817626368,Credit Card,
T2218,2025-02-30,C4852,Smartphone,-7.0,-321.4751456309193,pay pal,
T2219,2023-13-01,C4427,Headphones,206.0,946.1467883865937,Cash,
T2220,2024-08-02,C3791,Coffee Machine,7.0,-688.7182470644243,Credit Card,Failed
T2221,2022-05-02,C3398,Laptop,766.0,-987.0987245055396,creditcard,
T2222,2023-13-01,C340,Coffee Machine,532.0,-292.6706680834169,PayPal ,Pending
T2223,2025-02-30,C1928,Smartphone,6.0,111.0241845197875,Cash,Pending
T2224,2023-13-01,C4700,Headphones,-7.0,,PayPal,
,2025-02-30,C353,Tablet,170.0,-957.0291899149515,PayPal ,complete
T2226,2020-11-26,C4310,Tablet,-10.0,686.0685352873581,PayPal,
T2227,2022-12-09,C678,Headphones,299.0,$286.26,PayPal ,Failed
T2228,2023-04-23,C280,Coffee Machine,-7.0,,Credit Card,Failed
T2229,2023-13-01,C2804,Smartphone,9.0,340.7875683922451,credit card,Completed
T2230,2025-02-30,C4992,Headphones,8.0,,credit card,Pending
T2231,2022-08-24,C2096,Coffee Machine,1.0,167.55874694547146,PayPal,completed
T2232,,C019,Headphones,720.0,-852.5095111127282,credit card,
T2233,2023-03-18,C4845,Smartphone,-5.0,,Credit Card,Pending
T2234,2025-02-30,C1097,Laptop,187.0,789.6164499408834,Cash,
T2235,2025-02-30,C1633,Laptop,3.0,996.287717191057,credit card,Pending
T2236,2023-13-01,C261,Tablet,-3.0,,creditcard,
T2237,2023-13-01,C2900,Tablet,425.0,311.13025689354504,PayPal ,Pending
T2238,2024-03-02,,Coffee Machine,668.0,-89.37209371559368,credit card,Failed
T2239,2022-10-11,C4187,Headphones,9.0,,PayPal ,
T2240,2024-06-29,C089,Laptop,4.0,-744.1856949797221,PayPal ,Failed
T2241,2025-02-30,C712,Coffee Machine,350.0,-260.0357235229111,Credit Card,complete
T2242,2025-02-30,C3027,Laptop,2.0,255.39769356562488,credit card,Completed
T2243,2025-02-30,C1808,Tablet,-4.0,-620.8497691252614,Credit Card,Pending
T2244,2023-13-01,C4530,Laptop,3.0,,pay pal,Failed
T2245,2023-13-01,C1831,Smartphone,182.0,,PayPal ,
T2246,2023-13-01,C156,Headphones,-10.0,,creditcard,Failed
T2247,2025-02-30,C2402,Laptop,3.0,,credit card,Pending
T2248,2023-13-01,C4332,Smartphone,-5.0,,pay pal,complete
T2249,2023-02-09,C2993,Headphones,944.0,,PayPal ,completed
T2250,2023-13-01,C4585,Laptop,-2.0,236.7946170985092,PayPal,completed
T2251,2023-13-01,C3789,Headphones,-5.0,,PayPal,Failed
T2252,2023-13-01,C701,Headphones,-9.0,,PayPal,
T2253,2022-01-16,C235,Laptop,5.0,93.92626378635194,Credit Card,Failed
T2254,2023-06-27,C1286,Tablet,1.0,133.93782886355586,PayPal ,complete
T2255,2021-09-06,C4190,Headphones,-9.0,855.5388141656732,Credit Card,complete
T2256,2024-09-14,C4448,Tablet,-10.0,,credit card,Completed
T2257,2025-02-30,C088,Head,-1.0,-539.9641023652414,Credit Card,Completed
T2258,2023-13-01,C1546,Coffee Machine,7.0,,credit card,
,2024-08-04,C2845,Headphones,850.0,,pay pal,Pending
T2260,2025-02-30,C4866,Smartphone,-1.0,539.4080608548215,credit card,Pending
,2020-10-02,C890,La,-4.0,148.27021486731888,PayPal,Pending
T2262,2023-13-01,C4154,Headphones,565.0,-667.0971728436725,creditcard,Completed
T2263,2023-13-01,C4402,Coffee Machine,-10.0,725.1577501365882,Credit Card,
T2264,2025-02-30,C4666,Headphones,,-155.43347563437726,pay pal,Failed
T2265,2025-02-30,C4702,Coffee Machine,9.0,171.5198118046888,PayPal ,completed
T2266,2025-02-30,,Tablet,2.0,-291.29984785920806,credit card,Failed
T2267,2022-11-17,C384,Smartphone,-9.0,195.03698681716327,Cash,Completed
T2268,2023-13-01,C1230,L,-8.0,769.1173243273028,PayPal,Failed
T2269,2025-02-30,C3834,Smartphon,-5.0,,PayPal,Completed
T2270,2025-02-30,C2336,Laptop,148.0,,Credit Card,complete
T2271,2025-02-30,C1727,H,-2.0,961.9941087414502,credit card,completed
T2272,,C250,Smartphone,9.0,934.9318595869153,credit card,Completed
T2273,2025-02-30,C3640,Coffee Machine,-7.0,755.6818688519353,pay pal,complete
T2274,2025-02-30,C3679,Coffee Machine,113.0,903.3245912463146,PayPal,
T2275,2025-02-30,C1013,Coffee Machine,-8.0,$-900.53,creditcard,Failed
T2276,2025-02-30,C1868,Headphones,7.0,891.0519806636688,Credit Card,
T2277,,,Tablet,262.0,-291.9335312363569,PayPal,complete
T2278,2023-05-01,C428,Tablet,-10.0,950.1164342179818,creditcard,
T2279,2025-02-30,C2263,Headphones,2.0,232.41481941252366,credit card,Pending
T2280,2025-02-30,C3068,Laptop,-6.0,,pay pal,Pending
T2281,2025-02-30,C1424,Tablet,700.0,-943.1538746041792,Credit Card,Completed
T85457,2025-02-30,C1846,Tablet,7.0,858.5936225289125,creditcard,completed
T2283,2025-02-30,C4613,Coffee Machine,4.0,,credit card,Failed
T2284,2020-11-15,C4399,Laptop,975.0,181.39931011647673,Cash,
T2285,2025-02-30,C3520,Laptop,-9.0,,creditcard,Failed
T2286,2020-08-26,C3382,Smartphone,560.0,-552.1205023757336,Credit Card,
T2287,2025-02-30,C4949,Tablet,-9.0,-646.6640659922483,creditcard,Failed
T2288,2022-10-08,C1624,Tablet,413.0,,PayPal,complete
T2289,2025-02-30,C1051,Laptop,3.0,-289.61799059623263,pay pal,completed
T2290,2023-13-01,C009,Smartphone,748.0,313.1045507592471,creditcard,Failed
T2291,2023-01-10,C243,Laptop,573.0,997.4033423125244,creditcard,Pending
T2292,2025-02-30,C2042,Tablet,-6.0,$980.57,PayPal,Completed
T2293,2021-03-14,C4826,Coffee Machine,-2.0,432.28804877352826,Cash,complete
T2294,2023-13-01,C4819,Laptop,-3.0,440.7961477639282,pay pal,
T2295,2023-13-01,C1143,Smartphone,963.0,,creditcard,completed
T2296,2023-04-06,C1718,Coffee Machine,-8.0,946.1161434919778,PayPal ,complete
T2297,2021-05-10,C201,Headphones,-4.0,,credit card,Pending
T2298,,C1482,Laptop,596.0,,creditcard,
T2299,,C060,Tablet,-6.0,-130.82786612600398,creditcard,
T2300,2023-13-01,C1520,Coffee Machine,-6.0,-324.83489690998306,pay pal,Completed
T2301,2022-12-17,C1003,Headphones,3.0,224.36401718747942,PayPal,Completed
T2302,2021-01-07,C4112,Headphones,10.0,304.42602368008403,PayPal ,Failed
T2303,2023-13-01,C884,Tablet,-9.0,,PayPal,Completed
T2304,2023-11-13,C350,Laptop,966.0,,PayPal,complete
T2305,2023-13-01,C1588,Coffee Machine,-8.0,$-936.71,PayPal ,Completed
T2306,2025-02-30,C3096,Tablet,294.0,-774.8899751028789,pay pal,Pending
,2025-02-30,C2382,Coffee Machine,230.0,,creditcard,Completed
T2308,2021-02-11,C3710,Headphones,648.0,,PayPal ,Completed
T2309,2024-02-03,C4739,Laptop,1.0,-779.6705484074532,pay pal,Completed
,2025-02-30,C496,Coffee Mach,3.0,-428.27680835908336,creditcard,Pending
T2311,2025-02-30,C2136,Coffee Machine,9.0,-862.4903418536911,pay pal,
T2312,2023-13-01,C4892,Tablet,7.0,755.4103390446841,PayPal,Failed
T2313,2024-07-15,C1944,Tablet,4.0,,pay pal,completed
T2314,2023-13-01,C642,Tablet,-10.0,-203.22736971990764,Credit Card,complete
T2315,2020-11-03,C2855,Laptop,-9.0,-965.6789317048666,Cash,complete
T2316,2025-02-30,C4247,Coffee Machine,6.0,774.8417959389793,Credit Card,Completed
T2317,2025-02-30,C988,Headphones,215.0,$-536.79,PayPal,Pending
T2318,2023-13-01,C123,Laptop,-2.0,-982.99046298511,PayPal,
,2023-02-19,C1154,Coffee Machine,-1.0,,Credit Card,Failed
T2320,2025-01-08,C3550,Smartphone,153.0,685.100431827509,creditcard,
T2321,2023-13-01,C295,Smartphone,596.0,110.1111415087536,pay pal,complete
T2322,2025-02-30,,Headphones,2.0,-635.3251227703457,pay pal,Failed
T2323,2025-02-30,C403,Headphones,-2.0,-177.2691533801492,creditcard,complete
,2023-13-01,C567,Headphones,-6.0,,creditcard,Failed
T2325,2025-02-30,C4298,Coffee Machine,695.0,584.238280292755,pay pal,completed
T2326,2023-13-01,C1890,Tablet,2.0,,PayPal,Completed
,2023-12-15,C4536,Laptop,1.0,,pay pal,
T2328,2021-07-11,C4386,Smartphone,-6.0,-435.35759318496343,PayPal,
T2329,2025-02-30,C1122,Smartphone,660.0,-795.3223037738674,Cash,completed
T2330,2021-11-21,C2425,Ta,,562.5444965225694,pay pal,complete
T2331,2025-02-30,C979,Headphones,-2.0,$-962.69,Cash,
T2332,2025-02-30,C4844,Tablet,-8.0,$-133.87,creditcard,
T2333,2023-13-01,C4849,Tablet,6.0,733.8638587250753,pay pal,Completed
T2334,2020-05-30,C3103,Smartphone,647.0,,PayPal,Completed
T2335,2025-02-30,C2888,Headphones,-3.0,$277.03,credit card,completed
T2336,,C1788,Tablet,663.0,142.74446117602827,PayPal,
T2337,2024-02-18,C3854,Headphones,-9.0,,pay pal,completed
T2338,2025-02-30,C699,Tablet,6.0,-671.3030302988102,Cash,complete
,2022-02-12,C3664,Headphones,711.0,955.7764301617843,Credit Card,completed
T2340,2025-02-30,C2632,Smartphone,-3.0,$-283.10,PayPal,complete
,2025-02-30,,Tablet,7.0,472.3941053825116,Credit Card,completed
,2025-02-30,C4714,Headphones,-3.0,,PayPal,
T32653,2023-13-01,C3186,Coffee Machine,3.0,999.6755794119546,Cash,
T2344,2020-07-12,,Laptop,-3.0,346.38008048395653,credit card,complete
T2345,2025-02-30,C2276,Table,615.0,,pay pal,Completed
T2346,2025-02-30,C397,Tablet,8.0,,creditcard,Failed
T2347,2020-06-03,,Laptop,709.0,-534.5281725519277,pay pal,Failed
T2348,2022-02-23,C3791,Smartphone,913.0,279.64632464652107,credit card,complete
T2349,2022-04-19,C1563,Laptop,921.0,,creditcard,Completed
T2350,2023-13-01,C1352,Tablet,-8.0,831.3458696372586,credit card,
T2351,2021-07-14,C3463,Headphones,2.0,,credit card,
T2352,2025-02-30,C1869,Coffee Machine,3.0,-452.5331027994853,pay pal,Failed
T2353,2025-02-30,C2219,Coffee Machine,9.0,,Cash,Completed
T2354,2023-13-01,C3074,Smartphone,-4.0,132.09640960007272,PayPal,Completed
T2355,2022-10-11,C3946,Laptop,7.0,,Credit Card,Failed
T2356,2023-13-01,C3082,Laptop,-3.0,329.43049843584913,PayPal,Pending
T2357,2025-02-30,C1272,Coffee Machine,341.0,,credit card,complete
T2358,2023-13-01,C424,Headphones,-1.0,655.7583480134857,PayPal ,Pending
T2359,2021-06-26,C172,Coffee Machine,137.0,,pay pal,Pending
T2360,2025-02-30,C3412,Coffee Machine,5.0,-576.595769293623,PayPal ,complete
T2361,2025-02-30,C4593,Coffee Machine,414.0,-321.5412799237952,PayPal,Failed
T2362,2025-02-30,,Tablet,2.0,,Cash,completed
T2363,2022-11-15,C4193,Coffee Machine,,900.4674122596742,Cash,Failed
T2364,2023-13-01,C996,Smartphone,267.0,511.5055581060555,PayPal,Pending
T2365,2022-10-25,C546,Headphones,-5.0,,PayPal,Failed
T2366,2025-02-30,C3450,Tablet,2.0,450.98599437937736,Cash,Pending
T2367,2023-13-01,C3470,Laptop,7.0,111.28842963059003,creditcard,Completed
T2368,2023-13-01,C4522,Laptop,824.0,,PayPal,Failed
T2369,2025-02-30,C2648,Tablet,7.0,-256.07790210255405,creditcard,
T2370,2023-13-01,C3585,Headphones,278.0,,PayPal,Pending
T2371,2025-02-30,,Laptop,550.0,793.729010246417,pay pal,Pending
T2372,2025-02-30,C1194,Laptop,421.0,,Cash,Pending
T2373,2025-02-30,,Coffee Machine,247.0,,PayPal ,complete
T2374,2023-13-01,C2189,Laptop,-3.0,,credit card,
T2375,2021-10-25,C977,Smartphone,315.0,,credit card,completed
T2376,2020-05-26,C347,Coffee Machine,-6.0,-288.4035241719796,Cash,completed
T2377,2023-13-01,C4457,Smartphone,,-782.1357434295816,PayPal,Completed
T2378,2023-13-01,C4630,Laptop,-10.0,-732.3910360622046,creditcard,Pending
T2379,2025-02-30,C1417,Tablet,,695.4612974338145,PayPal ,
T2380,2020-07-31,C4077,Coffee Machine,-1.0,-440.0279107054788,Credit Card,
T2381,2025-02-30,C165,Smartphone,158.0,575.9401868140496,creditcard,Completed
,2021-03-31,C493,Headphones,3.0,260.090831431938,credit card,complete
T2383,2024-11-03,C3499,Laptop,568.0,635.6302662548472,Cash,Pending
T2384,2025-02-30,C3495,Laptop,-2.0,916.7052143278814,PayPal ,Failed
T2385,,C1432,Tablet,770.0,522.0589984853361,credit card,complete
T2386,2023-13-01,C406,Laptop,359.0,-730.8583508383423,credit card,complete
T2387,2024-02-21,C003,Smartphone,6.0,-420.0845574820223,PayPal ,
T2388,2023-13-01,C3648,Laptop,-1.0,,creditcard,completed
,2025-02-30,C1732,Smartphone,10.0,,pay pal,Pending
T2390,2023-13-01,C2318,Laptop,,-108.07007201026909,pay pal,Pending
T2391,2024-05-11,C4639,Laptop,-2.0,-317.7185894618017,credit card,
T2392,2023-13-01,C198,Headphones,-3.0,450.49916408972024,credit card,Pending
T2393,2025-02-30,C4899,Tablet,9.0,-535.6819995012871,pay pal,
T2394,2023-13-01,C430,Headphones,702.0,608.7837030029585,Cash,Failed
T2395,2025-02-30,C4733,Cof,214.0,-999.370132288692,pay pal,Pending
T2396,2025-02-30,C1995,Coffee Machine,7.0,455.64595393738074,PayPal ,completed
T2397,2024-10-16,C4760,Smartphone,133.0,84.27467329682857,pay pal,Completed
T2398,2023-13-01,C2363,Headphones,7.0,,PayPal ,completed
T2399,2023-13-01,C4905,Coffee Machine,7.0,-175.8146695223727,creditcard,complete
T2400,2025-02-30,C3544,Tablet,670.0,,Credit Card,completed
T2401,2021-10-03,C3329,Tablet,872.0,170.87159570286946,creditcard,Completed
T2402,2022-01-19,C2091,Smartphone,738.0,162.53444435030372,PayPal ,completed
T2403,2020-01-28,C3489,Laptop,-7.0,,Cash,Completed
T2404,2022-01-02,C3672,Smartphone,479.0,604.3824952533583,Cash,Failed
T2405,2024-05-14,C3844,Smartphone,600.0,$980.70,credit card,
T2406,2023-13-01,C1931,Laptop,880.0,,Cash,complete
T2407,2023-13-01,C995,Coffee Machine,-7.0,459.56617071487983,Credit Card,Failed
T2408,2023-13-01,C730,Headphones,9.0,,Cash,completed
T2409,2025-02-30,C2551,Laptop,-6.0,,PayPal,complete
T2410,2023-13-01,C021,Ta,7.0,985.195575690657,Credit Card,complete
T2411,2025-02-30,C142,Coffee Machine,-1.0,,Cash,complete
T2412,2021-11-16,C1218,Laptop,8.0,287.8794564021206,creditcard,Failed
T2413,2023-13-01,C3153,Laptop,5.0,344.5822842375401,PayPal,Failed
T2414,2025-02-30,C907,Tablet,-10.0,590.3649175388532,Cash,Completed
T2415,2023-13-01,C923,Tablet,-8.0,,PayPal,
T2416,2020-07-25,C3783,Smartphone,,934.4902757340625,Cash,
T2417,2024-08-07,C4482,Coffee Machine,973.0,,credit card,completed
T2418,2023-13-01,C1097,Tablet,8.0,$400.24,credit card,Completed
T2419,2023-13-01,C4333,Smartphone,254.0,-547.2334942380289,creditcard,Pending
T2420,2023-13-01,C2778,Headphones,-5.0,432.5894048465581,PayPal,Completed
,2023-13-01,C4775,Coffee Machine,2.0,-898.6081814037424,Credit Card,
T2422,2025-02-30,C2979,Coffee Machine,912.0,-335.2712012223003,PayPal ,
T2423,2024-02-25,C2843,Tablet,9.0,-64.83945860555184,pay pal,complete
T2424,2023-13-01,C166,Tablet,-1.0,,Credit Card,complete
T2425,,C2769,Headphones,7.0,,creditcard,Completed
T2426,2023-13-01,C2430,Tablet,809.0,221.7410339492739,PayPal ,Pending
T2427,2023-13-01,C3359,Lapto,-6.0,-333.55044283419704,credit card,completed
T2428,2020-10-16,C4511,Coffee Machine,,77.08684874405361,Credit Card,Pending
T2429,2025-02-30,C3106,Headphones,,,PayPal ,Pending
T2430,2025-02-30,C3718,Laptop,142.0,,pay pal,Pending
T2431,2025-02-30,C1194,Coffee Machine,-1.0,,credit card,Completed
T2432,2023-04-12,C1050,Smartphone,1.0,807.9532525905299,credit card,
T2433,2025-02-30,C3575,Coffee Machine,-9.0,,PayPal ,complete
T2434,2020-07-11,C4858,Laptop,2.0,,PayPal,Pending
T2435,2023-13-01,C4775,Tablet,,902.3478645353631,pay pal,complete
T2436,2025-02-30,C1544,Tablet,4.0,,PayPal ,Failed
T2437,2025-02-30,C2122,Smartphone,118.0,-763.8155856480702,PayPal ,Pending
T2438,2021-06-26,C2662,Laptop,309.0,-899.0037089946046,PayPal ,Failed
T2439,2023-13-01,C3941,Smartphone,,945.8327941300486,credit card,Pending
T2440,2025-02-30,C4317,Headphones,-1.0,$-940.60,pay pal,completed
T2441,2020-01-11,C3237,Tablet,-4.0,,pay pal,Pending
T2442,2020-08-07,C3941,Coffee Machine,6.0,993.1485574101688,creditcard,Failed
T2443,2021-12-06,C2921,Coffee Machine,-7.0,867.3777553601769,Cash,Pending
T2444,2024-08-25,C1701,Laptop,7.0,-334.53084228628825,PayPal ,
T2445,2023-13-01,C3044,Coffee Machine,362.0,,Credit Card,Pending
T2446,2023-13-01,C1468,Laptop,8.0,-657.9517894979265,PayPal,complete
T2447,2024-07-23,C2161,Smartphone,5.0,,Cash,Pending
T2448,2025-02-30,C4020,Tabl,956.0,,pay pal,completed
T2449,2020-03-14,C2104,Smartphone,-8.0,161.49881514399533,creditcard,Completed
T2450,2025-02-30,C367,Laptop,826.0,676.3297721180156,PayPal ,complete
T2451,2022-01-28,C2838,Laptop,9.0,,PayPal,complete
T2452,2023-13-01,C3789,Headphones,1.0,,PayPal,completed
T2453,2023-13-01,C3957,Laptop,156.0,-703.4546524790466,Cash,complete
T2454,2023-13-01,C1797,Coffee Machine,822.0,232.2629317574318,creditcard,completed
T2455,2023-13-01,C282,Tablet,8.0,-149.17082300837274,PayPal,Pending
T2456,2023-13-01,C4818,Coffee Machine,2.0,-120.74504828957049,pay pal,Failed
T2457,2025-02-30,C2171,Smartphone,628.0,,PayPal,Completed
T2458,,C1118,Laptop,865.0,167.79986904312557,credit card,
T2459,2023-13-01,C1194,Tablet,836.0,974.1183331975609,PayPal,complete
T2460,2023-13-01,C607,Headphones,10.0,-670.8664306457953,Cash,
,2023-05-15,C4738,Laptop,3.0,365.09381996936145,pay pal,completed
T2462,2023-13-01,C4945,Headphones,4.0,-833.7949991456865,credit card,
T2463,2023-13-01,C1585,Headphones,5.0,828.1834855235869,PayPal,complete
T2464,2021-05-21,C152,Smartphone,-6.0,424.22860302611883,PayPal ,
T2465,,C3539,Coffee Machine,4.0,,Credit Card,
T2466,2023-13-01,C1453,Laptop,,$694.14,PayPal,
T2467,,C092,Headphones,-8.0,,Cash,Pending
T2468,2025-02-30,C1237,Coffee Machine,8.0,-69.62523551057961,PayPal,Completed
T2469,2025-02-30,C2300,Headphones,-1.0,58.16079568752973,pay pal,Failed
T2470,2023-11-01,C2504,Laptop,2.0,,credit card,
T2471,2023-13-01,C2153,Laptop,-5.0,$-501.32,PayPal,completed
T2472,2024-05-09,C2746,Coffee Machine,2.0,-764.8651603219574,PayPal ,
T2473,2023-13-01,C2106,Coffee Machine,377.0,-538.5706129173291,PayPal,Failed
T2474,2023-13-01,C3600,Tablet,3.0,,PayPal ,Failed
T2475,2025-02-30,C2805,Tablet,645.0,,PayPal,completed
T2476,2023-13-01,C4341,Smartphone,3.0,-554.5273468258849,pay pal,Completed
T2477,2023-13-01,,Headph,-2.0,406.59989447280094,PayPal,completed
T2478,2025-02-30,C3945,Laptop,6.0,602.7160764808674,Credit Card,Failed
T2479,2025-02-30,C1595,Headphones,171.0,-97.63453992455447,PayPal ,complete
T2480,2024-10-31,C2623,Tablet,735.0,-938.7191255207046,PayPal,Failed
T2481,2025-02-30,C3330,Laptop,6.0,-577.5464842386323,Cash,Failed
T2482,2021-05-08,C977,Coffee Machine,-6.0,,PayPal,complete
T2483,2021-03-29,C2658,Headphones,-6.0,-915.0514077029313,PayPal ,complete
,2024-03-29,C4267,Hea,680.0,-920.3911015272788,PayPal,complete
T2485,2025-02-30,C1138,Smartphone,5.0,-420.4584802846382,Credit Card,Failed
T2486,2023-13-01,C037,Laptop,-2.0,-640.4949170755585,Credit Card,Completed
T2487,2023-13-01,C3003,Headphones,2.0,969.0504454676419,Cash,completed
T2488,2025-02-30,C2040,Smartphone,-6.0,551.4298044841361,Cash,Failed
T2489,2025-02-30,C4545,Tablet,7.0,973.3978643000657,credit card,Completed
T2490,2023-13-01,C3355,Headphones,-8.0,,credit card,Failed
T2491,,C2246,Smartphon,257.0,-155.85020136303206,Credit Card,
T2492,,C269,Smartphone,-6.0,,credit card,Pending
T2493,2023-13-01,C1567,Coffee Mac,941.0,,Cash,Pending
T2494,2023-13-01,C3722,Tablet,10.0,,PayPal ,
T2495,2025-02-30,C1644,Tablet,807.0,-93.26660676715915,pay pal,complete
T2496,2023-13-01,C595,Headphones,-6.0,,PayPal,complete
T2497,2023-13-01,C2701,Tablet,10.0,493.4515327095653,Credit Card,Pending
T2498,2023-13-01,C3739,Headphones,-5.0,,credit card,completed
T2499,2025-02-30,C3612,Headphone,5.0,-843.7345514630251,PayPal,Pending
T2500,2023-13-01,C174,Laptop,707.0,673.2159688083889,creditcard,Completed
T2501,,C2509,Tablet,688.0,539.6758815411353,PayPal ,
T2502,2025-02-30,C2284,Laptop,7.0,463.25311786420616,pay pal,Failed
T2503,2022-11-10,C3251,Coffee Machine,655.0,-348.74364319008623,PayPal ,completed
T2504,2022-11-22,C1083,Laptop,160.0,-680.0270595647612,Credit Card,
T2505,2022-05-06,C2846,Laptop,10.0,,credit card,Completed
T2506,2025-02-30,C3142,Coffee Machine,,,pay pal,completed
T2507,2021-12-17,C795,Coffee Machine,241.0,785.427890063127,pay pal,
T2508,2025-02-30,C2767,H,-7.0,-158.71779744934588,Credit Card,Failed
T2509,2021-02-04,C4271,Tablet,9.0,,PayPal,complete
T2510,2025-02-30,C2722,Headphones,548.0,-850.7185816761224,PayPal ,Completed
T2511,2023-12-08,C1200,Smartphone,2.0,304.58589268010405,PayPal ,Completed
T2512,2022-12-11,C3840,Tablet,482.0,-912.6624492684011,credit card,complete
T2513,2020-11-14,C420,Smartphon,10.0,206.76713414554405,Cash,
T2514,2023-13-01,C1954,Headphones,,575.2533560036632,credit card,complete
T2515,2025-02-30,C2839,Laptop,8.0,750.2255201297423,Credit Card,Failed
T2516,2020-07-15,C2881,Headphones,-7.0,-427.4598088228523,Cash,
T2517,2023-13-01,C4997,Tablet,10.0,,PayPal ,Pending
,2023-13-01,C1819,Coffee Machine,,$-96.23,Cash,completed
T2519,2025-02-30,C4846,Smartphone,781.0,257.21254350511384,Cash,Completed
T2520,2023-08-12,C3742,Laptop,-2.0,,Credit Card,Completed
T2521,2021-08-25,C3716,Smartphone,432.0,-231.16685046649695,Credit Card,Failed
,2023-13-01,C3029,Tablet,563.0,-390.1819794110595,PayPal ,Completed
T2523,2025-02-30,C4779,Co,,609.8532235581663,creditcard,Completed
T2524,2024-05-25,C1167,Laptop,10.0,-313.5147510739264,creditcard,
,2023-13-01,C3385,Tablet,888.0,663.9799592371963,PayPal,completed
T2526,2023-13-01,,S,1.0,-588.9220880212042,Cash,Pending
T2527,2023-13-01,C4581,Tablet,,-805.6864628308324,Credit Card,
T2528,2025-02-30,C3800,Coffee Machine,948.0,-932.4201491964897,Cash,Pending
T2529,,C754,Headphones,574.0,-75.09017187997347,credit card,Pending
T2530,2023-13-01,,Laptop,10.0,-711.27640219308,Cash,
T2531,2023-13-01,C1770,Headphones,-7.0,614.081191199178,Cash,completed
T2532,2025-02-30,C3304,Coffee Machine,5.0,-365.1322708665173,pay pal,complete
T2533,2021-12-07,,Headphones,4.0,331.26055343514906,Credit Card,Failed
T2534,2025-02-30,,Headphones,153.0,-545.7543484353259,pay pal,complete
T2535,2025-02-30,C3654,Laptop,-9.0,804.6059345906958,creditcard,Completed
T2536,2023-13-01,C3524,Coffee Machine,644.0,$326.80,Credit Card,Completed
T2537,2025-02-30,C2943,Coffee Machine,5.0,328.3853796699971,creditcard,Completed
T2538,2023-13-01,C2571,Coffee Mac,,171.4619392526677,pay pal,completed
T2539,2023-13-01,C2910,Laptop,-5.0,,PayPal,completed
T2540,,C1046,Headph,5.0,,pay pal,complete
T2541,2020-03-02,C4345,Coffee Machine,-5.0,,PayPal ,Failed
T2542,2023-13-01,C2633,Smartphone,832.0,254.74231558348197,PayPal,Failed
T2543,2023-13-01,C4546,Coffee Machine,4.0,-562.6085970907153,Credit Card,complete
T2544,2022-11-17,C4087,Smartphone,138.0,-242.99457608193427,Cash,Failed
T2545,2020-10-27,C2042,Headphones,1.0,-829.7726002540642,creditcard,complete
T2546,2025-02-30,C1287,Smartphone,295.0,-391.8467415053483,PayPal,Completed
T2547,,C2568,Coffee Machine,10.0,$154.58,PayPal ,Failed
T2548,2021-09-06,C901,Laptop,-6.0,$930.84,PayPal ,complete
T2549,2023-13-01,C4936,Smartphone,-5.0,$817.61,PayPal,
T2550,2023-01-19,C1396,Lap,1.0,$368.74,PayPal,completed
T2551,2025-02-30,C2101,Coffee Machine,172.0,806.3047671588599,credit card,completed
T2552,2025-02-30,C3529,Coffee Machine,,,Cash,Failed
T2553,2023-04-26,C4286,Coffee Machine,,-532.5242381676892,Credit Card,Failed
T2554,2023-13-01,C2134,Headphones,901.0,-190.37785043833276,Credit Card,Failed
T2555,2025-02-30,C729,Smartphone,4.0,85.28805350059966,credit card,completed
T2556,2023-13-01,C2265,Smartphon,197.0,-866.611329547328,Cash,Completed
T2557,2024-06-17,C4071,Smartphone,434.0,-458.26506211455273,Credit Card,Pending
T2558,2021-11-25,C614,Smartphone,575.0,,credit card,completed
T2559,2022-05-20,C006,Laptop,484.0,96.61830192979843,PayPal ,Completed
T2560,2023-13-01,C1373,Table,-3.0,-322.3411723934596,credit card,Pending
T2561,2023-13-01,C4520,Headphones,-9.0,-436.34959224567046,Cash,Failed
T2562,2025-02-30,C952,Coffee Machine,-6.0,250.38870236434443,Cash,completed
T2563,2021-07-26,C1351,Headphones,,,pay pal,
,2023-13-01,C4749,Headphones,791.0,$889.72,pay pal,complete
T2565,2023-13-01,C155,Headphones,6.0,,Credit Card,Failed
T2566,2022-11-29,C882,Coffee Machine,877.0,,PayPal ,completed
T2567,2025-02-30,C3834,Headphones,-2.0,138.16747403764415,PayPal ,complete
T2568,2023-13-01,C1181,Coffee Machine,-2.0,-661.0656838849909,creditcard,complete
T2569,2023-13-01,C2960,Laptop,3.0,,pay pal,completed
T2570,2022-01-15,C4894,Coffee Machine,725.0,,Cash,
T2571,2022-02-19,C3875,Coffee Machine,-6.0,503.6333472345036,Cash,complete
T2572,2025-02-30,C4930,Tablet,232.0,$449.20,PayPal,Completed
T2573,2023-02-09,C052,Laptop,,$143.18,Credit Card,Pending
T2574,2023-13-01,C3112,Headphones,724.0,,Cash,Completed
T2575,2023-13-01,C076,Smartp,-1.0,,Credit Card,Pending
T2576,2023-13-01,C3894,Headphones,312.0,-254.38017625291502,PayPal,Completed
T2577,2025-02-30,,Smartphone,3.0,521.6331949865796,Credit Card,completed
T2578,2021-08-16,C226,Coffee Machine,364.0,-756.3908474646776,PayPal,Failed
T2579,2025-02-30,C1321,Headphones,868.0,,creditcard,
T2580,2024-02-24,C1234,Tablet,833.0,-79.82075238126095,Cash,
T2581,2024-05-03,C3852,Headphones,-9.0,-535.8705962857964,Credit Card,
T2582,2025-02-30,,Tablet,6.0,961.7248751846524,PayPal ,complete
T2583,2023-13-01,C985,Smartphone,7.0,790.828573669252,Cash,completed
T2584,2023-11-23,C2986,Tablet,705.0,610.6531188657418,PayPal,Pending
T2585,2025-02-30,C2036,Coffee Machine,-8.0,-975.7875989030523,PayPal ,complete
T2586,,C318,Tablet,5.0,,credit card,complete
T2587,2023-13-01,C3249,Laptop,6.0,-731.6349447885144,credit card,Pending
T2588,2021-12-22,C3703,Headphones,868.0,206.25985724144383,Credit Card,complete
T2589,2023-13-01,C4484,La,410.0,-648.8450345497695,pay pal,
T2590,2023-02-06,C2595,Headphones,4.0,,Cash,Completed
T2591,2023-13-01,,Coffee Machine,5.0,-359.04178377812127,pay pal,
T2592,2023-13-01,C1264,Lap,3.0,-533.3678720166777,Cash,completed
T2593,2021-05-31,C4232,Laptop,8.0,,Cash,Failed
T2594,2023-05-06,C2742,Hea,-3.0,,PayPal,Pending
T2595,,C2368,Tablet,591.0,,PayPal ,Failed
T2596,2025-02-30,C3418,Coffee Machine,128.0,,creditcard,Failed
T2597,2023-13-01,C753,Tablet,866.0,230.08025039280867,pay pal,complete
T2598,,C3245,Coffee Machine,10.0,468.58900479388666,creditcard,
T2599,2025-02-30,C607,Tablet,4.0,-347.5394397252189,pay pal,
T2600,2023-13-01,C4132,Headphones,-1.0,641.8158787875767,credit card,Completed
T2601,2025-02-30,C4412,Headphones,979.0,$74.08,Credit Card,completed
T2602,,C1136,Smartphone,495.0,-879.6102257478627,PayPal,Failed
T2603,2023-13-01,,Tablet,646.0,$648.77,credit card,Failed
T2604,2020-05-28,C2748,Smartphone,288.0,$936.64,Cash,Completed
T2605,2023-13-01,C3661,Headphones,-7.0,213.26458971302998,credit card,Completed
T2606,2021-06-10,C2739,Tablet,-4.0,-924.4026612113022,credit card,
T2607,2022-12-15,C1366,Laptop,-4.0,796.8568352023656,creditcard,completed
T2608,2023-04-08,C1748,Headphones,964.0,,credit card,Pending
T2609,2023-13-01,C1685,Headphones,4.0,-554.833348871799,pay pal,Pending
T2610,2024-12-18,C4842,Tablet,,,credit card,Failed
T2611,2023-13-01,C1748,Laptop,300.0,,creditcard,Completed
T2612,,C753,Smartphone,,$-812.67,PayPal,
T2613,2025-02-30,C2399,Laptop,-4.0,,credit card,Pending
T2614,2025-02-30,C3899,Smartpho,235.0,982.107349461958,PayPal ,Failed
T2615,2023-13-01,C2356,Coffee Machine,-7.0,,PayPal ,completed
T2616,2022-08-21,C4388,Smartphone,-10.0,,PayPal,
T2617,2023-13-01,C827,Headphones,1.0,-748.2389693921962,pay pal,Failed
T2618,2025-02-30,C3218,Laptop,2.0,168.38769635880712,PayPal ,completed
T2619,2023-09-27,C4205,Tablet,-6.0,149.27570181346758,Cash,completed
T2620,2022-11-28,C1101,T,,$377.87,pay pal,Completed
T2621,2023-13-01,C1147,Coffee Machine,-4.0,-110.1392648341191,Credit Card,completed
T2622,2021-04-02,C3864,Headphones,817.0,441.6095711601121,credit card,
T2623,2025-02-30,C1474,Coffee Machine,4.0,,creditcard,Pending
T2624,2025-02-30,C1358,Laptop,-3.0,479.60650720783207,credit card,completed
T2625,2025-02-30,C382,Headphones,455.0,-859.9172491332624,PayPal,completed
T2626,2023-13-01,C1389,Coffee Machine,6.0,,PayPal,
T2627,2025-02-30,C301,Headphones,-1.0,780.0271964371602,creditcard,Failed
T2628,2023-13-01,C933,Tablet,3.0,,Cash,Pending
T2629,2024-03-24,C2688,Tablet,-10.0,-547.8013259850441,credit card,Failed
T2630,2023-03-14,C2399,Smartphone,894.0,-661.1159487134074,PayPal ,
T2631,2024-05-14,C2824,Coffee Machine,-4.0,-512.0910412365397,PayPal ,completed
T2632,2025-02-30,C2604,Coffee Machine,2.0,-789.2368464129285,credit card,complete
T2633,2023-13-01,C3321,Tablet,-6.0,403.37317525069926,PayPal,Pending
T2634,2025-02-30,C1286,Coffee Machine,-9.0,-808.8344301128234,PayPal ,Pending
T2635,2023-13-01,C1647,Smartphone,1.0,-116.00276840182573,Credit Card,Failed
T2636,2021-10-20,C4984,Laptop,1.0,,PayPal ,Pending
T2637,2025-02-30,C099,Lapto,4.0,806.9849748353387,Credit Card,completed
T2638,2022-01-27,C1560,Coffee Machine,-9.0,-416.9034907433552,Credit Card,Completed
T2639,2023-13-01,,Smartphone,-10.0,469.85189567634313,pay pal,Failed
T2640,2021-10-30,C4322,Coffee Machine,-9.0,359.21697791385344,Cash,
T2641,2025-02-30,C2085,Table,-9.0,-222.46510540029692,Credit Card,complete
T2642,2022-01-16,C200,Lapt,-3.0,-915.2659554938061,PayPal ,complete
T2643,2023-10-01,C4691,Tablet,587.0,,credit card,
T2644,2023-09-19,C274,Coffee Machine,-10.0,,Cash,Pending
T2645,,C2739,Tablet,648.0,123.96222917645497,creditcard,complete
T65129,2021-11-16,C3126,Laptop,-10.0,246.31622691484915,creditcard,Completed
T2647,2023-13-01,C2748,Smartphone,-7.0,330.94715634510504,PayPal ,Pending
,2023-13-01,,Laptop,-6.0,,creditcard,Pending
T2649,2022-09-13,C4731,Tablet,2.0,,PayPal ,Completed
T2650,2025-02-30,C4611,Tablet,-1.0,,pay pal,Completed
T2651,2021-02-11,C1954,Headphones,9.0,-989.6063757885341,Cash,
T2652,2023-13-01,C3732,Smartphone,2.0,139.00398104808693,creditcard,Completed
T2653,2025-02-30,C4771,Headphones,699.0,587.7156391679009,creditcard,Failed
T2654,,C4972,Headphones,202.0,,pay pal,completed
T2655,2024-04-29,C3030,Headphones,542.0,718.3900576465777,Cash,complete
T2656,2025-02-30,C4163,Coffee Machine,539.0,$-735.37,pay pal,Completed
T2657,2023-13-01,C3902,Smartphone,3.0,-896.0415895508198,credit card,completed
T2658,2023-13-01,C2763,Headphones,-9.0,,PayPal,completed
T2659,2023-13-01,C2333,Smar,987.0,-661.8792439943824,Credit Card,Completed
T2660,2025-02-30,C2362,Laptop,-3.0,-102.72916882020081,PayPal ,Failed
T2661,2023-13-01,C013,Tablet,574.0,,pay pal,Completed
T2662,2023-13-01,C3814,Laptop,9.0,-472.67098032195463,credit card,
T2663,2025-02-30,C2820,Coffee Machine,10.0,714.2802804558092,Cash,Pending
T2664,2021-08-21,C1869,Tab,-6.0,923.5891724603155,pay pal,Failed
T2665,2021-10-07,C1514,Coffee Machine,934.0,,Cash,Completed
T2666,2025-02-30,C2328,Tablet,10.0,307.874171949959,creditcard,Pending
T2667,2025-02-30,C2748,Coffee Machine,10.0,-555.2238391841186,Cash,completed
T2668,2023-13-01,C2906,Coffee Machine,,-134.379205882135,Credit Card,Completed
T2669,,C2605,Laptop,455.0,108.84936521220004,creditcard,complete
T2670,2023-13-01,C3620,Smartphone,-7.0,531.2633344467961,Credit Card,Completed
T2671,2024-09-01,C727,Smartphone,284.0,,Cash,Pending
T2672,2025-02-30,C517,Lapto,8.0,-738.7314975511322,creditcard,
T2673,2024-10-20,C3930,Smartphone,,,PayPal,
T2674,2025-02-30,C2206,Coffee Machine,10.0,160.6954574512951,credit card,Pending
T2675,2025-02-30,C3179,Headphones,910.0,,creditcard,complete
T2676,2021-03-25,C2942,Headphones,1.0,230.47961023692565,credit card,completed
T2677,2025-02-30,C3059,Smartphone,5.0,-685.0583486820169,PayPal ,
T2678,2025-02-30,C3764,Laptop,268.0,890.4341482244597,PayPal,Failed
T2679,2023-13-01,C2104,Tabl,991.0,-272.644053328926,creditcard,completed
T2680,2025-02-30,C1395,La,-8.0,-133.6696011575292,Credit Card,Failed
T2681,2025-02-30,C2629,Coffee Machine,7.0,,PayPal ,Completed
T2682,2023-13-01,C1356,Ta,-2.0,,PayPal ,
T2683,2023-13-01,C3983,Tablet,914.0,$496.58,pay pal,complete
T2684,2024-01-02,C3487,Coffee Machine,105.0,173.6269365341334,creditcard,Completed
T2685,2023-13-01,C4891,Coffee Machine,3.0,,pay pal,Completed
T2686,2020-05-30,C3628,Smartphone,167.0,-762.5065747239249,Cash,complete
T2687,2023-09-19,C295,Tablet,676.0,215.60720759997156,Credit Card,
T2688,2025-02-30,C3297,Smartphone,,,Cash,Failed
T2689,2022-02-19,C2435,Tablet,4.0,766.0735984578471,credit card,complete
T2690,2024-06-16,C735,Headphones,448.0,,credit card,Pending
T2691,2025-02-30,C4949,Headphones,-6.0,791.3993141086047,PayPal,Pending
T2692,2025-02-30,C4006,Coffee Machin,-10.0,-792.5603549067785,Cash,Pending
T2693,2025-01-24,C3520,Lap,-10.0,-127.148405511855,PayPal ,complete
T2694,2023-13-01,C517,Headphones,-2.0,609.6387255999745,Cash,Failed
T2695,2021-07-31,C1987,Table,522.0,,credit card,Pending
T2696,2024-03-23,C2790,Coffee Machine,1.0,,credit card,Completed
T2697,2023-13-01,C3164,Smartphone,9.0,,creditcard,Failed
T2698,,C1582,Laptop,960.0,,Cash,
T2699,2022-07-06,,Laptop,834.0,,Credit Card,Failed
T2700,2025-02-30,C3695,Smartphone,-8.0,,PayPal ,completed
T2701,2023-13-01,C402,Laptop,429.0,-98.85690987201917,pay pal,complete
T2702,2025-02-30,C774,Tablet,835.0,$137.26,pay pal,completed
T2703,2025-02-30,C1737,Laptop,511.0,,creditcard,Pending
T2704,2023-13-01,C3045,Coffee Machine,-5.0,423.9417135303324,PayPal,
T2705,2021-09-18,C4898,Laptop,805.0,-427.4100748113964,PayPal ,
T2706,2023-11-09,C2454,Laptop,8.0,,PayPal,completed
T2707,2023-13-01,C3260,Tablet,-6.0,,pay pal,Failed
T2708,2025-02-30,C1162,Coffee Machine,458.0,,PayPal ,Failed
T2709,2025-02-30,C3100,Headphones,911.0,-687.3144912591017,pay pal,complete
T2710,2023-13-01,C3734,Headpho,-1.0,,pay pal,completed
T2711,2025-02-30,C1846,Headphones,239.0,-286.04427583595043,Credit Card,Completed
T2712,2023-13-01,C1281,Tablet,-6.0,,Credit Card,complete
T2713,2025-02-30,C4211,Tablet,452.0,,pay pal,complete
T2714,2025-02-30,C3488,Coffee Machine,,-353.9095004383604,pay pal,complete
T2715,2025-02-30,C3405,Lapto,384.0,901.5612725566107,PayPal ,completed
T2716,2022-04-28,C3188,Tablet,-10.0,-749.6081146053999,Credit Card,Completed
T2717,2024-07-01,C2842,Smartphone,6.0,935.7545059445646,PayPal ,
T2718,2020-04-23,,Headphones,632.0,979.9938812952934,credit card,
T2719,2023-13-01,C2762,Coffee Machine,-5.0,-578.6024628879421,credit card,
T2720,2025-02-30,C210,La,4.0,,Cash,
T2721,,C4494,Headphones,-3.0,-315.6067449519561,pay pal,Failed
T2722,2023-13-01,C4368,Coffee Machine,-2.0,603.3266514751357,credit card,completed
T2723,2025-02-30,C1826,Laptop,1.0,-165.72332422471698,PayPal ,
T2724,2023-13-01,C3794,Smartphone,-3.0,,Cash,completed
T2725,2021-12-13,C3609,Coffee Machine,685.0,458.27138253763076,PayPal ,Completed
T2726,2022-09-12,C3656,Coffee Machine,7.0,,Credit Card,Completed
T2727,2025-02-30,C1078,Smartphone,-8.0,,Cash,Completed
,2023-13-01,C1682,Laptop,-7.0,-566.01196489499,credit card,Pending
T2729,2025-02-30,C3216,Tablet,804.0,235.44429575345004,pay pal,Failed
T2730,2025-02-30,C4745,Coffee Machine,-8.0,-214.06050778164501,PayPal,Failed
T2731,2023-04-20,C165,Laptop,-4.0,$789.70,credit card,
T2732,2023-04-01,C3704,Smartphone,1.0,,Cash,Pending
T2733,2025-02-30,C885,Coffee Machine,552.0,,Cash,Pending
T2734,2023-13-01,C3437,Laptop,-7.0,,creditcard,Failed
T2735,2023-13-01,C279,Laptop,387.0,-629.3060000529122,Cash,
T2736,2023-13-01,C2628,Smartphone,4.0,-758.992830554344,PayPal ,complete
T2737,2021-07-23,C1268,Smartphone,-6.0,-383.717747627324,pay pal,complete
T2738,2025-01-21,C2028,Tablet,10.0,420.95553682691104,Credit Card,
T2739,2025-02-30,C3068,Coffee ,7.0,433.4076714645686,Credit Card,Failed
T2740,2025-02-30,C2936,Smartphone,665.0,,PayPal ,Pending
T2741,2023-12-01,C3765,Tablet,-2.0,,PayPal,Pending
T2742,2023-13-01,C3461,Headphones,339.0,503.37749690090345,PayPal,complete
T2743,2025-02-30,,Tablet,791.0,,creditcard,Completed
T2744,2025-02-30,C3342,Headphones,-1.0,-896.2496056145302,PayPal ,Completed
T2745,2023-13-01,C3285,Smartphone,692.0,353.3235472777764,Cash,Completed
T2746,2023-13-01,C1332,Tablet,8.0,-310.83073754472866,credit card,complete
T2747,2025-02-30,C2988,Headphones,134.0,550.8005622558687,PayPal,complete
T2748,2023-13-01,C3194,Smartphone,8.0,-535.8273298629246,PayPal,completed
T2749,2022-12-07,C2367,Coffee Machine,908.0,$813.35,Credit Card,
T2750,2021-02-15,C1100,Coffee Machine,-6.0,724.4546437257604,creditcard,complete
T2751,2025-02-30,C126,Smartphone,676.0,$143.86,Credit Card,Completed
T2752,2023-13-01,C011,Tablet,7.0,,Credit Card,Pending
T2753,2020-05-05,C4509,Tablet,3.0,,Credit Card,Pending
,2025-02-30,C1650,Headphones,788.0,,credit card,Failed
,2023-13-01,C4134,Tablet,-8.0,-939.3577600811986,Credit Card,completed
T2756,2025-02-30,C4676,Smartphone,380.0,-233.95792113812706,Credit Card,Pending
T2757,2021-08-20,C3190,Coffee Machine,,,PayPal,completed
T2758,2023-13-01,C2064,Tablet,-7.0,-138.24454439853025,Cash,complete
T2759,2022-12-30,C1213,Headphones,-9.0,,credit card,Failed
T2760,2023-11-27,C3759,Tablet,8.0,,PayPal,
T2761,2020-01-22,C4011,Headphones,907.0,,Credit Card,
T2762,2020-11-28,C345,Smartphone,-3.0,,pay pal,complete
T2763,2025-02-30,C667,Laptop,7.0,,PayPal ,completed
T2764,2025-02-30,C4707,Headphones,-5.0,$135.33,Cash,completed
T2765,2023-13-01,C1289,Smartphone,-9.0,389.9555732323035,PayPal,Pending
T2766,2021-07-02,C400,Laptop,848.0,-182.45911926995802,Cash,Pending
T2767,2020-05-29,C786,Tablet,651.0,294.9556730525529,PayPal,
T2768,2020-11-06,C1579,Laptop,586.0,-368.395324019226,Cash,Pending
T2769,2025-02-30,C3316,Laptop,774.0,136.32975433859616,Credit Card,Completed
T2770,2023-13-01,C1866,Smartphone,499.0,,PayPal ,Completed
T2771,2020-10-15,C082,Headphones,-1.0,,credit card,Completed
T2772,2025-02-30,C1131,Tablet,-1.0,755.819855821535,pay pal,completed
T2773,2025-02-30,C2552,Smartphone,,,Cash,Pending
T2774,2023-13-01,C3846,Smartphone,650.0,,credit card,Failed
T2775,2025-02-30,C3898,Headphones,10.0,,PayPal,Failed
T2776,2023-13-01,C314,Headphones,7.0,-453.21985166178524,Cash,completed
T2777,2025-02-30,C3202,Coff,-7.0,-632.7468965975738,PayPal ,completed
T2778,2025-02-30,C3558,Coffee Machine,7.0,-125.31746289691773,creditcard,
T2779,2025-02-30,C4377,Smartphone,925.0,,PayPal ,complete
T2780,2025-02-30,C3492,Coffee Machine,3.0,681.363350425836,Credit Card,
T2781,,C2149,Headphones,-3.0,691.0832599998407,Credit Card,Pending
T2782,2025-02-30,C3282,Laptop,144.0,559.735675534983,pay pal,Failed
T2783,2024-05-04,,Coffee Machine,700.0,-455.01291143879996,creditcard,Completed
T2784,2020-01-27,C1090,Coffee Machine,-4.0,,pay pal,complete
T2785,2023-13-01,C079,Smartphone,7.0,-478.1298160715245,credit card,Failed
T2786,2020-07-31,C2885,Smartphone,-9.0,956.8497563243347,pay pal,Failed
T2787,2022-08-10,C2347,Tablet,3.0,,PayPal ,
T2788,2025-02-30,C4407,Laptop,-10.0,-524.919510995355,Cash,Completed
T2789,2025-02-30,C2861,Coffee Machine,9.0,,PayPal ,Completed
T2790,2023-13-01,C1133,Smartphone,6.0,615.7038167772953,creditcard,Failed
T2791,2025-02-30,C1088,Coffee Machine,-6.0,,creditcard,Completed
T2792,2023-13-01,C3906,Coffee Machine,1.0,341.7032132602028,PayPal ,complete
,2023-13-01,C2377,Headphones,876.0,-391.456468885459,PayPal,complete
T2794,2023-13-01,C3462,Tablet,-10.0,$266.37,Cash,complete
T2795,2023-13-01,C1813,Smartphone,1.0,-573.8205526920798,credit card,complete
T2796,2024-04-08,C3144,Headphones,10.0,,PayPal,Completed
T2797,,C2067,Coffe,794.0,663.3260919567583,PayPal ,complete
,2025-02-30,C493,Tablet,-8.0,,Cash,Pending
T2799,2023-13-01,C4555,Tablet,7.0,731.7168255936238,PayPal,Completed
T2800,2023-13-01,C808,Smartphone,2.0,522.159654111173,PayPal,Completed
T2801,2025-02-30,C2667,Smartphone,388.0,,PayPal,Pending
T2802,2024-07-01,C1372,Coffee Machine,2.0,,PayPal,completed
,2023-13-01,C3617,Headphones,4.0,843.5586396925692,creditcard,Pending
T2804,2023-13-01,C1782,Headphones,412.0,,PayPal ,completed
T2805,2025-02-30,C1417,Coffee Machine,-10.0,589.1036622473227,PayPal,completed
T2806,2022-04-06,C2975,Headphones,8.0,,credit card,completed
T2807,2023-13-01,C2807,Coffee Machine,-8.0,906.6884779946463,PayPal,
T2808,2023-13-01,,Laptop,4.0,,PayPal ,completed
T2809,2023-13-01,C508,Smartphone,387.0,,creditcard,Pending
T2810,2025-02-30,C1521,Headphones,-3.0,476.3684199112796,Credit Card,Pending
T2811,2023-13-01,C3900,Smartphone,-8.0,208.44376059952933,creditcard,
,,C215,Smartphone,659.0,363.71300783944764,Credit Card,complete
T2813,2023-13-01,C2407,Laptop,5.0,-633.7854803575401,PayPal,Completed
T2814,2025-02-30,,Smartphone,4.0,811.0177364562645,pay pal,completed
T2815,2023-13-01,C1926,Lapto,-2.0,,PayPal ,Failed
T2816,2025-02-30,C4040,Tablet,-3.0,226.32370951642827,PayPal,Pending
T2817,2025-02-30,C4913,Coffee Machine,7.0,,Cash,completed
T2818,2025-02-30,C4078,Smartphone,898.0,546.3025144802211,credit card,Pending
T2819,2025-02-30,C4142,Smartphone,-4.0,-236.93161293987316,creditcard,complete
T2820,2025-02-30,C2499,Laptop,420.0,,creditcard,completed
T2821,2021-03-06,C4281,C,546.0,-74.74770920477988,creditcard,Completed
T2822,2022-09-18,C1697,Smartphone,-3.0,-986.2032844347564,creditcard,complete
T2823,2024-11-02,C4695,Smartphone,7.0,546.1040670603834,creditcard,Pending
T2824,2022-10-09,C3181,Coffee Machine,,$425.96,pay pal,Failed
T2825,2023-13-01,C500,Headphones,-7.0,230.10646934013684,Cash,complete
T2826,2025-02-30,C1578,Coffee Machine,2.0,520.1553662587455,Cash,Completed
T2827,2025-02-30,C4174,Headphones,-9.0,-260.48797551777295,Cash,Completed
T2828,2020-10-26,C4344,Smart,3.0,-975.0534074378885,creditcard,completed
T2829,2023-06-20,C1050,Ta,6.0,674.3483888166638,Cash,Pending
T2830,2023-13-01,C3430,Coffee Machine,8.0,748.4189907353639,credit card,complete
T2831,2023-13-01,C2224,Smartphone,-6.0,-587.676942593531,pay pal,Pending
T2832,2021-07-09,C2513,Tablet,10.0,,creditcard,Completed
T2833,2023-13-01,C1943,Headphone,-5.0,-728.8947411040945,PayPal,completed
T2834,2023-13-01,C1356,Coffee Machine,9.0,,PayPal,completed
T2835,2023-13-01,C3073,Coffee Machine,7.0,471.3534827899819,Credit Card,Completed
T2836,2021-12-09,,Laptop,7.0,-97.39492711544938,credit card,Pending
T2837,2021-05-07,C880,Smartphone,-5.0,,credit card,complete
T2838,2022-07-02,C2508,Smartphone,721.0,,Cash,Pending
T2839,2023-13-01,C1803,Smartphone,-10.0,,pay pal,Pending
T2840,2025-02-30,C2421,Tablet,594.0,-424.358303877171,creditcard,completed
T2841,2023-13-01,C907,Coffee Machine,620.0,,Cash,Pending
T2842,2025-02-30,C815,Coffee Machine,8.0,,pay pal,Completed
T2843,2023-13-01,C3480,Laptop,6.0,954.9027252470428,pay pal,
T2844,2025-02-30,C2070,Coffee Machine,4.0,-551.2053443643606,Credit Card,Pending
T2845,2023-13-01,C059,Coffee Machine,-8.0,351.2638144367988,PayPal,
T2846,2023-13-01,C4271,Headphones,355.0,337.5571127716674,pay pal,Pending
T2847,2022-04-15,C1922,Laptop,980.0,748.7421345786015,Cash,completed
T2848,2023-07-20,C2528,T,,$238.51,credit card,Completed
T2849,2025-02-30,C2125,Headphones,1.0,-759.190304438323,credit card,Completed
T2850,2023-13-01,C2489,Tablet,-6.0,-460.1522005861128,Credit Card,Failed
T2851,,C418,Tablet,852.0,,Credit Card,Failed
T2852,2023-13-01,C2288,Smartphone,661.0,161.09714068376638,Credit Card,Failed
T2853,2025-02-30,C3805,Laptop,-3.0,-839.6369015974619,Credit Card,Completed
T2854,2021-05-15,C546,Smartphone,420.0,,creditcard,Failed
T2855,,C4290,Tablet,-5.0,-584.3669670986662,creditcard,complete
T2856,2023-13-01,C1355,Tablet,3.0,536.4997898909999,PayPal ,
T2857,2025-02-30,C2752,Headphones,,,pay pal,Failed
T2858,2023-13-01,C2402,Coffee Machine,471.0,,credit card,Pending
T2859,2023-13-01,C3970,Tablet,5.0,-365.8292133361705,Credit Card,Failed
T2860,2023-13-01,C3021,Headphones,8.0,,Cash,Failed
T2861,2025-02-30,C3715,Coffee Machine,2.0,$746.09,PayPal,complete
T2862,2024-10-16,C3455,Laptop,,-838.9912536590409,credit card,
T2863,2023-13-01,C2897,Tablet,-6.0,-114.81746765000514,PayPal ,complete
T2864,2023-01-26,C4042,Sm,952.0,-418.8244031280926,creditcard,
,2025-02-30,C4434,Laptop,4.0,-482.54542249090446,creditcard,Completed
T2866,2024-09-20,C869,Coffee Machine,-9.0,,PayPal,Pending
T2867,2023-13-01,,Coffee Machine,-4.0,977.7750455092424,PayPal ,
T2868,2025-02-30,C2364,Headphones,-8.0,,Cash,complete
T2869,2025-02-30,,Laptop,-3.0,-262.7348908302588,PayPal,completed
T2870,2024-06-11,C1029,Coffee Machine,-5.0,762.8072551284145,credit card,Pending
T2871,2021-03-28,C4197,Coffee Machine,5.0,175.25213304568857,Credit Card,completed
T2872,2022-09-06,C4778,Headphones,,,creditcard,complete
T2873,2023-09-22,C1279,Laptop,986.0,718.2759213926646,PayPal,Failed
T2874,2023-13-01,C4205,Headphones,924.0,-911.8502770799944,pay pal,complete
T2875,2024-05-04,C245,Tablet,170.0,-966.1701349515055,pay pal,Pending
T2876,2025-02-30,C1358,Coffee Machine,2.0,-296.0886332597038,credit card,completed
T2877,2021-05-07,C338,Headphones,7.0,347.99693089834,creditcard,Pending
T2878,2025-02-30,,Coffee Machine,250.0,,Credit Card,completed
T2879,2023-13-01,C819,Tablet,-4.0,-634.9888651619551,credit card,complete
T2880,2025-02-30,C1730,Headphones,967.0,632.2356898300661,pay pal,complete
T2881,2025-02-30,C2427,Headphones,1.0,,PayPal,Pending
T2882,2023-13-01,C4958,Headphones,934.0,-435.7377820818717,Cash,Failed
T2883,2025-02-30,C4788,Smartphone,151.0,512.0294874628516,PayPal ,complete
T2884,2023-13-01,C3221,Headph,833.0,,creditcard,Completed
T2885,2025-02-30,C4247,Smartphone,10.0,573.7258736825553,pay pal,Failed
T2886,2024-11-11,C1979,Headphones,939.0,562.7133431828125,Credit Card,
T2887,2023-13-01,C972,Smartphone,6.0,-346.832580122256,PayPal ,complete
T2888,2023-13-01,C663,Tablet,-5.0,440.50584549281047,credit card,Completed
T2889,2025-02-30,C2530,Coffee Machine,6.0,701.1053316709531,PayPal,completed
T2890,2025-02-30,C4420,Tablet,-10.0,-161.38551065517413,Cash,Pending
T2891,2025-02-30,C2539,Headphones,-2.0,-640.3164452083183,credit card,Pending
T2892,2022-12-25,C2169,Coffee Machine,144.0,-925.895348873927,PayPal ,Pending
T2893,2025-02-30,C4750,Coffee Machine,359.0,-414.98113553958683,Credit Card,Failed
T2894,2023-11-19,C2655,Smartphone,8.0,,PayPal,completed
T2895,2025-02-30,C1419,Laptop,-2.0,,Credit Card,Pending
T2896,2020-08-28,C4075,Laptop,544.0,417.68783248983607,pay pal,complete
T2897,2020-12-30,C949,Headphones,-1.0,-150.52589771233545,PayPal ,Completed
T2898,2023-13-01,C292,Tablet,6.0,,credit card,completed
T2899,2025-02-30,C4000,Tablet,8.0,-921.1285085851941,PayPal,complete
T88888,2023-13-01,C3247,Laptop,-7.0,-739.4041305124467,Credit Card,
T2901,,C819,Coffee Machine,-1.0,$64.47,PayPal ,Failed
T2902,2020-12-07,C193,La,204.0,-662.8320804456541,creditcard,
T2903,2025-02-30,C349,Laptop,10.0,765.6637096396427,pay pal,completed
T2904,2025-02-30,,Tablet,2.0,141.25973839579126,credit card,complete
T2905,2023-13-01,C3588,Headphones,5.0,-412.7461333579953,PayPal ,Pending
T2906,2025-02-30,C4403,Tablet,-8.0,,PayPal,
T2907,2025-02-30,C3238,Coffee M,-8.0,,PayPal ,completed
T2908,2023-13-01,C1816,Coffee Machine,636.0,-816.2591094699915,PayPal,Completed
T2909,2023-13-01,C2992,Coffee Machine,-6.0,,Cash,Failed
T2910,2025-02-30,C3073,Tablet,6.0,,Cash,complete
T2911,2023-10-12,C1991,Laptop,-1.0,-786.8762346045972,Credit Card,Completed
T2912,2022-08-08,C148,Tablet,-9.0,,credit card,Failed
T2913,,C2140,Tablet,,-215.0373147136944,PayPal ,Failed
T2914,2023-13-01,C4423,Tablet,3.0,547.3763203334788,pay pal,Pending
T2915,2020-02-13,C121,Laptop,155.0,,pay pal,completed
T2916,2024-05-04,C1679,Coffee Machine,-5.0,$-119.09,credit card,complete
T2917,2024-04-26,C2359,Sm,293.0,-349.9608884465905,Cash,
T2918,,C930,Laptop,315.0,172.3841941221201,pay pal,Completed
,2023-13-01,C4889,Tablet,584.0,571.9743256815729,Credit Card,Failed
T2920,2024-01-19,C1027,Smartphone,9.0,$-108.79,creditcard,completed
T2921,2023-13-01,C4295,Tablet,,713.5033690583857,PayPal ,
T2922,2023-13-01,C4806,Coffee Machine,296.0,-397.4452736827069,creditcard,Pending
T2923,2025-02-30,C168,Laptop,,$753.47,pay pal,completed
T2924,2022-03-04,C4635,Laptop,-7.0,,Cash,completed
T2925,2022-03-14,C184,Coffee Machine,-8.0,-790.6700235270471,creditcard,Completed
T2926,2022-10-18,C1242,Tablet,-7.0,-452.0086178689239,Credit Card,Pending
T2927,2021-10-19,C3693,Tablet,2.0,,PayPal ,
T2928,2022-07-27,C4815,Headphones,700.0,-779.1317362430801,Cash,
T2929,2025-02-30,C431,Headphones,-9.0,-293.7469530379125,PayPal ,complete
T2930,2025-02-30,C4390,Coffee Machine,345.0,,creditcard,complete
T2931,2025-02-30,C1674,Smartphone,680.0,193.2191566056569,Cash,Failed
T2932,2025-02-30,C2980,Headphones,-7.0,663.2487088303212,pay pal,Completed
T2933,2020-05-30,C4952,Laptop,1.0,,Credit Card,
T2934,2020-02-28,C4068,Smartphone,2.0,-927.9085898452754,Cash,
T2935,2025-02-30,C1560,Laptop,259.0,170.95319478615596,PayPal ,completed
T2936,2022-11-09,C4475,Coffee Machine,-3.0,,creditcard,Pending
T2937,2024-08-21,C2452,Laptop,,248.63770441517173,PayPal ,
T2938,2025-02-30,C3816,Coffee Machine,8.0,,credit card,Pending
T62463,2023-13-01,C3364,Smartphone,847.0,,Credit Card,Failed
T2940,2022-04-22,C1802,Laptop,856.0,817.138398950665,PayPal,Pending
T2941,2023-13-01,C1209,Headphones,4.0,915.220261284868,Cash,Completed
T2942,2023-13-01,C3498,Coffee Machine,990.0,920.7462092760583,PayPal ,Failed
T2943,2025-02-30,C4811,Coffee Machine,-8.0,767.1796876652361,Cash,
T2944,2020-07-07,C734,Laptop,-6.0,997.804693529175,Cash,Failed
T2945,2020-12-12,C2595,Tablet,-8.0,,Cash,
T2946,2024-01-17,C1981,Coffee Machine,8.0,353.12998371742196,creditcard,Pending
T2947,2025-02-30,C2105,Tablet,-4.0,-849.4199592828966,Cash,Pending
T2948,2020-08-12,C964,Laptop,1.0,57.116794457270416,PayPal ,Completed
T2949,2025-02-30,C2085,Headphones,3.0,,credit card,completed
T2950,2023-04-20,C4845,Laptop,6.0,,pay pal,Pending
T2951,2021-05-11,C2197,Tablet,9.0,,Credit Card,Failed
T2952,,C4015,Laptop,645.0,,creditcard,complete
T2953,2021-02-03,C3650,Coffee Machine,-10.0,-592.0769202626557,PayPal ,Completed
T2954,,C4670,Smartphone,9.0,$396.87,Credit Card,completed
T2955,2023-13-01,C4728,Tablet,947.0,-945.2269730190393,pay pal,Completed
T2956,2022-01-21,C2282,Headphones,885.0,540.3077851961284,PayPal ,completed
T2957,2025-02-30,C3853,Laptop,-1.0,,credit card,complete
T2958,2023-01-31,C1771,Laptop,6.0,,pay pal,Completed
,2025-02-30,C3461,Laptop,174.0,-652.4921095220982,PayPal ,Failed
T2960,2021-02-27,C4774,Smartphone,5.0,,PayPal ,
T2961,2025-02-30,C1994,Laptop,8.0,,Cash,
T2962,2025-02-30,C1937,Tablet,10.0,$128.97,Cash,Pending
T2963,2020-09-24,C1435,Tablet,-8.0,445.4971323681654,Cash,Pending
T2964,2020-11-09,C4116,Laptop,-8.0,-397.72882227341177,PayPal ,Pending
T2965,2024-11-21,C4172,Smartphone,1.0,-166.8500878409552,PayPal ,Failed
T2966,2023-13-01,C3890,Coffee Machine,525.0,424.18909187426584,PayPal ,
T2967,2021-10-16,C1248,Smartphone,793.0,,Credit Card,Failed
T2968,2024-11-26,C3112,Coffee Machine,592.0,-74.20975482923598,Cash,Failed
T2969,,C996,Coffee Machine,3.0,-294.0843022608648,credit card,Failed
T2970,2025-02-30,C2974,Smartphone,-8.0,,Credit Card,completed
T2971,2023-08-28,C1536,Headphones,-3.0,$240.99,pay pal,
T2972,2021-04-22,C764,Headphon,10.0,810.5859492971437,Cash,Failed
,2023-13-01,C3772,Coffee Machine,,854.0208338748672,Cash,
T2974,2024-11-23,,Tablet,-2.0,-909.5055755481706,credit card,Pending
T2975,2025-02-30,C761,Laptop,-1.0,-85.34594987468324,creditcard,Failed
T2976,2025-02-30,C4810,Laptop,-10.0,$-413.65,Cash,Completed
T2977,2023-13-01,C2205,Headphones,-10.0,762.3001504798309,creditcard,Pending
T2978,2020-03-08,C3916,Headphones,2.0,,PayPal,completed
,2020-09-18,,Laptop,623.0,,PayPal,completed
T2980,2025-02-30,C2639,Laptop,4.0,-492.4782243659974,PayPal ,Pending
T2981,2025-02-30,C4555,Laptop,,,creditcard,Completed
T2982,2024-04-12,C4888,Headpho,417.0,664.4754903809286,PayPal,
T2983,2023-13-01,C2254,Laptop,10.0,,PayPal ,completed
T2984,2022-07-01,C509,Co,6.0,790.0706269818203,PayPal ,Pending
T2985,2023-13-01,C4432,Coffee Machine,559.0,-122.6402719048425,creditcard,Completed
T2986,2024-12-22,C876,Tablet,-3.0,-856.2940779275352,credit card,completed
T2987,2025-02-30,C2925,Coffee Machine,7.0,$362.04,PayPal ,complete
T2988,2023-13-01,C348,Smar,10.0,-742.9410036937556,pay pal,complete
T2989,2025-02-30,C3446,Headphones,5.0,-582.3523902850802,PayPal,completed
T2990,2020-10-06,C661,Headphones,-5.0,435.67195874645785,PayPal ,Pending
T2991,2025-02-30,C4128,Smartphone,10.0,933.8468253783631,creditcard,complete
T2992,2025-02-30,C2542,Headphones,630.0,725.0073114392887,PayPal ,Failed
T2993,2023-13-01,C2369,Smartphone,433.0,872.0300248013535,creditcard,Completed
,2023-13-01,C1043,Tablet,914.0,,pay pal,Completed
T2995,2023-01-31,C631,Smartphone,,$678.88,pay pal,completed
T2996,2025-02-30,C4354,Headphones,,859.8839519222887,Credit Card,complete
T2997,2023-13-01,C2838,Tablet,-5.0,694.9297096742589,Cash,Completed
T2998,2023-13-01,C2326,Tablet,-6.0,743.5772003728845,creditcard,Pending
T2999,2022-10-23,C4467,Coffee Machine,342.0,983.944273775997,Credit Card,completed
T3000,2025-02-30,C2124,Smartphone,7.0,234.52012098117316,creditcard,completed
T3001,2023-12-07,C246,Tablet,592.0,477.64913837032395,Credit Card,Completed
T3002,2025-02-30,C4176,Tablet,-6.0,-679.1741143141955,pay pal,Completed
T3003,2023-13-01,C4706,Tablet,-3.0,-893.4352985666721,Credit Card,Failed
T3004,2023-13-01,C3923,Smartphone,1.0,-496.28954088203255,pay pal,Completed
T3005,2023-13-01,C4643,Headphones,-8.0,447.56123744345985,pay pal,
T16519,2025-02-30,C1658,Laptop,6.0,,Cash,
T3007,2020-06-16,C166,Co,435.0,-642.2441024755407,credit card,Failed
T3008,2023-10-09,C4335,Coffee Machine,9.0,551.7745297187394,PayPal,Failed
T3009,2025-02-30,C4269,Coffee Machine,-3.0,,pay pal,Completed
T3010,2020-07-26,,Headp,-8.0,161.94538482212135,PayPal,complete
T3011,2024-05-17,C4751,Coffee Machine,10.0,$373.71,PayPal ,completed
T3012,2022-11-17,C2693,Headphones,8.0,-612.8387703420066,Credit Card,Completed
T3013,2023-13-01,C1061,Laptop,10.0,879.4927145043052,Credit Card,
T3014,2023-13-01,C3750,Tablet,1.0,963.0722541205744,PayPal ,Pending
T3015,2023-13-01,,Smartphone,7.0,221.21143109887518,pay pal,completed
T3016,2025-02-30,C1797,Lapto,457.0,,Credit Card,Pending
T3017,2023-13-01,C2512,Coffee Machine,-2.0,841.891651013543,PayPal,Completed
T3018,2023-13-01,C4411,Headph,2.0,,PayPal ,complete
T3019,2021-01-27,C4004,Coffee Machine,-2.0,257.5574426450124,PayPal ,complete
T3020,,C460,Coffee Machine,8.0,484.5961369335793,PayPal ,Pending
T3021,2022-05-08,C1905,Headphones,10.0,$898.52,Credit Card,Failed
T3022,2022-08-09,C425,Coffee Machine,847.0,,creditcard,Pending
T3023,2022-03-11,C1330,Smartph,6.0,,Cash,
T3024,,C1887,Smartphone,-7.0,411.93714451208115,creditcard,completed
T3025,2025-02-30,C4890,Coffee Machine,839.0,-833.14352305032,credit card,Pending
T3026,2021-09-20,C4492,Headphones,3.0,,pay pal,Failed
T3027,2023-13-01,C677,Smartphone,807.0,,creditcard,
,2023-13-01,C3354,Headphones,503.0,,Credit Card,
T3029,2023-13-01,C716,Laptop,7.0,-322.4262766243679,Credit Card,
T3030,2025-02-30,C2611,Tablet,467.0,582.9851554872345,Cash,Completed
T3031,2025-02-30,C2749,Coffee Machine,-4.0,,PayPal,Pending
T3032,2023-13-01,C1817,Coffee Machine,1.0,-166.505842813943,PayPal ,completed
T3033,2023-13-01,C4003,Smartphone,-8.0,,PayPal ,Pending
T3034,2025-02-30,C4708,Smart,,-524.0205365024246,PayPal,Failed
T3035,2023-13-01,C2642,Smartphone,920.0,-563.2107470460228,PayPal,Pending
,2023-07-01,C2749,Headphones,679.0,,pay pal,Failed
T3037,2025-02-30,C2379,Laptop,101.0,-652.5397419757874,creditcard,Completed
T3038,2025-02-30,C001,Laptop,,,PayPal ,Completed
T3039,2025-02-30,C1554,Smartphone,5.0,-413.6959328008078,PayPal ,complete
T3040,2025-02-30,C3200,Laptop,-4.0,570.5567539803808,credit card,complete
T3041,,C1586,Coffee Machine,-7.0,-886.196155987646,creditcard,Pending
T3042,2023-13-01,C3650,Laptop,836.0,$881.44,PayPal ,Pending
T3043,2025-02-30,C544,T,-8.0,,credit card,complete
T3044,2025-02-30,C1620,Laptop,-7.0,,credit card,completed
T3045,2025-02-30,C1674,Smartphone,798.0,,Cash,Pending
T3046,,,Laptop,710.0,-610.6725433760316,Cash,
T3047,2023-13-01,C4836,Coffe,-4.0,-933.0408109298983,Cash,Pending
T3048,2023-13-01,C2652,Tablet,4.0,770.2294437935583,PayPal ,
T3049,2023-13-01,C1679,Smartphone,-3.0,-515.7988437972775,creditcard,complete
T3050,2025-02-30,C483,Coffee Machine,806.0,,PayPal,Failed
T3051,2025-02-30,C1896,Tablet,379.0,$-991.59,Credit Card,Pending
T3052,2023-04-20,C2209,Tablet,-8.0,,Credit Card,
T3053,2020-04-12,C1618,Smartphone,698.0,234.56119506798106,creditcard,Failed
T3054,2022-09-30,,Smar,-2.0,170.8520545296112,creditcard,Pending
T3055,2020-03-01,C3985,Smartp,869.0,585.804955556867,PayPal ,Failed
T3056,2025-02-30,C4850,Smartphone,8.0,$792.78,credit card,complete
,2025-02-30,C645,Smartphone,456.0,,pay pal,Failed
T3058,2023-13-01,C2044,Laptop,256.0,,Credit Card,complete
T3059,2025-02-30,C3442,Headphones,537.0,-765.5401400678788,PayPal,Completed
T3060,2025-02-30,C4351,Laptop,730.0,-335.4113432595701,creditcard,Completed
T3061,2023-13-01,C3418,Headphones,-2.0,-50.48026611191551,credit card,complete
T3062,2023-13-01,C1592,Headphones,375.0,,PayPal,Completed
T3063,2023-13-01,C685,Coffee Machine,391.0,,creditcard,completed
T3064,2025-02-30,C3269,Coffee Machine,10.0,-877.1687864589776,Cash,Completed
T3065,2023-13-01,C1869,Tabl,,$-55.60,pay pal,completed
T3066,2022-06-08,C2278,Headphon,529.0,-937.457947369852,pay pal,Completed
T3067,2025-02-30,C3628,Headphones,990.0,,PayPal ,complete
T3068,2023-13-01,C1903,Smartphone,10.0,-669.3909987243115,credit card,
T3069,,C4229,Tablet,,,creditcard,
T3070,2023-13-01,C1128,Tablet,-10.0,369.7618763708624,credit card,Completed
T3071,2023-13-01,C3997,Tablet,708.0,,creditcard,Completed
T3072,2020-08-24,C3086,Laptop,6.0,843.8019839922989,Cash,Failed
T3073,2023-07-26,C1507,Tablet,9.0,$234.95,PayPal ,complete
T3074,2025-02-30,C4029,Smartphone,398.0,,Cash,Completed
T3075,2023-13-01,C2235,Laptop,6.0,,Credit Card,Completed
,2023-10-05,C743,Headphones,681.0,856.001284132808,PayPal,Failed
T3077,2021-08-02,,Tablet,7.0,646.4164515623916,creditcard,complete
T3078,2022-05-27,C3890,Laptop,10.0,331.2656543777612,PayPal,Pending
T3079,2023-13-01,C4107,Coffee Machine,514.0,$-904.89,PayPal ,Completed
T3080,2025-02-30,C2192,Headphones,531.0,,PayPal,
T3081,2023-13-01,C4083,T,-9.0,-687.2330086575951,credit card,Completed
,2025-02-30,C1957,Hea,6.0,-571.3876999459051,PayPal,complete
T3083,2023-13-01,C1355,Laptop,7.0,-328.91946288211955,credit card,completed
T3084,2025-02-30,C4814,Tablet,989.0,,PayPal,completed
T3085,2025-02-30,C1357,Smartphone,-9.0,-930.7725070652035,Credit Card,complete
T3086,2020-11-14,C774,Smartphone,-1.0,$445.76,pay pal,Pending
T3087,2021-03-28,C973,Laptop,652.0,,creditcard,complete
T3088,2024-07-03,C733,Coffee Machine,6.0,208.54210111498648,creditcard,completed
T3089,2023-13-01,C3440,Headphones,557.0,-795.5195872912917,creditcard,
T3090,2025-02-30,C4023,Tablet,-5.0,237.5581403553854,Cash,Failed
T3091,2025-02-30,C4149,Headphones,3.0,-711.3452931634711,credit card,complete
T3092,2023-13-01,C1468,Smartphone,10.0,-351.03558221482297,PayPal ,complete
T3093,2024-06-24,C2122,Ta,5.0,648.157093091415,Cash,
,2023-13-01,C3138,Headphones,322.0,-343.6382404882304,PayPal,Completed
T3095,2023-13-01,C3564,Headphones,502.0,$-54.28,Cash,
T3096,2020-04-29,C3923,Laptop,439.0,-606.8149911346919,creditcard,Completed
T3097,2025-02-30,C3136,Coffee Machine,992.0,,PayPal,Failed
T3098,2025-02-30,C270,Smartphone,-1.0,,Cash,
T3099,2020-04-26,C4643,Coffee Machine,9.0,284.7977381542014,credit card,completed
T3100,2025-02-30,C1139,Headphones,7.0,416.15728099809576,PayPal,complete
T3101,2023-13-01,C1351,Tablet,773.0,-561.1727680965473,PayPal,Failed
T3102,2025-02-30,C157,Coffee Machine,-6.0,-881.3708768791321,Cash,Completed
T3103,2025-02-30,C1257,Smartphone,405.0,920.1056233596333,credit card,Pending
T3104,2021-05-06,C2361,Smartphone,-8.0,-568.3031805329299,Credit Card,Completed
T3105,2023-13-01,C4131,Coffee Machine,477.0,$871.93,PayPal ,complete
,2023-13-01,C523,Coffee Machine,-9.0,,Cash,Failed
T3107,2023-13-01,C1550,Laptop,603.0,591.9304208809692,creditcard,Failed
,2025-02-30,C3438,Laptop,947.0,-697.6638688391877,Credit Card,
T3109,2025-02-30,C539,Tablet,8.0,$-991.67,credit card,Failed
T3110,2025-01-03,C043,Smartphone,10.0,-111.53591773705875,Credit Card,completed
T3111,2025-02-30,C3290,Smartphone,5.0,$419.30,credit card,
T3112,,C1546,Coffee Machine,-10.0,889.8154220635445,PayPal ,Completed
T3113,2024-01-12,C1277,Laptop,474.0,-654.2961337601728,Cash,complete
T3114,,C737,Headphones,3.0,721.8013409905894,credit card,Failed
T3115,2023-13-01,C3148,Headphones,-9.0,,PayPal ,completed
T3116,2024-11-15,C1278,Laptop,360.0,637.1575306732913,PayPal,Failed
T3117,2025-02-30,C4724,Smartphone,6.0,$-448.36,Cash,Completed
,2025-02-30,C3855,Coffee Mac,9.0,346.4741133832364,Credit Card,Completed
T3119,2023-13-01,,Coffee Machine,-10.0,$63.73,PayPal ,complete
T3120,2025-02-30,C3377,Coffee Machine,,-734.6732975199611,PayPal,
T3121,2025-02-30,C149,Headphones,-2.0,,Credit Card,completed
T3122,2023-13-01,C2158,Smartphone,-6.0,805.5348271670883,pay pal,Pending
T3123,2025-02-30,C1903,Coffee Machine,470.0,,Cash,completed
,2025-02-30,C2577,Coffee Machine,-10.0,-501.7473286373209,Credit Card,Failed
T3125,2024-09-02,C2644,Coffe,-6.0,-769.4095893275735,PayPal,Pending
T3126,2024-03-07,C1954,Tablet,761.0,-87.8757218429023,Credit Card,completed
T3127,2025-02-30,C948,Laptop,10.0,-363.54746433834964,PayPal ,
T3128,2023-13-01,C1715,Laptop,10.0,-56.147955953628866,creditcard,
T3129,2022-04-18,C1014,Smartphone,-7.0,-912.1058443235718,PayPal ,Failed
T3130,2020-05-20,C1861,Coffee Machine,8.0,-726.7286431982882,credit card,completed
T3131,2025-02-30,C2247,Smartphone,-3.0,,PayPal ,Completed
T3132,2024-09-09,C694,Headphones,9.0,800.5988667421934,PayPal ,completed
T3133,2020-11-25,C195,Coffee Machine,9.0,,Credit Card,
T3134,2023-13-01,C4254,Tablet,911.0,-685.5420859107483,PayPal,Failed
T3135,2023-13-01,C2951,Tablet,7.0,474.4413440737073,PayPal ,completed
T3136,2025-02-30,C1603,Smartphone,-4.0,,Credit Card,Completed
T3137,,C082,Tablet,589.0,,pay pal,Completed
T3138,2025-02-30,,Tablet,937.0,547.0954640233479,PayPal ,
T3139,,C793,Tablet,7.0,-522.4943457661388,credit card,complete
T3140,2025-02-30,C4329,Tablet,-4.0,-830.1327291321957,credit card,Failed
T3141,2023-06-15,C4496,Laptop,-6.0,,PayPal,Failed
T3142,2025-02-30,,Laptop,129.0,-449.52797232479725,PayPal ,Pending
,2021-06-21,C1310,Smartphone,7.0,-291.40832969189614,pay pal,Failed
T3144,2025-02-30,C962,Tablet,-3.0,917.8629375123998,credit card,completed
T3145,2023-13-01,C2181,Headphones,-4.0,-652.6594206239846,Credit Card,
T3146,2025-02-30,C1908,Laptop,296.0,,creditcard,
T3147,2023-13-01,C4585,Coffee Machine,-6.0,,PayPal,Pending
T3148,2025-02-30,C4543,Headphones,6.0,$-695.62,Credit Card,
T3149,2023-13-01,,Co,1.0,$-681.92,PayPal ,complete
T3150,2023-13-01,,Laptop,6.0,$-496.48,credit card,
T3151,2025-02-30,C4619,Smartphone,-4.0,575.0213755738671,Credit Card,Completed
T3152,2023-13-01,C2881,Coffee Machine,524.0,,PayPal ,Completed
T3153,2025-02-30,,Coffee Machine,5.0,499.65627645614524,pay pal,Failed
T3154,2023-13-01,,Coffee Machine,139.0,-464.6539797830153,creditcard,Completed
T3155,2020-11-24,C4560,Smartphone,5.0,,credit card,complete
T27469,2023-13-01,C182,Smartphone,-9.0,-491.191297294704,PayPal ,Pending
T3157,2023-13-01,C2466,Headphones,554.0,,PayPal,Completed
T3158,2023-13-01,C775,Headphones,928.0,495.64398264813025,Cash,Failed
T3159,2023-13-01,C1769,Coffee Machine,509.0,-140.70815394444992,credit card,
T3160,2023-13-01,C3268,Coffee Machine,952.0,,PayPal,Pending
T3161,2023-07-11,C1242,Coffee Machine,515.0,,Cash,completed
T3162,2023-13-01,C4764,Smartphone,598.0,-159.1882029239124,PayPal ,Pending
T3163,2025-02-30,C724,Smartphone,-8.0,360.1462797399813,credit card,completed
T3164,,C4485,Laptop,333.0,-468.9473683351059,Credit Card,Completed
T3165,2023-13-01,C1217,Laptop,665.0,$997.89,PayPal,completed
T3166,2022-08-21,C481,Laptop,10.0,,credit card,Pending
T3167,2023-13-01,C1544,Coffee Machine,1.0,-453.99420114484235,PayPal,Pending
T3168,2023-13-01,C3962,Tablet,,,Cash,Completed
T3169,2025-02-30,C715,Laptop,-10.0,-345.7863507388323,pay pal,Completed
T3170,2025-02-30,C4328,Smartphone,9.0,884.1248399881775,PayPal,
T3171,2021-02-02,C1134,Tablet,812.0,,pay pal,
T3172,2023-13-01,C531,Headphones,1.0,-155.05570139817542,PayPal ,Pending
T3173,2023-13-01,C4371,Coffee Machine,-5.0,-293.6778011733062,pay pal,Completed
T3174,2023-13-01,C1791,Headphones,7.0,-122.67314986926476,Credit Card,complete
T3175,2022-08-10,C2521,Coffee Machine,-2.0,,PayPal,Failed
T3176,2024-10-16,C955,Smartphone,8.0,-774.504902539251,PayPal ,Pending
T3177,2025-02-30,C3644,Coffee Machine,-3.0,,Credit Card,
T3178,2025-02-30,C3674,Smartphone,188.0,,PayPal ,Pending
T3179,2023-13-01,C2259,Coffee Machine,,,Credit Card,Completed
T3180,2023-13-01,C2671,Coffee Machine,-2.0,,PayPal ,completed
T3181,2025-02-30,C426,Laptop,10.0,-200.22986822328562,PayPal ,complete
T3182,2022-09-10,C258,Headphones,966.0,230.61400383718413,PayPal,completed
T22817,2023-10-26,C2713,Headphones,-9.0,$871.56,Cash,completed
T3184,2023-13-01,C3822,Headphones,-8.0,322.29996259826436,credit card,Completed
T3185,2025-02-30,C960,Headphones,-1.0,-369.04187302276625,PayPal ,Completed
T3186,2025-02-30,C1117,Headphones,,-635.588436831667,creditcard,completed
T3187,2023-13-01,C3427,Tablet,368.0,,PayPal,completed
T3188,2024-03-01,C098,Smartphone,667.0,235.2450515691346,PayPal ,complete
T3189,2024-02-25,C1223,Smartphone,606.0,,PayPal ,
T3190,2025-02-30,C897,Headphones,472.0,,credit card,complete
T3191,2020-05-30,C3264,He,797.0,,PayPal,Failed
T3192,2023-04-01,C4859,Laptop,7.0,,PayPal ,Completed
T3193,2024-03-30,C2334,Smartphone,,775.4109520295018,pay pal,
,2023-13-01,C4648,Ta,3.0,,Cash,Pending
T3195,2024-01-05,C1623,Headphones,830.0,,pay pal,completed
T3196,2023-13-01,C3884,Headphones,,-147.535714104249,creditcard,Pending
T3197,2025-02-30,C2690,Headphones,219.0,-205.07446240687398,Credit Card,
T3198,2022-02-18,C514,Laptop,663.0,-502.2512966296267,PayPal ,
T3199,2025-01-16,C2551,Coffee Machine,895.0,,credit card,Pending
T3200,2023-13-01,C4284,Smartphone,-7.0,-231.22168825542326,Credit Card,completed
T3201,2023-13-01,C3121,Laptop,6.0,,credit card,completed
T3202,2021-11-02,C2200,Table,3.0,-66.81203428223375,PayPal ,
T3203,,C3116,Laptop,677.0,$-493.69,credit card,Pending
T3204,2023-13-01,C1263,Headphones,-9.0,148.69059039290886,Credit Card,completed
T3205,2023-13-01,C4436,Tablet,9.0,,PayPal,completed
,2023-13-01,C3607,Tablet,413.0,357.75163576818585,creditcard,
T3207,2025-02-30,C4255,Smartphone,881.0,,credit card,Completed
T3208,2023-13-01,C221,Smartphone,-8.0,,Cash,Completed
T3209,2024-06-09,C2682,Coffee Machine,,60.02306099845664,Credit Card,
T3210,2025-02-30,C4655,Co,9.0,,PayPal,Failed
T3211,2024-08-06,C2708,Coffee Machine,2.0,636.5341375810178,Credit Card,
T3212,2025-02-30,C2381,Tablet,4.0,-878.6524314396286,Credit Card,Completed
T3213,2023-13-01,C1218,Laptop,-5.0,-276.80748584938044,PayPal ,Failed
,2023-13-01,C948,Smartphone,7.0,-333.6995861174239,PayPal,completed
T3215,2022-02-16,C689,Smartphone,-5.0,-790.1712535451925,PayPal,Completed
T3216,,C3543,Laptop,-8.0,-367.13425527006405,pay pal,complete
T3217,2025-02-30,C2724,Smartphone,-10.0,-807.4367526513064,pay pal,completed
T3218,2025-02-30,C1806,Tablet,229.0,,credit card,Failed
T3219,2023-13-01,C2121,Laptop,3.0,790.2158818417963,credit card,Pending
T3220,2025-02-30,C4403,Coffee Machine,4.0,488.0091181701548,PayPal,
T3221,2024-01-16,C3538,Headphones,-5.0,195.68744620077578,credit card,
T3222,2020-05-15,C600,Headphones,10.0,,PayPal ,completed
,2024-07-11,C2577,Laptop,-5.0,$-862.70,Credit Card,completed
T69407,2025-02-30,C601,Smartphone,7.0,-952.7700234854528,Cash,Pending
T3225,2024-11-25,C3059,Coffee Machine,948.0,-349.4593964486843,credit card,Completed
T3226,2025-02-30,C2628,Smartphone,10.0,-478.7139912773175,PayPal ,completed
T3227,2020-05-21,C4515,Laptop,-6.0,,PayPal,Completed
T3228,,C1798,Headphones,852.0,559.7891394525618,Cash,Pending
T3229,2025-02-30,C4680,Tablet,386.0,,PayPal ,Completed
T3230,2023-13-01,C1707,Smartphone,8.0,$420.94,PayPal,Failed
T3231,2020-09-29,C3837,Laptop,651.0,-459.884063076016,credit card,Completed
T3232,2023-13-01,C2083,Headphones,-3.0,,Cash,Failed
T3233,2023-13-01,C4426,Headphones,9.0,-141.3864671129885,creditcard,Pending
T3234,2025-02-30,C4618,Coffee Machine,-7.0,-90.19198947909172,Credit Card,Failed
T3235,2020-08-09,C461,Laptop,-4.0,,PayPal ,complete
T3236,,,Laptop,-3.0,814.6029806365136,PayPal,
T3237,2024-09-17,C1770,Laptop,956.0,352.8176596604214,Credit Card,Failed
T3238,2022-12-02,C1541,Coffee Machine,-2.0,992.0466655234105,PayPal,complete
T3239,,C913,Headphones,8.0,,PayPal,Failed
T3240,2023-13-01,C4054,Laptop,584.0,-786.229191851584,creditcard,completed
T3241,2025-02-30,C3185,Tablet,1.0,104.02199970140074,Cash,
T3242,2023-13-01,C3950,Tablet,-8.0,,Credit Card,
T3243,2023-13-01,C4455,Tablet,1.0,,credit card,Completed
T3244,2020-10-13,C2966,Smartphone,-3.0,711.0848815954851,creditcard,
T3245,2025-02-30,C4810,Headphones,130.0,,pay pal,Completed
T3246,2025-02-30,C2795,Laptop,10.0,-454.5062427905982,creditcard,Failed
T3247,2022-07-03,C1648,Headphones,530.0,,credit card,
T3248,2023-13-01,C4333,Smartphone,407.0,,pay pal,completed
T3249,2024-10-23,C3850,Smartphone,-9.0,,credit card,Completed
T16436,2020-10-11,C735,Smartphone,791.0,-669.0886079927806,creditcard,Completed
T3251,2025-02-30,C893,Smartphone,-1.0,402.23748028093985,pay pal,Failed
T3252,2024-07-07,C336,Coffee Machine,4.0,192.50086141570074,PayPal,completed
T3253,2022-11-16,C3710,Tablet,-1.0,-933.2817036691501,credit card,completed
T3254,2024-09-04,C841,Smartphone,922.0,765.8673735596567,Credit Card,completed
T3255,2021-08-25,C3761,Headphones,-5.0,,PayPal ,Completed
T3256,2023-13-01,C2586,Laptop,3.0,$-623.15,pay pal,completed
T3257,2023-13-01,C1444,Headphones,-2.0,345.9221590352116,pay pal,completed
T3258,2023-13-01,C1053,Laptop,10.0,-641.0272490693205,credit card,complete
T3259,2023-13-01,C590,Smartphone,7.0,490.8183686725042,PayPal,completed
T3260,2023-13-01,C801,Tablet,-6.0,847.9109731798831,Credit Card,completed
T3261,2025-02-30,C4249,Coffee Machine,424.0,,credit card,
T3262,2022-04-08,C671,Smartphone,-7.0,-988.1796290242422,credit card,complete
T3263,2025-02-30,C4258,Coffee Machine,-5.0,,Credit Card,completed
T3264,2020-02-01,C4860,Hea,8.0,,creditcard,completed
,2023-13-01,C1297,Smartphone,790.0,,Credit Card,complete
T3266,2021-09-24,C1485,Laptop,6.0,850.7800970588328,PayPal,complete
T3267,2023-13-01,C086,Headphones,-9.0,,credit card,Pending
T3268,2025-01-07,C4687,Sma,-8.0,655.3049856614367,pay pal,Completed
T3269,2024-02-14,C1575,Sma,6.0,,pay pal,Completed
T3270,2023-13-01,C3520,Tablet,-8.0,343.97368337682866,Credit Card,completed
T3271,2024-07-29,C2496,Smartphone,-10.0,$781.21,PayPal,Pending
T3272,2025-02-30,C1796,Headphones,-5.0,,creditcard,completed
T3273,2025-02-30,C1492,Laptop,3.0,181.08826208818954,pay pal,complete
T3274,2023-13-01,C2471,Smartphone,904.0,411.71362826385877,Credit Card,complete
T3275,2025-02-30,C056,Laptop,-10.0,,creditcard,Failed
T3276,2025-02-30,C2982,Laptop,-1.0,-158.0280845128085,PayPal,completed
T3277,2023-13-01,C1118,Coffee Machine,10.0,470.2031373424341,credit card,Completed
T3278,2021-09-30,C1064,Lapt,-6.0,107.31390956409653,Credit Card,Pending
T3279,2023-13-01,C1729,Laptop,,-771.396872927141,pay pal,completed
T3280,2023-13-01,C2357,Laptop,-3.0,$-624.98,pay pal,Pending
T3281,2025-02-30,C1283,Laptop,976.0,295.11224713021113,credit card,Pending
T3282,2022-07-07,C4645,Sma,840.0,279.51452912303387,creditcard,Completed
,2023-12-09,C4935,Tablet,,263.42656099053954,creditcard,Failed
T3284,2025-02-30,C495,Smartphone,764.0,-923.7060669178045,pay pal,complete
T3285,2023-13-01,C1700,Laptop,6.0,-896.2559609109378,PayPal ,completed
T3286,2025-02-30,C3475,Coffee Mach,487.0,-942.5952071629374,pay pal,Completed
T3287,2025-02-30,C3325,Headphones,959.0,-290.70930674411125,Cash,Pending
T3288,2025-02-30,C929,Smartphone,-5.0,218.1943827132245,Cash,Pending
T3289,2023-13-01,C752,Laptop,-4.0,229.60061824710667,Credit Card,Pending
T3290,2023-13-01,C1962,Smartphone,5.0,,creditcard,
T31555,2025-02-30,C3172,Headphones,638.0,852.4605381493034,Credit Card,
T3292,2023-13-01,C1271,Headph,-4.0,-445.353350489387,PayPal ,complete
T3293,2024-07-30,C644,Headphones,597.0,,PayPal ,
T3294,2025-02-30,C2274,Tablet,2.0,,Credit Card,Completed
T3295,2025-02-30,C672,Laptop,-8.0,-249.71493145993077,PayPal,complete
T3296,2025-02-30,C1135,Coffee Machine,770.0,,Credit Card,completed
T3297,2024-12-03,C1871,Smartphone,692.0,$437.87,PayPal,completed
T3298,2025-02-30,C2836,Tablet,-2.0,856.448889983294,PayPal,complete
T3299,2025-02-30,C2250,La,8.0,,PayPal,completed
T3300,2025-02-30,C910,Headphones,6.0,96.23879137204618,creditcard,completed
T3301,2023-08-24,C1241,Coffee Machine,975.0,,pay pal,Failed
T3302,2020-02-29,C625,Headphones,7.0,-626.6109451428326,creditcard,completed
T3303,2023-13-01,C1719,Tablet,-7.0,783.2216291692715,creditcard,Pending
T3304,2024-02-08,C351,L,-7.0,594.8736991634096,Credit Card,
T3305,2023-13-01,C2242,Coffee Machine,-10.0,-606.7976084188981,credit card,Pending
T3306,2025-02-30,C326,Tablet,9.0,-366.7229514902018,PayPal,Pending
T3307,2023-13-01,C1326,Coffee Machine,-4.0,-970.6568558741305,Cash,complete
T3308,2023-13-01,C1349,Headphones,,316.4966506830346,creditcard,Pending
T3309,2021-12-13,C1549,Laptop,3.0,992.8965145401395,PayPal,complete
T3310,2025-02-30,C218,Coffee Machine,-3.0,-131.56502133928166,pay pal,Completed
T3311,2023-13-01,C4676,Head,3.0,-98.10222675673492,credit card,completed
T3312,2025-02-30,C3037,Headphones,2.0,627.6671027300403,creditcard,complete
T3313,2023-13-01,C1154,Laptop,4.0,,Cash,
T3314,2025-02-30,C856,Smartphone,-4.0,752.161506930796,Cash,Failed
T3315,2025-02-30,C517,Headphones,920.0,-651.3517216527777,credit card,Failed
T3316,2023-13-01,C766,Laptop,487.0,,PayPal,completed
T3317,2020-07-05,C4361,Tablet,4.0,$623.48,pay pal,complete
T3318,2025-02-30,C4186,Hea,4.0,,PayPal,
T3319,2025-02-30,C1770,Headphones,948.0,-865.7708424310767,pay pal,Completed
T3320,2023-13-01,C1834,Smartphone,591.0,-482.9564631708946,pay pal,complete
T3321,2021-03-21,C4885,Headph,3.0,$-894.21,creditcard,Failed
,2020-07-19,C4935,Coffee Machine,-3.0,,PayPal ,Failed
T3323,,C1469,Coffee Machine,338.0,809.1455660486088,creditcard,
T3324,2023-13-01,C2180,Headphones,294.0,$461.75,PayPal ,completed
T3325,2023-13-01,C1268,Coffee Machine,537.0,,pay pal,Completed
T3326,2023-13-01,C3341,Tablet,128.0,,Credit Card,Completed
T3327,2023-09-19,C3132,Lapto,-6.0,-215.1049654435949,Cash,complete
T3328,2025-01-03,C1846,Smartphone,2.0,$-475.54,credit card,Completed
T3329,2020-04-15,,Headpho,880.0,,creditcard,
,2020-04-18,C1704,Headphones,2.0,,pay pal,
T3331,2024-12-18,C4580,Coffee Machine,4.0,-744.3095638910473,creditcard,Failed
T3332,2021-12-25,C3360,Coffee Machine,8.0,-533.2834784072597,credit card,Completed
T3333,2025-02-30,C510,Headphones,432.0,329.93662655616623,Credit Card,Pending
T3334,2023-11-29,C638,Headphones,9.0,,PayPal ,complete
T3335,2025-02-30,C320,Headphones,423.0,$-495.84,pay pal,complete
T3336,2021-11-09,C2203,Headphone,10.0,558.3308810530726,Cash,
T3337,2025-02-30,C1716,Smartphone,699.0,,pay pal,Completed
T3338,2025-02-30,C1697,Smartphone,-2.0,-609.2388953953878,PayPal,Failed
T3339,2025-02-30,C4876,Smartphone,-9.0,343.6768510263948,pay pal,completed
T3340,2025-02-30,C1106,Laptop,10.0,-807.7783971150836,PayPal,completed
T3341,2025-02-30,C4750,Coffee Machine,-9.0,-880.260189695445,PayPal ,Failed
T3342,2025-02-30,C858,Laptop,-5.0,-462.61171086046204,Credit Card,complete
T3343,2025-02-30,C561,Coffee Machine,-3.0,,creditcard,complete
T3344,2023-13-01,C827,Smartphone,-10.0,-607.8638312365392,PayPal ,complete
,2025-02-30,C3483,Coffee Machine,-7.0,,Credit Card,Completed
T3346,2025-02-30,C3365,Headphones,-4.0,-381.95776859395164,pay pal,complete
T3347,2025-02-30,C509,Headphones,239.0,-369.34793640857356,PayPal,Completed
,2025-02-30,C619,Smartphone,-4.0,-175.61393386662974,pay pal,completed
T3349,2025-02-30,C4127,Tablet,-6.0,$-574.54,pay pal,
T3350,2022-12-03,C781,Tablet,432.0,$-94.31,Cash,Pending
T3351,2025-02-30,C1433,Laptop,2.0,552.4989674974075,Credit Card,Failed
T3352,2023-13-01,C2649,Headphones,285.0,-638.9376159351682,pay pal,completed
T3353,2021-07-22,C2534,Tablet,,-97.71465759053888,creditcard,Failed
T3354,2020-12-23,C2095,Table,754.0,672.6183658990032,PayPal,Pending
T3355,2025-02-30,C1487,Smartphone,6.0,-436.4541774350905,PayPal,Pending
T3356,2022-08-28,C3633,Headphones,228.0,-823.9846657671824,pay pal,Pending
T3357,2022-09-25,C3102,Laptop,-4.0,91.87498766131861,pay pal,Failed
T3358,2025-02-30,C1696,Headphones,5.0,-559.5341613042399,PayPal ,Completed
T3359,2023-13-01,C827,Laptop,593.0,-960.46682434269,pay pal,Pending
T3360,2020-08-29,C2756,Headphones,-7.0,403.2638325088356,credit card,completed
T3361,2023-13-01,C1204,Tablet,-2.0,$-539.53,credit card,Completed
T3362,2020-02-06,C384,Coffee Mach,-4.0,,creditcard,Completed
T3363,2023-13-01,C2114,Laptop,-10.0,-620.2470497770262,PayPal,completed
T3364,2021-07-26,C1911,Laptop,-6.0,641.7324856539174,creditcard,Pending
T3365,2025-02-30,C404,Coffee Machine,-4.0,,Cash,complete
T3366,2020-07-19,C1091,Smartp,675.0,,Cash,Completed
T3367,2025-02-30,C701,Tablet,-10.0,,PayPal,Failed
T3368,2025-02-30,C1964,Tablet,4.0,,PayPal ,complete
T3369,2025-02-30,C1350,Headphones,865.0,454.7110709187933,credit card,
T3370,2023-13-01,C3842,Laptop,260.0,-590.0138027362977,creditcard,complete
T3371,2023-13-01,C3836,Laptop,-2.0,373.2282119372326,pay pal,Pending
T3372,,C4977,Tablet,500.0,-58.74986103961169,PayPal ,Completed
T3373,2021-03-16,C1381,Tablet,887.0,800.6087706588451,Cash,complete
T3374,2023-13-01,C1015,Coffee Machine,545.0,-145.72470267835297,creditcard,complete
T3375,2021-02-03,,Coffee Machine,-1.0,$-441.19,Cash,completed
,2025-02-30,C3003,Smartphone,,,PayPal,
T3377,2023-13-01,C2896,Headphones,-5.0,-200.19904529441988,PayPal ,completed
T3378,2023-10-16,C3998,Laptop,334.0,,Cash,Failed
T3379,2025-02-30,C1855,Headphones,6.0,221.1487484027505,pay pal,complete
T3380,2023-13-01,C3363,Coffee Machine,6.0,880.3474526477336,Cash,completed
,2021-02-20,C743,Sm,553.0,,creditcard,Failed
T3382,2025-02-30,C2292,Tablet,-7.0,-680.3164095448908,pay pal,
T3383,2023-13-01,C3350,Coffee M,2.0,80.96647552934796,PayPal ,
T3384,2025-02-30,C2847,Tabl,3.0,,credit card,completed
T3385,2020-06-27,C183,Coffee Machine,504.0,377.7297634456516,PayPal ,Completed
T3386,2024-09-20,C487,Laptop,188.0,506.04169733588026,pay pal,Failed
T3387,,C081,Tablet,-2.0,,credit card,
T3388,,C2769,Headphones,-9.0,,PayPal ,Completed
T3389,2022-09-19,C2489,Headphones,-10.0,134.0503912408721,PayPal ,
T3390,2023-13-01,C2895,Laptop,138.0,,creditcard,Failed
T3391,2023-04-02,C509,Laptop,725.0,,pay pal,Completed
T3392,2023-13-01,C3110,Tablet,1.0,,credit card,Pending
T3393,2020-10-05,,Headphones,-8.0,,Credit Card,complete
T3394,2025-02-30,C483,Headphones,-8.0,-366.3849550986324,Credit Card,
T3395,2025-02-30,C4406,Headphones,,-936.5596030650952,Cash,Failed
T3396,2022-12-25,C459,Laptop,-10.0,-801.9536417294191,PayPal ,complete
T3397,2025-02-30,C1269,Headphones,688.0,,PayPal ,Failed
T3398,2020-12-30,C3907,Tablet,9.0,,Credit Card,Completed
T3399,2023-12-03,C1228,Co,3.0,276.7701984361745,PayPal,Completed
T3400,2025-02-30,C1228,Headphones,-10.0,-130.19708678332233,Credit Card,Failed
T3401,2024-06-07,C2690,Coffee Machine,-7.0,268.49729076910694,creditcard,completed
T3402,2025-02-30,C272,Tablet,261.0,,PayPal,complete
T3403,2025-02-30,C056,Headphones,920.0,344.31130221459006,Credit Card,completed
T3404,2025-02-30,C2847,Coffee Machine,870.0,,creditcard,Completed
T3405,2025-02-30,C010,Laptop,-4.0,-977.8489125149353,credit card,completed
T3406,2020-04-18,C224,Tablet,844.0,928.0032327823213,pay pal,Pending
T3407,2025-02-30,C2371,Tablet,457.0,,pay pal,completed
T3408,2025-02-30,C4055,Coffee Machine,429.0,$109.44,pay pal,Completed
T3409,2025-02-30,C2239,Coffee Machine,-3.0,,PayPal,
T3410,2023-13-01,C269,Tablet,5.0,-252.9253739968392,Credit Card,Completed
T3411,2025-02-30,C1891,Laptop,632.0,868.2866136042422,PayPal,Failed
T3412,,C2978,Laptop,4.0,,pay pal,complete
T3413,2023-13-01,C4067,Coffee Machine,3.0,349.7681820744887,Cash,Completed
T3414,2023-13-01,C4636,Smartphone,7.0,542.5916610906884,Cash,
T3415,2025-02-30,C3891,Coffee Machine,10.0,485.5918965398928,pay pal,Pending
T3416,2021-01-06,C1737,Laptop,7.0,110.33424007815306,PayPal ,complete
,2023-13-01,C672,Coffee Machine,-6.0,389.04468001325114,Cash,Pending
T3418,2023-13-01,C838,Tablet,-5.0,617.9739329111147,Cash,Failed
T3419,2025-02-30,C3414,Tablet,7.0,340.017292719444,credit card,completed
T3420,2023-13-01,C2396,Laptop,5.0,,Cash,complete
T3421,2024-05-06,C616,Headphones,,-326.8526423649048,creditcard,Pending
T3422,,C864,Tablet,3.0,,PayPal ,
,2025-02-30,C3790,Laptop,10.0,-201.27311450151296,PayPal,complete
T3424,2023-13-01,C1326,Tablet,-8.0,,pay pal,Failed
T3425,2025-02-30,C2164,Smartphone,1.0,826.8815050651084,creditcard,
T3426,2025-02-30,C565,Headphones,993.0,-927.2050548769314,Cash,completed
T3427,2022-08-25,C3853,Tablet,805.0,,pay pal,Pending
T3428,2025-02-30,C2572,Tablet,892.0,755.1728307947432,Credit Card,
T3429,2023-05-06,C3801,Smartphone,492.0,385.2475280734359,Credit Card,complete
T3430,2025-02-30,C2211,Tablet,-9.0,-311.1657513495977,credit card,Failed
T3431,2023-13-01,C2760,Headphones,,$153.74,Cash,complete
T3432,,,Coffee Machine,-2.0,375.30820884912293,pay pal,Completed
T3433,2024-04-24,C2213,Smartphone,2.0,,Credit Card,Failed
T3434,2025-02-30,C2337,Headphones,10.0,978.4026945147303,Credit Card,Pending
T3435,2024-11-03,C1477,Coffee Machine,-6.0,,pay pal,Completed
T3436,2023-13-01,C4483,Tablet,784.0,208.4589588473482,PayPal ,complete
T3437,2021-05-09,C1848,Tablet,-10.0,,PayPal,Failed
T3438,,C4067,Smartphone,,-559.9222243723998,Credit Card,complete
T3439,2025-02-30,C571,Tablet,-9.0,-162.15668254406728,Credit Card,Failed
T3440,2025-02-30,C4348,Smartphone,-8.0,,credit card,Failed
T3441,2025-02-30,C3839,Tabl,6.0,-294.4848391080121,pay pal,complete
T3442,2023-13-01,C3487,Tablet,6.0,,creditcard,Completed
T3443,2025-02-30,C4249,Coffee Machine,,,pay pal,Failed
T3444,2023-13-01,C967,Coffee Machine,271.0,-259.9741744249071,Cash,complete
T3445,2025-02-30,C4030,Headphones,,667.2454303427726,credit card,Completed
T3446,2025-02-30,C1698,Laptop,8.0,-777.3906967717224,PayPal,complete
T3447,2025-02-30,C1365,Coffee Machine,7.0,236.14268944742514,Credit Card,Completed
T3448,2022-06-22,C3651,Laptop,736.0,538.4408751694443,PayPal ,completed
T3449,2023-13-01,C2389,Laptop,-4.0,,credit card,Completed
T3450,2025-02-30,C336,Smartphone,9.0,166.5569701861449,PayPal ,complete
T3451,2023-13-01,C1397,Tablet,4.0,-116.49508059081893,credit card,Completed
T3452,2025-02-30,C020,Laptop,910.0,145.06489501519349,Credit Card,
T3453,2023-13-01,C3143,Laptop,979.0,270.8216119070154,Credit Card,Failed
T3454,2023-13-01,C267,Tablet,-3.0,,credit card,
T3455,2023-13-01,C4590,Smartphone,608.0,-189.72820539962504,credit card,Completed
T3456,2023-05-21,C2289,Headphones,-10.0,-94.45585037784588,PayPal,completed
T3457,2023-13-01,,Headphones,466.0,-525.5998735463133,creditcard,Pending
T3458,2020-01-29,C1770,Tablet,-9.0,,PayPal,
T3459,2021-07-30,C2401,Laptop,505.0,$-650.87,PayPal ,Pending
T3460,2022-05-20,C1361,Laptop,149.0,-676.1665301175103,Cash,Failed
T3461,2023-13-01,C1927,Coffee Machine,274.0,-759.206027277482,Credit Card,completed
T3462,2025-02-30,C024,Coffee Machine,-1.0,,Credit Card,Completed
T3463,2025-02-30,C771,Tablet,5.0,-740.6441928931904,creditcard,Pending
T3464,2023-13-01,C1535,Laptop,-10.0,,Credit Card,complete
T3465,2025-02-30,C1376,Coffee Machine,344.0,-650.266913050916,PayPal,Completed
T3466,2023-13-01,C4904,Tablet,3.0,-370.1974463969003,PayPal,Failed
T3467,2023-13-01,C4123,Laptop,4.0,$-392.06,PayPal,complete
T3468,2023-13-01,C3826,Headphones,333.0,-733.6507394819122,Cash,Pending
T3469,2024-01-06,,Smartph,-9.0,-307.1380066865165,PayPal ,completed
T3470,2025-02-30,C3276,Tablet,3.0,752.231268161484,credit card,Pending
T3471,2025-02-30,C1945,Tablet,3.0,,PayPal,Pending
T3472,2025-02-30,C2729,Smartphone,-9.0,,PayPal,Completed
,2023-13-01,C4654,Headphones,10.0,-775.2696054771358,credit card,Completed
T3474,2023-13-01,C2289,Coffee Machine,242.0,,PayPal ,complete
T3475,2023-13-01,C4882,Lap,248.0,,creditcard,completed
T3476,2022-09-24,C2540,Tablet,7.0,461.6010961392831,pay pal,Failed
T3477,2023-13-01,C4942,Smartphone,125.0,-111.46582484121052,PayPal,
T3478,2023-13-01,,Tablet,729.0,,PayPal,completed
T3479,2021-06-23,C4425,Headphones,3.0,-377.85895204162466,PayPal ,
,2023-13-01,C3672,Smartphone,7.0,-765.3868910315381,Cash,Failed
T3481,2025-02-30,C985,Smartphone,233.0,147.30068193071054,PayPal ,completed
T3482,2023-13-01,C3223,Tablet,10.0,,pay pal,Failed
T3483,,C1408,Smartphone,298.0,538.8942279453731,Credit Card,complete
T3484,2025-02-30,C3340,Smartphone,10.0,560.8525546070064,PayPal,Pending
T3485,2022-12-11,C3258,Smartphone,-9.0,-654.8410640897341,pay pal,complete
T3486,,C4998,Laptop,462.0,,credit card,Pending
T3487,2023-13-01,C4585,Headphones,-9.0,,Credit Card,Failed
T3488,,C3747,Laptop,-6.0,,PayPal,complete
T3489,2022-08-31,C1184,Smartphone,548.0,,pay pal,completed
T3490,2025-02-30,,Smartphone,3.0,388.31810782154804,PayPal ,complete
T3491,2025-02-30,C383,Coffee Machine,1.0,-691.849243986164,creditcard,
T3492,2023-13-01,,Headphones,956.0,605.5548840282935,Cash,Failed
T3493,2023-13-01,C4520,Tablet,-8.0,-997.6892484879149,PayPal ,Completed
T3494,2025-02-30,C372,Tablet,746.0,666.721057541816,pay pal,
T3495,2023-13-01,C2705,Smartphone,471.0,-983.0464251473558,Cash,Pending
T3496,2025-02-30,C730,Headphones,210.0,$-671.56,credit card,completed
T3497,2025-02-30,C4719,Coffee Machine,3.0,479.1065424565334,Credit Card,complete
T3498,2021-01-21,C490,Smartphone,10.0,,Credit Card,complete
T3499,2023-13-01,C4516,Tablet,5.0,,pay pal,Failed
T3500,2025-02-30,C1634,Smartphone,295.0,$-782.03,credit card,Failed
T3501,2023-13-01,C4382,Smartphone,-1.0,,Credit Card,completed
T3502,2025-02-30,C2458,Laptop,9.0,-239.75739621316052,creditcard,Failed
T3503,2025-02-30,C1002,Smartphone,978.0,,PayPal,Pending
T3504,2025-02-30,C1778,Laptop,-4.0,-851.5288942565633,PayPal ,complete
T3505,2025-02-30,C1358,Headphones,7.0,866.976867026089,PayPal,complete
T3506,2020-09-12,C591,Headphones,3.0,-727.8861635233544,Credit Card,Pending
T3507,,C4277,Laptop,7.0,,Credit Card,
T3508,2025-02-30,C4661,Coffee Machine,373.0,-923.2208518763731,creditcard,completed
T3509,2021-10-08,C2573,Laptop,-7.0,,creditcard,completed
T3510,2023-13-01,C2892,Coffee Machine,9.0,,Credit Card,complete
T3511,2025-02-30,C1229,Laptop,8.0,,PayPal ,Pending
T3512,2021-08-22,C1993,Smart,344.0,-734.7599913208566,credit card,Completed
T3513,2025-02-30,C242,Smartphone,-8.0,-122.60022946973345,PayPal,
T3514,2023-13-01,C3530,Tablet,147.0,,creditcard,Completed
T3515,2025-02-30,C4505,Coffee Machine,839.0,632.0151049934126,PayPal ,Completed
T3516,2025-02-30,C2899,Coffee Machine,-2.0,280.5437355404628,Credit Card,Failed
T3517,2023-09-12,C2472,Headphones,,,PayPal,completed
T3518,2022-08-08,,Tablet,2.0,73.10019874262018,Credit Card,
T3519,2025-02-30,C076,Headp,8.0,,Cash,Failed
T3520,2021-08-03,C1999,Coffee Machine,-9.0,497.01483561139776,creditcard,Completed
T3521,,C4314,Coffee Machine,2.0,-179.47401547459185,creditcard,Failed
T3522,2024-04-27,C3610,Coffee Machine,,$-461.29,PayPal ,Completed
T3523,2020-08-11,C2226,Coffee Machine,599.0,-776.444326112424,credit card,Pending
T3524,2023-13-01,C789,Laptop,887.0,,creditcard,Failed
T3525,2025-02-30,C571,Tablet,524.0,,PayPal ,completed
T3526,2023-13-01,C4487,Laptop,,184.12467251831617,Credit Card,Pending
T3527,2025-02-30,C3143,Coffee Machine,681.0,-618.3778312702502,creditcard,completed
T94705,2023-13-01,C2269,Tablet,665.0,,PayPal,
T3529,2025-02-30,C3482,Headphones,-4.0,$-189.63,PayPal ,Pending
T3530,2025-02-30,C1738,Tablet,-2.0,,pay pal,complete
T3531,2023-13-01,C3275,Tablet,5.0,-279.6428481106558,pay pal,Failed
T3532,2025-02-30,C3448,Coffee Machi,8.0,,pay pal,Completed
,2023-13-01,C227,Tablet,748.0,791.9220193221638,creditcard,
T3534,2021-04-25,C2755,Coffee Machine,10.0,,Cash,Pending
T3535,2023-13-01,C113,Coffee Machine,7.0,507.72136773626085,Cash,completed
T3536,2021-08-15,C832,Ta,1.0,-179.71095070235447,PayPal ,completed
T3537,,C2471,Tablet,6.0,,creditcard,Pending
T3538,2021-05-09,C928,Smartphone,-6.0,,Cash,Pending
T3539,2025-02-30,C643,Coffee Machine,924.0,$842.87,creditcard,Failed
T3540,2025-02-30,C1556,Smartphone,-5.0,-696.6769258064189,pay pal,Pending
T3541,2025-02-30,C4213,Tab,249.0,,Cash,complete
T3542,2025-02-30,C1667,Headphones,-1.0,$-852.61,PayPal,
T3543,2023-13-01,C409,Smartphone,9.0,-331.5903497916437,PayPal ,completed
T3544,2023-13-01,C2300,Coffee Machine,-3.0,-418.45111396380514,credit card,Pending
T1579,,C2854,Headphones,4.0,978.806380519704,credit card,completed
T3546,2023-09-07,C2184,Laptop,723.0,,Cash,Failed
T3547,2025-02-30,C181,Tablet,322.0,,creditcard,completed
T3548,2024-01-07,C1636,Tablet,4.0,-177.18223868239954,creditcard,Pending
T3549,2023-13-01,C4801,Tablet,-5.0,-198.9404880575063,credit card,Pending
T3550,2023-13-01,C4745,Coffee Machine,7.0,,pay pal,Completed
T3551,2023-13-01,C1345,Smartphone,4.0,,PayPal ,Pending
T3552,2022-06-04,C2749,Smartphone,-3.0,681.2678088412201,Credit Card,
T3553,2023-13-01,C4920,Headphones,842.0,625.0698389467007,pay pal,complete
T3554,2025-02-30,C035,Smartphone,330.0,,Credit Card,completed
T3555,2023-02-23,C2339,Headphones,674.0,$-255.59,credit card,completed
T3556,2025-02-30,C4172,Headphones,965.0,-593.990576735672,Credit Card,Pending
T3557,2023-13-01,C502,Smartphone,,-341.22399570704533,pay pal,Failed
T3558,2025-02-30,C2578,Headphones,509.0,251.8935166386441,PayPal ,completed
T3559,2023-05-25,C3533,Headphones,739.0,,PayPal ,Failed
T3560,2021-12-02,C099,Laptop,-4.0,,credit card,
T3561,2023-13-01,C4867,Laptop,-1.0,990.5200734688909,credit card,
T3562,2025-02-30,C3334,Headphones,7.0,-268.562178193784,Cash,Pending
T3563,2023-13-01,C313,Headphones,345.0,,credit card,
T3564,2023-13-01,C161,Coffee Machine,395.0,,creditcard,Pending
T3565,2024-12-23,C3911,Headphones,610.0,553.7157990643893,PayPal,Completed
T3566,2025-02-30,C2256,Headphones,-1.0,-636.6498401594898,creditcard,Completed
T3567,2023-13-01,C1266,Coffee Machine,498.0,,Credit Card,Completed
T3568,2025-02-30,C2727,Smartphone,3.0,110.96342493327299,creditcard,complete
T3569,2023-13-01,C1733,Laptop,410.0,-215.88973136097832,PayPal,Completed
T3570,2023-13-01,C128,Coffee Machine,-9.0,693.9155676650959,creditcard,
T3571,2023-13-01,C4463,Headphones,6.0,656.1168099401945,Credit Card,
T3572,2023-13-01,C4602,La,7.0,440.56405059403374,pay pal,Pending
,2023-13-01,C1577,Coffee Machine,10.0,982.2405320564417,credit card,complete
T3574,2025-02-30,C4961,Smartphone,2.0,$201.80,credit card,complete
T3575,2025-02-30,C3395,Laptop,-10.0,-119.67852167900753,PayPal,Failed
T3576,2023-13-01,C2012,Headphones,8.0,-87.59268587044198,Credit Card,Completed
,2025-02-30,C3376,Coffee Machine,-6.0,869.6646844519815,pay pal,Pending
T3578,2023-02-14,C3975,Coffee Machine,2.0,-171.96924113879084,Credit Card,Pending
T3579,,C1350,Coffee Machine,2.0,,PayPal ,completed
,2020-03-01,C2418,Tablet,-6.0,955.1375252810253,PayPal ,Failed
T3581,2023-08-22,C3259,Tablet,-6.0,-424.64398519932354,Credit Card,Failed
T3582,2023-13-01,C2405,Coffee Machine,508.0,866.4144225578273,credit card,complete
T3583,2021-03-01,C3099,Coffee ,-9.0,397.78325154289564,PayPal,Failed
T3584,2025-02-30,C4308,Laptop,7.0,,PayPal ,
T3585,2025-02-30,C2416,Headphones,-7.0,625.8587411535572,creditcard,completed
T3586,2025-02-30,C3048,Smartphone,714.0,,pay pal,Pending
T3587,2024-02-09,C4913,Laptop,8.0,-342.2799422798937,PayPal ,Pending
T3588,2025-02-30,C2000,Headphones,134.0,,Cash,
T3589,2025-02-30,C3060,Headphones,9.0,-657.3007840202677,credit card,
T3590,2025-02-30,C3133,Smartphone,7.0,-478.3095756772383,PayPal,completed
T3591,2020-01-30,C1176,Headphones,10.0,380.70352315664456,PayPal ,Completed
T3592,2021-08-13,C878,Tablet,645.0,,creditcard,
T3593,2023-13-01,C1699,Coffee Machine,-3.0,$279.60,Cash,Completed
T3594,2025-02-30,C2051,Ta,-2.0,,PayPal ,Pending
T3595,2025-02-30,C2693,Coffee Machine,4.0,,creditcard,
T3596,2025-02-30,C112,Smartphone,1.0,79.61709827906643,creditcard,Failed
T3597,2023-08-30,C3809,Smartphone,446.0,,pay pal,completed
T3598,2025-02-30,C2798,Smartphone,1.0,-848.1696650052054,creditcard,completed
T3599,,C4761,Coffee Mac,587.0,451.4914780532529,pay pal,Pending
T3600,2023-13-01,C552,Tablet,-4.0,335.2275808218447,Cash,Pending
T3601,2025-02-30,C1921,Smartphone,-8.0,,PayPal,completed
T3602,2023-13-01,C2875,Smartphone,,,Cash,complete
T3603,2023-02-24,C643,Tablet,7.0,347.45604100079044,Cash,
T3604,2023-13-01,C677,Coffee Machine,,-722.1409264321039,PayPal ,Failed
T3605,2023-13-01,C2495,Headphones,-3.0,465.40125501056514,PayPal ,completed
T3606,2023-13-01,C891,Tablet,4.0,394.15729621440664,credit card,Pending
T3607,2025-02-30,C3728,Coffee Machine,-4.0,-793.3078428930991,Credit Card,completed
T3608,2023-06-16,C2473,Coffee Machine,3.0,,credit card,Pending
T3609,2025-02-30,C291,Laptop,381.0,$285.78,Cash,Failed
T3610,2023-11-30,C1934,Smartphone,,702.7028963511788,Credit Card,
T3611,2022-04-04,C4524,Coffee Machine,3.0,-911.5255298158124,credit card,Failed
T3612,2023-13-01,C1734,Tablet,118.0,-989.6814183693158,Credit Card,complete
T3613,2023-13-01,C4878,Smartphone,-4.0,,PayPal ,Failed
T3614,2025-02-30,C577,Smartphone,-6.0,-976.5005385713254,PayPal,completed
T3615,2023-13-01,C1059,Tablet,-1.0,499.019703335035,Credit Card,complete
T3616,2023-13-01,C2795,Tablet,4.0,-230.54318834591186,creditcard,
T3617,2024-05-06,C3924,Smartphone,-5.0,-826.2622400736259,pay pal,Failed
,2025-02-30,C3688,Tablet,9.0,,PayPal ,
T3619,2025-02-30,C1569,Tablet,-2.0,-627.0303228489422,pay pal,Completed
T3620,2023-13-01,C2253,Lapto,6.0,,creditcard,complete
T3621,2021-11-27,C3015,Headphones,792.0,-210.32121844790663,PayPal,
T3622,,C3343,Smartphone,3.0,,creditcard,
T3623,2025-02-30,C4851,Headphones,-6.0,-824.2636911278126,Cash,Pending
T3624,2023-13-01,C3982,Smartphone,6.0,840.595984788388,PayPal,complete
T3625,2023-12-20,C1723,Laptop,965.0,341.28116473506236,credit card,completed
T3626,2023-13-01,C2570,Tablet,-6.0,-478.1252189212073,Credit Card,complete
T3627,2023-13-01,C4816,Headphones,-1.0,282.12977158976656,PayPal,Pending
T3628,2020-10-26,C4427,C,1.0,-96.0607245401369,creditcard,Failed
T3629,2023-13-01,C526,Coffee,560.0,581.8897089624791,PayPal ,completed
T3630,2021-06-22,C1553,Lap,679.0,$-88.19,Cash,complete
T3631,2023-13-01,C2854,Smartphone,4.0,-82.34146608506217,creditcard,Completed
T3632,2021-10-22,C392,Tablet,815.0,,creditcard,Completed
T3633,2022-09-28,C1750,Coffee Machine,553.0,-447.94891404560474,creditcard,Pending
T3634,2022-03-02,C414,Headphones,327.0,-143.82430431984972,creditcard,Failed
T3635,2023-13-01,C3596,Smartphone,1.0,-558.689632616348,creditcard,complete
T3636,2023-13-01,C839,Tablet,8.0,-494.72515401821283,creditcard,
T3637,2021-01-06,C1013,Tablet,616.0,411.4137948290998,Cash,Failed
T3638,2025-02-30,C4154,Headphones,7.0,$679.13,creditcard,Failed
T3639,2025-02-30,C1934,Smartphone,10.0,-684.7395239194474,PayPal ,complete
T3640,,C046,Tablet,-3.0,,credit card,Pending
T3641,2022-02-26,C2704,Laptop,387.0,-374.0816096063128,Cash,complete
T3642,2025-01-04,C1561,Headphones,-5.0,743.4183786460676,pay pal,Completed
T3643,2025-02-30,C4090,L,-1.0,241.02878451180703,pay pal,complete
T3644,2025-02-30,C3417,Laptop,,-438.51376242679555,creditcard,
,2023-13-01,,Tablet,7.0,,Credit Card,completed
,2023-13-01,C2676,Headphones,-4.0,263.0544546538141,Cash,completed
T3647,,C365,Smartphone,3.0,$791.49,Cash,complete
T3648,2025-02-30,C626,Coffee Machine,,442.7193605632422,Credit Card,Failed
T3649,2025-02-30,C052,Tablet,566.0,-537.7521685901977,PayPal,completed
,2025-02-30,,Tablet,203.0,-204.44071156475184,Credit Card,Completed
T3651,2023-13-01,C3140,Tablet,154.0,-469.95351075759277,Credit Card,Completed
T3652,2024-03-04,C2952,Laptop,-3.0,,pay pal,Completed
T3653,2025-02-30,C712,Tablet,4.0,,credit card,
T3654,2025-02-30,C1352,Tab,664.0,-983.3079767817146,PayPal ,completed
T3655,2025-02-30,C2244,Smartphone,4.0,-326.9482049032191,PayPal ,completed
T3656,,C483,Tablet,10.0,-482.5027566134419,PayPal,
T3657,2025-02-30,C3770,Smartphone,7.0,-930.8763797882953,Credit Card,completed
T3658,,C1755,Coffee Machine,858.0,,pay pal,Completed
T3659,2025-01-07,C4590,Coffee Machine,-7.0,-422.6198218443071,PayPal ,
T3660,2020-05-02,C2744,Coffee ,513.0,,credit card,Completed
T3661,2025-02-30,C662,Smartphone,-1.0,166.93988404512618,Cash,
T3662,2023-13-01,C1080,Coffee Machine,5.0,,credit card,
T3663,,C931,Headphones,114.0,,Cash,Failed
T3664,2020-11-26,C3128,Coffee Machine,2.0,,Credit Card,completed
T3665,2025-02-30,C2572,Coffee Machine,-8.0,,Credit Card,complete
T3666,2023-13-01,C2643,Smartphone,535.0,-822.5744515060119,PayPal,Completed
T3667,2025-02-30,C3916,Smartphone,801.0,-959.8451207230459,pay pal,Failed
T3668,2024-02-13,C2959,Laptop,521.0,160.05404186960862,credit card,
T3669,2020-06-29,C977,Coffee Machine,4.0,,Credit Card,Pending
T3670,2025-02-30,C3487,Coffee Machine,4.0,$-880.01,PayPal ,completed
T3671,2025-02-30,C805,Laptop,754.0,-123.17395933486546,PayPal,Failed
T3672,2025-02-30,,Coffee Machine,515.0,-750.5460863694404,credit card,completed
T3673,2025-02-30,C4609,Tablet,-10.0,,creditcard,Pending
T3674,2023-13-01,C4423,Headphones,6.0,-958.7807243373529,pay pal,
T3675,2025-02-30,C3265,Coffee Machine,-10.0,319.03851106753746,PayPal,
T3676,2025-02-30,C1043,Headphones,-10.0,-515.045898225967,Credit Card,complete
T3677,2021-04-05,C3702,Coffee Machine,1.0,,pay pal,Completed
T3678,2023-13-01,C2413,Headphones,5.0,,pay pal,Failed
T3679,2025-02-30,C2432,Smartphone,-6.0,-580.0771664106844,Credit Card,Pending
T3680,2025-02-30,C4979,Laptop,938.0,563.8566415665657,Credit Card,Completed
T3681,2022-07-18,C4841,Headphones,626.0,,creditcard,completed
T3682,2023-13-01,C768,Coffee Machine,-4.0,-911.0218074063105,pay pal,complete
T3683,2022-05-21,C3024,Laptop,-1.0,-987.9808485493422,PayPal ,Failed
T3684,2023-05-03,C3299,Laptop,7.0,217.93735576681314,Cash,Pending
T3685,2023-04-24,C120,Coffee Machine,-4.0,$517.92,PayPal,Failed
,2023-13-01,C1698,Tablet,621.0,392.162612832099,PayPal ,
,2025-02-30,C659,Tablet,482.0,,pay pal,
T3688,2025-02-30,C1520,Lapto,-6.0,780.1378153586691,creditcard,
T3689,2023-13-01,C3523,Headphon,396.0,-337.4249387056493,Credit Card,Completed
T3690,2023-13-01,C716,Tablet,-9.0,544.3793585550956,Cash,completed
T3691,2020-09-08,C858,Laptop,7.0,,creditcard,completed
T3692,,C1137,Tablet,3.0,-205.40201454952194,pay pal,Pending
T3693,2025-02-30,C4713,Smartphone,-7.0,,creditcard,complete
T3694,2024-06-25,C2461,Tablet,-5.0,414.75063800112576,PayPal,complete
T3695,2023-13-01,C3413,Headphones,-7.0,$-956.72,PayPal ,Completed
T3696,2023-13-01,C165,Tablet,-8.0,-306.6010639579149,PayPal,
T3697,2022-11-20,C1748,Headphones,532.0,651.1494144856936,creditcard,Completed
T3698,2025-02-30,C1674,Tablet,-4.0,,pay pal,completed
T3699,2024-07-21,C4320,Coffee Machine,-3.0,548.6285506389081,PayPal,Pending
T3700,2023-13-01,C1034,Tablet,2.0,968.7083153044225,PayPal,complete
T3701,2025-02-30,C4034,Laptop,-5.0,50.23645482958577,creditcard,
T3702,2023-13-01,C472,Tablet,10.0,-381.5541074098362,credit card,completed
T3703,2020-07-20,C2538,Coffee Machine,9.0,203.01585790458338,Cash,
,2022-06-28,C231,Tablet,-6.0,,PayPal ,
T3705,2023-04-11,C2161,Smartphone,6.0,,PayPal ,complete
T3706,2025-02-30,,Coffee Machine,-4.0,-163.6843100171285,PayPal ,completed
T3707,2021-05-30,C680,Smartphone,-8.0,,Cash,Completed
T3708,2025-02-30,C1398,Headphones,2.0,-479.3556866766354,pay pal,Completed
T3709,2024-08-07,C1721,Lapto,-4.0,,creditcard,complete
T3710,2020-07-22,C2417,Laptop,-2.0,-494.07664610304727,Credit Card,completed
T3711,,C1030,Headphones,7.0,,Cash,Pending
T3712,2025-02-30,C3137,Coffee Machine,281.0,-169.2038982176033,PayPal,completed
T3713,2023-06-25,C1347,Laptop,2.0,-164.3884384957372,PayPal ,complete
T3714,2025-02-30,C4644,Headphones,7.0,,credit card,
T3715,2023-13-01,C4775,Lap,,,PayPal,complete
T3716,,C753,Laptop,958.0,-318.1855101838305,pay pal,complete
T3717,2022-12-16,C1418,Tablet,337.0,-139.03567815052895,creditcard,Completed
,2023-13-01,C160,Tablet,627.0,-508.5086405338378,creditcard,
T3719,2025-02-30,C516,Tablet,8.0,,Credit Card,
T3720,,C4559,Laptop,888.0,-669.0775972434409,Credit Card,Completed
T3721,2022-12-23,C114,Headphones,-6.0,-996.4392892033837,Cash,complete
T3722,2025-02-30,C696,Smartphone,-3.0,,PayPal ,Pending
T3723,2025-02-30,C3393,Smartphone,230.0,,PayPal,Pending
T3724,2024-01-17,C4074,Coffee Machine,-4.0,-253.27634372579678,Credit Card,Pending
,2024-03-15,C4488,Coffee Machine,-1.0,-387.9250657102309,creditcard,complete
T3726,2023-13-01,C3075,Tablet,2.0,59.439299244062916,creditcard,
T3727,2025-02-30,C149,Lapto,421.0,199.01900559892903,credit card,completed
T3728,2025-02-30,C3278,Tablet,8.0,,Credit Card,completed
T3729,2025-02-30,C4815,Tablet,7.0,,PayPal ,complete
T3730,2025-02-30,C799,Coffee Machine,10.0,522.8348738117966,Cash,complete
T3731,,C2679,Laptop,497.0,-273.7266718833894,creditcard,completed
T3732,2020-02-05,C3641,Headphones,586.0,-155.22722199191446,creditcard,
T3733,2023-13-01,C3627,Laptop,-7.0,504.59084480359996,PayPal,completed
T3734,2021-03-23,C1876,Tablet,876.0,-624.9185113325361,creditcard,Completed
T3735,2025-02-30,C2183,Smartphone,892.0,$-510.09,pay pal,completed
T3736,2022-09-14,C314,Laptop,3.0,,PayPal ,Failed
T3737,2021-08-11,C4427,Smartphone,-7.0,222.9300214100695,Cash,complete
T3738,2023-13-01,,Smartphone,10.0,-562.371640076951,pay pal,completed
T3739,2024-04-18,C4203,Coffee Machine,1.0,-877.0187703581505,PayPal ,Pending
T3740,2023-13-01,C1540,Headphones,3.0,-935.1514996275539,PayPal,Failed
T3741,2025-02-30,C318,Smartphone,1.0,,Cash,completed
T3742,2023-13-01,C1294,Smartphone,2.0,715.9212506900056,PayPal ,Failed
T3743,2023-13-01,C4916,Laptop,-4.0,,credit card,
T3744,2020-10-05,C4418,Smartphone,-1.0,-654.9226122271249,PayPal,completed
T3745,2023-13-01,C1508,Tablet,176.0,917.9142361378227,PayPal,completed
T3746,2023-10-10,C818,Laptop,-5.0,637.3553849386292,Cash,
T3747,2025-02-30,C801,Tablet,5.0,,PayPal ,
,2023-13-01,C4485,Tablet,-4.0,160.95695961178106,credit card,complete
T3749,2020-10-24,C2228,Tablet,10.0,,PayPal ,
T3750,2023-13-01,C4677,Lapt,6.0,,creditcard,completed
T3751,2023-13-01,C3968,Ta,,522.0532398535738,creditcard,
T3752,2023-13-01,C1132,Laptop,171.0,-886.9810631980323,Credit Card,Failed
,2023-13-01,C1177,Smartphone,3.0,979.3665141488316,credit card,Completed
T3754,2023-13-01,C602,Tablet,-8.0,987.2635431738577,creditcard,complete
T3755,2025-02-30,,Tablet,739.0,-987.9939058141562,pay pal,completed
T3756,2021-01-25,C4777,Laptop,-8.0,,creditcard,Failed
T3757,2025-02-30,C3667,Smartphone,292.0,-218.0249024197176,Credit Card,complete
T3758,2023-08-15,C2271,Headp,389.0,,pay pal,Completed
T3759,2020-05-18,C909,Coffee Machine,718.0,904.0002098233189,PayPal ,Failed
T3760,2023-13-01,C623,Laptop,8.0,-476.6783566305936,Credit Card,Completed
T3761,2020-07-20,C976,Coffee Machine,4.0,813.9126404379214,Cash,Pending
T3762,2025-02-30,C1114,Smartphone,-5.0,,PayPal,
T3763,2023-09-06,C1569,Tablet,519.0,429.88198504597545,creditcard,
T3764,2023-06-08,C2435,Tablet,9.0,,PayPal,complete
T3765,2022-03-09,C4436,Coffee Machine,3.0,-330.3747056251269,creditcard,completed
T3766,2025-02-30,C4050,Tablet,,,PayPal ,
,2023-13-01,C3173,Tablet,10.0,,pay pal,Failed
T3768,2023-13-01,C1735,Coffee Machine,730.0,-246.6170379465715,PayPal,
T3769,2023-13-01,C2586,Coffee Machine,4.0,-643.1946974887976,PayPal,complete
T3770,,C1194,Coffee Machine,,-542.1763220567452,pay pal,
T3771,2023-13-01,C3456,Tablet,9.0,440.0304305183856,pay pal,completed
T3772,,C1991,Laptop,505.0,-306.49637294906336,Cash,
T3773,2023-13-01,C152,Laptop,-8.0,,PayPal,complete
T3774,2025-02-30,C3306,Coffee Machine,-1.0,,PayPal ,Pending
T3775,2024-10-17,C1802,Headphones,414.0,,PayPal,completed
T3776,2023-13-01,C2320,Coffee Machine,745.0,,PayPal ,Pending
,2020-07-11,C3705,Tablet,-6.0,640.5860399515794,PayPal ,completed
T3778,2025-02-30,C3202,Coffee Machine,565.0,,Cash,Completed
T3779,,C3350,Headphones,,,Credit Card,Pending
T3780,2023-13-01,C2607,Headp,-5.0,305.7577435982014,pay pal,Pending
T3781,2025-02-30,C4177,Headphones,381.0,294.19728105721833,PayPal ,Pending
T3782,2025-02-30,C3453,Head,-7.0,-758.2572999896802,PayPal,Completed
T3783,2025-02-30,C1923,Smartphone,787.0,267.79283369546005,PayPal ,Completed
T3784,2021-03-20,C4130,Laptop,377.0,-800.427445345756,Credit Card,Failed
T3785,,C4353,Coffee Machine,183.0,,pay pal,Pending
T3786,2025-02-30,C879,Coffee Machin,6.0,,Credit Card,Failed
T3787,2025-02-30,C4037,Laptop,216.0,-270.95754426308406,PayPal ,Pending
T3788,2025-02-30,C1043,Headphones,1.0,,credit card,Failed
T3789,2023-13-01,C757,Tablet,355.0,-131.79675253762855,Cash,Pending
,2025-02-30,C1780,Headphones,10.0,,Cash,Completed
T3791,2025-02-30,C137,Tablet,4.0,957.6193156763072,PayPal,Completed
T3792,2024-07-13,C807,Headphones,436.0,-490.17326489232636,creditcard,
T3793,2025-02-30,,Smartphone,-9.0,,Credit Card,Pending
T3794,2023-13-01,,Coffee Machine,610.0,-838.2204773173945,PayPal ,complete
T3795,2023-13-01,C205,Smartphone,9.0,-798.4917449664482,credit card,completed
T3796,2025-02-30,C3975,Tablet,7.0,,credit card,Pending
T3797,2023-13-01,C2185,Headphones,-1.0,-926.9330995542616,creditcard,Pending
T3798,2025-02-30,C2177,Headphones,2.0,422.8685170823507,pay pal,Completed
T3799,2025-02-30,C3860,Laptop,-5.0,$731.50,PayPal ,Completed
T3800,2023-13-01,C1807,Smartpho,-1.0,948.72257082862,credit card,complete
T3801,2024-07-09,C391,Tablet,-4.0,,PayPal ,Pending
T3802,2025-02-30,C706,Headphones,2.0,,Credit Card,Completed
T3803,2023-13-01,C1662,Smartphone,664.0,,Cash,Pending
T3804,2025-02-30,C1268,Tablet,-9.0,,Credit Card,complete
T3805,2025-02-30,C1795,Laptop,8.0,-339.00890072616085,PayPal ,
T3806,2025-01-17,C1392,Smartphone,10.0,-300.07694321284373,PayPal ,Failed
T3807,2023-13-01,C225,Coffee Machine,6.0,382.4395210060327,credit card,completed
T88144,2023-13-01,C2939,Laptop,4.0,,creditcard,completed
T3809,2023-13-01,C4331,Headphones,-2.0,-233.37380906637145,creditcard,complete
T3810,2020-04-02,C3757,Smartphone,-6.0,230.1015756674608,pay pal,Completed
T3811,2020-01-22,C100,Coffee Machine,139.0,999.4066272693459,credit card,Pending
T3812,2025-02-30,,Headphones,-3.0,,PayPal ,completed
T3813,2025-02-30,C2785,Coffee Machine,5.0,950.5400606576385,PayPal,Completed
T3814,2021-05-06,C1771,Laptop,8.0,$642.21,pay pal,Failed
T3815,2023-13-01,C1026,Tablet,4.0,703.0683177614118,PayPal ,complete
T3816,2023-13-01,C4683,Laptop,9.0,830.8649323915745,Credit Card,completed
T3817,2023-13-01,C2850,Laptop,5.0,740.433035880206,credit card,Pending
T3818,2023-13-01,C575,Laptop,10.0,847.8137942298292,pay pal,
T3819,2025-02-30,C4615,Laptop,9.0,,credit card,Pending
T3820,2025-02-30,C342,Smartphone,-4.0,-93.49685725204847,Cash,complete
T46829,2023-07-15,C4289,Smartphone,3.0,945.5681948950408,PayPal,complete
T3822,2023-13-01,,Smartphone,10.0,428.79127642396475,pay pal,Pending
T3823,2025-02-30,C099,Coffee Machine,2.0,-223.2146856373895,PayPal ,completed
T3824,2025-02-30,C1202,Smartphone,8.0,323.5908685881776,PayPal,complete
T3825,2025-02-30,C3467,Coffee Machine,8.0,,creditcard,completed
T3826,2025-02-30,C421,Tablet,-2.0,,Cash,Pending
T3827,2021-08-01,C1043,Tablet,370.0,,PayPal,complete
T3828,2025-02-30,C345,Headphones,-5.0,,Cash,Completed
T3829,2023-03-22,C1724,Smartphone,525.0,764.4465978011087,credit card,Failed
T3830,2020-11-28,C1847,Tablet,310.0,514.5312193983755,PayPal ,complete
T3831,2023-13-01,C2338,Smartphone,-8.0,-688.5661304287801,Cash,completed
T3832,2025-02-30,C700,Laptop,,$-225.15,Cash,Completed
T26730,2020-06-07,C3987,Laptop,180.0,,credit card,completed
T3834,2021-09-26,C2868,Headphones,6.0,$369.46,credit card,completed
,2025-02-30,C1072,La,7.0,773.5988300938382,PayPal,Failed
T3836,2025-02-30,C2809,Coffee Machine,581.0,-273.4822657402351,credit card,Pending
T3837,2021-01-06,C2821,Headphones,5.0,-313.61548315889365,credit card,complete
T3838,2023-13-01,C2226,Coffee Machine,-8.0,$436.79,creditcard,completed
T3839,,C1096,Tablet,5.0,,Cash,Failed
T3840,2025-02-30,C3369,Headphones,-8.0,,creditcard,Completed
,2020-12-29,C3156,Lap,8.0,,PayPal,complete
T3842,2025-02-30,C2648,Smartphone,733.0,-202.14889438980947,Credit Card,complete
T3843,2025-02-30,,Tablet,214.0,$726.52,Credit Card,completed
T3844,2025-02-30,C289,Smartphone,5.0,610.1416449192844,PayPal ,
T3845,2025-02-30,C986,Tablet,188.0,-722.3710717713975,credit card,Pending
T3846,2024-01-27,C715,Headphones,-5.0,,credit card,Completed
T3847,2023-13-01,C3477,Smartphone,184.0,822.2504276660445,PayPal,complete
T3848,2022-01-27,C4719,Headphones,9.0,623.9195975430305,Cash,completed
T3849,2021-03-03,,Coffee Machine,4.0,,credit card,Completed
T3850,2020-07-31,C585,Tablet,490.0,823.9787514295383,credit card,complete
T3851,2020-11-05,C4922,Tablet,679.0,-605.8317218201194,creditcard,Pending
T3852,2023-13-01,C4969,Smartphone,7.0,-789.4001177140949,credit card,Failed
T3853,2023-13-01,C3521,Smartphone,7.0,,Cash,
T3854,2025-02-30,C2059,Tablet,-2.0,253.26222752216006,PayPal ,Pending
T3855,2025-02-30,C2902,Headphones,447.0,,Credit Card,completed
T3856,2021-04-27,C889,Headphones,133.0,-382.2040131532747,Credit Card,completed
T3857,2023-13-01,C976,Headphones,628.0,,credit card,
T3858,2023-13-01,C646,Smartphone,6.0,,Cash,Failed
T3859,2023-13-01,C3415,Laptop,-2.0,233.69099084474817,pay pal,Completed
T3860,2020-03-22,C1766,Headphones,-3.0,$163.65,pay pal,Pending
T3861,,,Smartphone,-9.0,,PayPal,completed
T3862,2021-01-29,,Tablet,345.0,-68.31588344684633,Credit Card,complete
T3863,2024-10-19,C4469,Smartphone,2.0,618.9624839212693,creditcard,Pending
,2023-13-01,C3226,Coffee Machine,-4.0,98.02684692336439,Credit Card,Completed
T3865,2025-02-30,C033,Headphones,550.0,,creditcard,Failed
T3866,2022-06-04,C3807,Tablet,-4.0,-128.90973256886537,creditcard,Completed
T3867,2023-13-01,C4967,Coffee Machine,-3.0,870.4529063636311,creditcard,completed
T3868,2023-13-01,C3561,Coffee Machine,8.0,$-255.62,pay pal,Pending
T3869,2025-02-30,C3972,Tablet,,-246.74622061488526,Cash,Pending
T3870,2025-02-30,C078,Laptop,3.0,,Cash,completed
T3871,2023-13-01,C4978,Headphones,8.0,,creditcard,Pending
T3872,2025-02-30,C773,Smartphone,975.0,-369.38062180404063,pay pal,Failed
T3873,2024-01-10,C2523,Coffee Machine,7.0,-605.503109425643,creditcard,complete
T3874,2022-08-16,C4382,Laptop,462.0,$-849.92,creditcard,Failed
T3875,2021-03-06,C2012,Headphones,-2.0,,creditcard,completed
T3876,2022-06-13,C2552,Tablet,6.0,,PayPal,Pending
T3877,2025-02-30,C647,Headphones,441.0,,creditcard,completed
T3878,2025-02-30,C540,Headphones,-4.0,,PayPal,Failed
T3879,2025-02-30,C4883,Smartphone,870.0,,pay pal,Failed
T3880,2023-13-01,C3970,Smartphone,774.0,98.27240826664111,Credit Card,
T3881,2023-13-01,C2325,Tablet,-4.0,274.6172311893153,Credit Card,completed
T3882,2023-13-01,C3727,Laptop,414.0,385.4281045041301,Credit Card,complete
T3883,2023-13-01,C526,Smartphone,5.0,-940.5411248558421,pay pal,Completed
T3884,2023-13-01,C3108,Tablet,3.0,-753.3341195181802,Credit Card,completed
T3885,2025-02-30,C668,Laptop,8.0,,PayPal,completed
T3886,,C4482,Smartphone,726.0,,pay pal,Failed
T3887,2025-02-30,C202,Headphones,-5.0,$137.54,PayPal,Pending
T3888,2025-02-30,C774,Tablet,-6.0,,PayPal ,Completed
T3889,2025-02-30,C1983,Coffee Machine,1.0,,pay pal,completed
T3890,2025-02-30,C517,Coffee Machine,690.0,,PayPal,complete
T3891,2023-07-29,C4895,Tablet,8.0,717.9083724337138,Cash,completed
T3892,,C3808,Tablet,-5.0,,Cash,complete
T3893,2022-01-10,C4500,Laptop,-8.0,-368.1694210934445,PayPal,
T3894,2022-10-17,C2322,Coffee Machine,2.0,-776.2098246798662,credit card,
T3895,,C368,Headphones,711.0,,PayPal ,completed
T3896,2025-02-30,C1106,Coffee Machine,212.0,,Credit Card,
T3897,2025-02-30,C2581,Headphones,6.0,,Credit Card,complete
T3898,2023-13-01,C831,Headphones,1.0,278.899976225336,pay pal,Failed
T3899,2025-02-30,C2330,Laptop,,-968.4043617941164,creditcard,completed
T3900,2023-13-01,C2759,Coffee Machine,-6.0,$-143.52,Cash,Failed
T3901,2023-13-01,C2365,Coffee Machine,-3.0,400.06430549928797,Cash,completed
T3902,2023-13-01,C2956,Ta,223.0,973.3356009100913,credit card,complete
T3903,2022-11-24,C3709,Smartphone,,-624.9927653964587,Credit Card,Failed
T3904,2023-13-01,C4820,Headphones,376.0,522.9181244423426,PayPal,completed
T3905,2025-02-30,C019,Headphones,-6.0,,pay pal,Failed
T3906,2025-02-30,C1936,Tablet,-6.0,903.9644979260413,pay pal,Pending
T3907,2025-02-30,C1399,Smartphone,854.0,924.325826778562,PayPal ,Pending
T3908,2023-13-01,C374,Smartphone,-5.0,223.47422030794698,PayPal,complete
T3909,2025-02-30,C3512,Smartphone,480.0,635.3094259253129,Cash,Pending
T3910,2025-02-30,C3440,Laptop,-9.0,-763.6322329137104,pay pal,
T4817,2023-13-01,C756,Laptop,170.0,-461.44380335792755,Cash,
T3912,,C4890,Coffee Machine,-6.0,,Credit Card,Failed
T3913,2021-08-05,C729,Laptop,816.0,-982.1326200506668,Credit Card,complete
T3914,2025-02-30,C2009,Smartphone,-10.0,-449.29679641630264,pay pal,
T3915,2025-01-30,C4431,Coffee Machine,2.0,,credit card,Completed
T3916,2021-04-17,C310,Coffee Machine,-9.0,845.7974011405247,Cash,Completed
T3917,2020-07-06,,Tablet,,-867.5511816586144,PayPal ,completed
T3918,2025-02-30,C1507,Headphones,8.0,-188.85974535188143,Credit Card,completed
T3919,2023-13-01,C4743,Coffee Machine,522.0,,PayPal ,completed
T3920,2023-13-01,C936,Coffee Machine,-4.0,,PayPal,
T3921,2021-03-10,C882,Smartphone,-2.0,-204.0749231502673,credit card,complete
T3922,2023-11-19,C525,Laptop,-5.0,116.81164844072502,PayPal ,completed
T3923,2023-13-01,C1229,Co,-8.0,,PayPal,Failed
T3924,,,Smartphone,-6.0,,creditcard,completed
T3925,2025-02-30,C3370,Smartphone,-2.0,-882.7316178902919,pay pal,complete
T14897,,C2893,Coffee Machine,-2.0,-806.7394686529916,Cash,Pending
T3927,2023-13-01,C850,Laptop,-5.0,,pay pal,Pending
T3928,2022-05-08,C3715,Tablet,,119.64653638764064,creditcard,Failed
T3929,2025-02-30,C216,Smartphone,8.0,-77.52562962966908,creditcard,complete
T3930,2023-13-01,C2201,La,-10.0,-189.4217122688642,PayPal ,completed
T3931,2025-02-30,C4077,Tablet,277.0,$-336.48,PayPal,completed
T3932,2023-13-01,C4737,Smartphone,2.0,,PayPal ,Pending
T3933,2024-08-06,C4532,Smartphone,-6.0,-281.63046976728447,PayPal,completed
T3934,,C4301,Headphones,3.0,285.0151811850119,pay pal,Pending
T3935,2025-02-30,C4412,Tablet,-5.0,,PayPal ,
T3936,2023-13-01,C3664,Tablet,899.0,672.3098760357852,PayPal ,completed
T3937,,C1072,Laptop,6.0,-159.60506650333787,pay pal,Completed
T3938,2025-02-30,C3805,Coffee Machine,-8.0,-572.5393959512606,PayPal,complete
T3939,2023-13-01,C069,Laptop,-8.0,,creditcard,
T3940,2023-13-01,C4154,Headphones,-9.0,,creditcard,completed
T3941,2023-13-01,C2138,Smartphone,317.0,,credit card,Completed
T3942,2023-13-01,C013,Smartphone,249.0,,creditcard,Completed
T3943,2023-13-01,C541,Coffee Machine,8.0,-827.0177436628474,Credit Card,completed
,2023-13-01,C436,Laptop,,$753.44,pay pal,Pending
T3945,2025-02-30,C2162,Headphones,,416.9440050619255,Cash,Pending
T3946,2023-13-01,C2290,Smartphone,232.0,901.7703735076101,credit card,completed
T3947,2022-08-28,C130,Tablet,478.0,165.31644177501892,creditcard,Failed
T3948,2025-02-30,C243,Tablet,4.0,$179.14,pay pal,Pending
T3949,2025-02-30,C3563,Tablet,-1.0,-117.51791365871588,Cash,Pending
T3950,2025-02-30,C4167,Tablet,4.0,,pay pal,Failed
T3951,2023-13-01,C1089,Coffee Machine,9.0,,pay pal,Completed
T3952,2025-02-30,C2253,Laptop,-10.0,,Cash,complete
T3953,,C4694,Coffe,-2.0,-439.2583142593651,Credit Card,complete
T3954,2025-02-30,,Headphones,-3.0,591.8446971968996,credit card,completed
T3955,2021-10-27,C1878,Headphones,560.0,$698.98,Cash,Pending
T3956,2022-04-09,C532,Coffee Machine,-8.0,-446.502394974721,PayPal ,Completed
T3957,2023-13-01,,Smartphone,2.0,,credit card,Completed
T3958,2025-02-30,C4014,Smartphone,-9.0,-302.8870309819181,creditcard,completed
T3959,2021-01-10,C2571,Coffee Machine,-4.0,,creditcard,completed
T3960,2023-13-01,C2179,Smartphone,2.0,279.9969408160034,Cash,completed
T3961,2023-13-01,C3097,Headphones,589.0,,PayPal,complete
T3962,2023-13-01,C1385,Headphones,801.0,-50.32933837294661,PayPal,
T3963,2023-13-01,,Headphones,-3.0,930.9689687462981,pay pal,Pending
T3964,2022-02-03,C3807,Laptop,832.0,519.6387617940916,credit card,complete
T3965,2021-10-17,C3199,Smartphone,7.0,-534.772656976786,PayPal ,Pending
T3966,2023-03-29,C1030,Coffee Machine,5.0,,pay pal,Completed
T3967,2023-13-01,C1257,Tablet,10.0,$-261.85,Credit Card,
T3968,2023-13-01,C4730,Coffee Machine,-7.0,,credit card,Pending
T3969,2025-02-30,C886,Tablet,907.0,,pay pal,Completed
T3970,2021-08-19,C960,Smartphone,-6.0,,PayPal,Completed
T3971,2025-02-30,C2242,Laptop,-6.0,-77.07517958828169,PayPal ,complete
T3972,2022-11-25,C1663,Headphones,486.0,,PayPal,completed
T3973,2020-02-22,C2653,Coffee Machine,774.0,-224.3171488739399,credit card,Failed
T3974,2023-13-01,C4713,Smartphone,-1.0,147.36989599198864,Credit Card,Failed
T3975,2025-02-30,,Tablet,-1.0,,pay pal,
T3976,2021-04-18,C577,Smartphone,-2.0,,Cash,
,2025-02-30,C3354,Coffee Machine,,975.6583709809153,Cash,Failed
T3978,2023-13-01,C4571,Laptop,-10.0,755.8684214417525,pay pal,
T3979,2023-13-01,C3762,Tablet,809.0,,pay pal,Pending
T3980,2025-02-30,C1298,Tablet,142.0,-796.9566350449252,Cash,
T3981,2025-02-30,C4792,Tablet,9.0,521.5913135152966,credit card,complete
T3982,2021-11-17,C2555,Coffee Machine,-5.0,,pay pal,
T3983,2023-10-23,C1723,Smartphone,5.0,,PayPal,Completed
T70576,2023-13-01,C3618,Tablet,551.0,-204.51164863865654,PayPal ,Pending
T3985,2023-13-01,C3353,Smartphone,6.0,,pay pal,complete
T3986,2022-07-26,C3339,Smartphone,-10.0,,Credit Card,Pending
T3987,2025-02-30,C2371,Tablet,-10.0,$852.23,Cash,Completed
T3988,2023-01-08,C4355,Headphones,863.0,-852.3174497441962,credit card,Completed
T3989,2021-07-31,C4031,Coffee Machine,7.0,-792.423848857478,PayPal ,Failed
T3990,2025-02-30,C1174,Tablet,9.0,-844.2847314284923,Credit Card,Failed
T3991,2023-13-01,C3971,Laptop,1.0,,PayPal ,
T3992,2025-02-30,C2070,Headphones,-7.0,,creditcard,
T3993,2025-02-30,C2001,Laptop,4.0,,PayPal,
T3994,2022-11-29,C1828,Tablet,8.0,,credit card,Failed
T3995,2024-04-20,C2116,Coffee Machine,-4.0,,Credit Card,
T3996,2023-13-01,C4531,Tablet,6.0,452.52280641716607,Cash,complete
T3997,2023-13-01,C1959,Tablet,10.0,354.0599747247683,Credit Card,Pending
T3998,2025-02-30,C1304,Laptop,381.0,-409.6513824076237,creditcard,Completed
T3999,2022-05-04,C061,Tablet,10.0,,credit card,complete
T4000,2023-13-01,C1002,Laptop,198.0,-180.0879946513636,Cash,Failed
T4001,2025-02-30,C2371,Tablet,941.0,-713.2904754369044,credit card,
T4002,2022-01-08,C4958,Smartphone,-10.0,196.49469024826334,Cash,
T4003,2022-11-21,C1100,Laptop,1.0,-373.45257534958876,credit card,Pending
T4004,2022-05-26,C1062,Smartphone,881.0,,Credit Card,
T4005,2025-02-30,C2200,Laptop,334.0,,Credit Card,Pending
T4006,2023-13-01,C768,Tablet,808.0,167.78418534565455,credit card,completed
T4007,2023-13-01,C1963,Tablet,399.0,,Cash,
T4008,2023-13-01,C3609,Coffee Machine,7.0,,Credit Card,
T4009,2023-13-01,C4985,Smartphone,238.0,,PayPal ,Failed
T4010,2023-13-01,C4110,Coffee Machine,-10.0,,creditcard,completed
T4011,2020-11-27,C081,Laptop,367.0,,creditcard,
T4012,2023-13-01,C3536,Laptop,252.0,-848.9248753677948,PayPal ,Pending
T4013,2023-13-01,C3348,Tablet,10.0,895.4460644038172,credit card,Completed
T4014,2025-02-30,C4243,Smartphone,979.0,79.89929395484205,pay pal,completed
T4015,2023-13-01,C2542,Coffee Machine,-3.0,-930.9926454987291,Cash,Completed
T4016,2022-09-13,,Laptop,4.0,$402.56,creditcard,completed
T4017,2023-13-01,C4444,Laptop,5.0,-80.0027596589888,Credit Card,Pending
,2023-13-01,C2728,Headphones,2.0,77.66532886587368,creditcard,Pending
T4019,2024-05-09,C4405,Coffee Machine,676.0,-915.2808211180318,creditcard,Failed
T4020,2024-06-14,C4844,Table,4.0,-227.35975556380095,credit card,Completed
T4021,2024-08-27,C3877,Headphones,-7.0,-727.6016536846314,pay pal,completed
T4022,2023-13-01,C216,Smartphone,1.0,,creditcard,
T4023,2020-08-15,C3225,Tablet,-6.0,-794.0297556178382,PayPal ,complete
T4024,2023-13-01,C3524,Laptop,,-526.5763206940187,pay pal,
T4025,2021-07-13,C4923,Tablet,979.0,,Cash,completed
,2021-02-19,C3426,Coffee Machine,591.0,$803.79,pay pal,Completed
T4027,2025-02-30,C3157,Smartphone,7.0,-758.8667742839308,PayPal ,completed
T4028,2023-13-01,,Smartphone,3.0,,Credit Card,Failed
T4029,2023-13-01,C1094,Smartp,10.0,-473.26582770992707,Cash,completed
T4030,2025-02-30,C676,Tablet,2.0,197.7020471131835,Credit Card,complete
T4031,2025-02-30,C4445,Coffee Machine,-6.0,-613.5464331709932,PayPal ,Failed
T4032,2025-02-30,C494,Laptop,134.0,,PayPal,completed
T4033,2025-02-30,C2560,Headphones,-3.0,805.802150479309,credit card,
T4034,2023-13-01,C2368,Coffee Machine,8.0,,PayPal,complete
T4035,2024-05-19,C2542,Tablet,-3.0,-203.48398665985655,Credit Card,completed
T4036,2024-12-10,C4685,Headphones,-1.0,-996.0154846026206,credit card,
T4037,2021-09-26,C1046,Smartphone,-10.0,-324.1238087215821,creditcard,Failed
T4038,2023-13-01,C820,Coffee Machine,4.0,-317.86072539027214,PayPal ,completed
T4039,2025-02-30,C2430,Headphones,216.0,,credit card,complete
T4040,2025-02-30,C1750,Smartphone,-4.0,369.14128632025927,Cash,completed
T4041,2021-06-25,C3602,Smartphone,-4.0,,Cash,Completed
T4042,2024-10-25,C3952,Smartphone,-5.0,234.2508377489575,PayPal,Completed
T4043,2023-13-01,C2741,Tablet,843.0,-651.5334429958734,Cash,Completed
T4044,,C4293,Headphones,576.0,,Cash,Completed
T4045,2023-13-01,C4823,Coffee Machine,5.0,,pay pal,Pending
T4046,2025-02-30,C1941,Headphones,873.0,616.9887867550688,Cash,Pending
T4047,2023-13-01,C1196,Headphones,-10.0,997.6809589211356,creditcard,Pending
T4048,2023-01-04,C3348,Smartphone,,,PayPal,complete
T4049,,C907,Smartphone,-2.0,593.8162406624987,credit card,Pending
T4050,2025-02-30,C2092,Tablet,216.0,-490.85992948996267,PayPal ,completed
T4051,2025-02-30,C271,Laptop,3.0,-75.54598982020343,creditcard,completed
T4052,2022-09-02,C1279,Headphon,-9.0,,Cash,
T4053,2024-06-28,C1841,Tablet,-9.0,664.6632651838544,PayPal,Pending
T4054,2022-03-27,C519,Tablet,-6.0,,PayPal,Failed
T4055,2025-02-30,C4397,Tablet,-5.0,,pay pal,
T4056,2023-13-01,C1331,Headphones,9.0,,Credit Card,
T4057,2024-11-08,C1788,Smartphone,,,pay pal,complete
T4058,2023-13-01,C4588,Headphones,5.0,262.049460256085,creditcard,completed
T4059,2023-13-01,C1951,Laptop,-10.0,76.59540853050487,pay pal,complete
T4060,2025-02-30,C836,Coffee Machine,-7.0,494.9979637146785,Cash,completed
T4061,2023-13-01,C4266,Coffee Machine,,-770.6361231001979,creditcard,Completed
T4062,2023-13-01,C463,Coffee Machine,936.0,-808.355159952928,Credit Card,complete
T4063,2023-13-01,C1108,Tablet,463.0,,credit card,Failed
T4064,2023-13-01,,Tablet,913.0,-364.3017087371818,credit card,complete
T4065,2022-01-24,C2551,Tablet,2.0,,creditcard,Pending
T4066,2025-02-30,,Laptop,6.0,270.9513628814369,pay pal,Failed
T4067,2025-02-30,C4942,Smartphone,879.0,234.514811704029,PayPal,
T4068,2023-13-01,C3785,Headphones,626.0,,creditcard,Pending
T4069,2023-13-01,C084,Tablet,-10.0,$801.80,creditcard,complete
T4070,2023-13-01,C270,Tablet,-1.0,566.5222563958304,credit card,completed
T4071,2022-11-19,C1291,Tablet,-5.0,,credit card,completed
T4072,2024-01-03,C820,Coffee Machine,545.0,409.7481310369648,Cash,Failed
T4073,2025-02-30,C2821,Coffee Machine,554.0,472.98049744901886,Credit Card,Pending
T4074,2025-02-30,C2021,Smartp,-2.0,564.0943648558505,credit card,completed
T4075,,C4083,Laptop,1.0,,creditcard,Pending
T4076,2025-02-30,C1594,Coffee Machine,394.0,-99.05906532520214,Credit Card,complete
T4077,2025-02-30,C1732,Coffee Machine,3.0,,Credit Card,Completed
T4078,2025-02-30,C1822,Headphones,407.0,,Cash,
T4079,2023-13-01,C3447,Smartphone,-4.0,670.3261120387745,pay pal,
T4080,2025-02-30,C2115,Coffee Machine,471.0,-676.0962213774905,PayPal,Completed
T4081,2025-02-30,C2321,Smartphone,9.0,$-961.87,PayPal,Failed
T4082,,C3629,Headphones,-4.0,-823.213749325274,creditcard,Failed
T4083,2025-02-30,C4623,Coffee Machine,-9.0,992.3699261740126,creditcard,Completed
T4084,2025-02-30,C671,Headphones,632.0,,PayPal,complete
T4085,2025-02-30,C4210,Laptop,671.0,,creditcard,
T4086,2020-06-13,C4851,Headphones,200.0,614.5025027029609,PayPal,complete
T4087,2025-02-30,C4795,Coffee Machine,6.0,-71.6664340573135,Credit Card,
T4088,2023-13-01,C3961,Table,457.0,270.6743975034841,Cash,Completed
T4089,2025-02-30,C447,Tablet,6.0,,creditcard,Pending
T4090,2025-02-30,C1193,Laptop,-10.0,520.83541033387,PayPal ,complete
T4091,2025-02-30,,Laptop,675.0,-914.1868666793212,Credit Card,complete
T4092,2025-02-30,C2027,Coffee Machine,952.0,-122.96394302559042,pay pal,completed
T4093,2024-12-27,C1704,Laptop,5.0,,Cash,Failed
T4094,2023-13-01,C2599,Headphones,-1.0,-239.91666889044075,PayPal ,Pending
T4095,2023-13-01,C2483,Headphones,6.0,,Credit Card,
T4096,2023-03-01,C2703,Tablet,,-470.5457182123972,pay pal,Completed
T4097,2025-02-30,C1197,Laptop,494.0,-525.6695845338681,Credit Card,Failed
T4098,2023-06-27,C3919,Laptop,6.0,492.0288150192991,Cash,Pending
T4099,2025-02-30,C4423,Smartphone,-9.0,,PayPal,Failed
T4100,2023-13-01,,Coffee Machine,7.0,118.20401929292535,pay pal,
T4101,2023-13-01,C3929,Laptop,905.0,,Credit Card,
T4102,2025-02-30,C4182,Coffee Machine,-3.0,,pay pal,Completed
,2024-10-30,C1834,Tablet,1.0,-545.5618900232473,Cash,complete
T4104,2021-04-28,C2715,Headphones,254.0,-977.3143681330287,pay pal,
T4105,2023-06-29,C1365,Smartphone,-4.0,,credit card,completed
T4106,2024-10-09,C3604,Tablet,-9.0,-182.30198557194478,PayPal ,Pending
T4107,,C2089,Headphones,-5.0,,pay pal,Failed
T4108,2023-13-01,C1795,Tablet,552.0,,PayPal,
T4109,2023-13-01,C468,Laptop,10.0,,creditcard,Failed
T4110,2023-05-15,C3275,Headphones,9.0,$-253.33,Cash,completed
T4111,2025-02-30,C414,Laptop,-8.0,-772.9016289973127,Cash,Completed
T4112,2021-05-05,C4937,Smart,507.0,,PayPal ,Pending
T4113,2023-13-01,C179,Headphones,,,creditcard,Pending
T4114,2025-02-30,C3952,Tablet,-5.0,,PayPal ,Completed
T4115,2023-13-01,C3134,Laptop,3.0,389.3073173669835,credit card,completed
T4116,2025-02-30,C3903,Headphones,-1.0,331.62489385373163,Credit Card,Failed
T4117,2025-02-30,C2197,Smartphone,3.0,-752.1235378736287,creditcard,complete
T4118,2020-12-01,C4314,Smartphone,2.0,-684.989388550433,creditcard,Pending
T4119,2023-13-01,C2465,Tablet,5.0,,Cash,completed
T4120,2023-03-20,C3789,Tablet,-3.0,,Cash,Pending
T4121,2023-10-05,C2975,Laptop,9.0,-775.1896514454427,PayPal,Completed
T4122,2025-02-30,C2541,Smartphone,-10.0,599.5940283562162,credit card,Failed
T4123,2020-06-13,C3821,Coffee Machine,-7.0,,pay pal,Failed
T4124,2022-11-23,C623,Laptop,6.0,,credit card,complete
T4125,2020-08-28,,Headph,824.0,-434.44879704244545,credit card,Pending
,2023-13-01,,Headphones,1.0,,Cash,Failed
T4127,2025-02-30,C4821,Headphones,2.0,,creditcard,
T4128,2023-13-01,C1364,Laptop,1.0,67.39597147186566,PayPal ,complete
T4129,2023-13-01,C813,Coffee Machine,407.0,-757.5140792218618,PayPal,complete
T4130,2020-01-31,C4353,Tablet,8.0,-969.3542357293986,Credit Card,
T4131,2025-02-30,C3984,Coffee Machine,-10.0,,creditcard,complete
T4132,2023-05-24,C4774,Smar,-6.0,$-656.09,PayPal,Failed
T4133,2023-13-01,C4211,Smartphone,746.0,,credit card,Completed
T4134,2023-13-01,C944,Smartphone,484.0,444.81546472057795,Cash,Failed
T4135,,C3938,Headphon,482.0,188.77127243734148,Cash,complete
T4136,2023-13-01,C4728,Tabl,-6.0,454.81210227774574,pay pal,
T4137,2023-13-01,C4713,Laptop,-8.0,$546.92,pay pal,Failed
T4138,2022-10-19,C4781,Laptop,4.0,,PayPal,Pending
T4139,2025-02-30,C4835,Tablet,327.0,387.36845415160786,PayPal ,complete
T4140,2023-13-01,C4481,Coffee Machine,516.0,811.2655357549659,PayPal,completed
T4141,2025-02-30,,Tablet,8.0,,PayPal ,completed
T4142,2023-05-28,C2124,Tablet,9.0,993.2872573159096,creditcard,completed
T4143,2023-13-01,C2306,Laptop,821.0,-967.861553102716,pay pal,complete
T4144,2023-13-01,C1184,Headphones,-6.0,$346.92,PayPal,Pending
T4145,,C2874,Tablet,6.0,-119.45965477639209,creditcard,Pending
T4146,,C1979,Coffee Machine,678.0,-265.3260544961096,pay pal,Failed
T4147,2025-02-30,C950,Tablet,2.0,-481.09748544279216,creditcard,Failed
,2024-09-17,C3532,Tablet,619.0,,credit card,completed
T4149,2025-02-30,C4667,Tablet,-6.0,-668.8037332108025,PayPal,completed
T4150,2023-03-28,C4165,Tablet,308.0,,pay pal,Pending
T4151,2023-13-01,C4563,Tablet,-2.0,-990.7964023304272,PayPal,complete
,2023-13-01,C1503,Coffee Machine,732.0,,Cash,complete
T4153,2025-02-30,C1815,Coffee Machine,430.0,$215.99,creditcard,complete
T4154,2023-13-01,C4885,Smartphone,3.0,,PayPal,Failed
T4155,2023-04-08,C481,Smartphone,4.0,777.206491835491,pay pal,
T4156,2025-02-30,C1255,Headphones,,270.12501363985405,PayPal,complete
T4157,2025-02-30,C162,Smartphone,997.0,-343.4995938149094,Cash,completed
T4158,2023-13-01,C248,Smartphone,9.0,,credit card,Completed
T4159,2025-02-30,C2322,Coffee Machine,,-493.1374316533685,PayPal ,Pending
T4160,2023-13-01,C1332,Tablet,-9.0,-642.2899097894165,PayPal ,Failed
T4161,2021-04-10,C2898,Laptop,7.0,-270.6245294836101,creditcard,completed
T4162,2025-02-30,C1497,Smartphone,-10.0,,Credit Card,Completed
T4163,2025-02-30,C1019,Tablet,5.0,-703.8134716532427,credit card,complete
T4164,2025-02-30,C2419,Tab,9.0,185.17167677014842,credit card,completed
T4165,2025-02-30,C1083,Headphones,114.0,,Cash,Completed
T4166,2021-01-30,C3617,Tablet,-4.0,482.1876434387431,Cash,completed
T4167,2024-10-14,C2374,Hea,1.0,725.9995065974834,creditcard,complete
T4168,2025-02-30,C4948,Coffee Machine,-3.0,,Credit Card,
T4169,2025-02-30,C3473,Headphones,7.0,,creditcard,Failed
T4170,2023-13-01,C2374,Tablet,926.0,-265.1559732889906,Credit Card,Pending
T4171,2024-04-13,C3949,Tablet,10.0,534.8403872166482,credit card,Completed
T4172,2024-11-29,C4316,Laptop,2.0,902.4172528427309,PayPal ,Completed
T4173,2025-02-30,C2008,Smartphone,546.0,,credit card,Pending
T4174,2025-02-30,C2336,Laptop,-8.0,528.1778724809169,PayPal,complete
T4175,2025-02-30,C4135,Laptop,-10.0,-784.2068761346883,pay pal,Failed
T4176,2025-02-30,,Coffee Machine,644.0,$825.34,pay pal,complete
T4177,2021-12-16,C419,Coffee Machine,,,PayPal ,Completed
T4178,2024-11-28,C3641,Laptop,728.0,,PayPal,
T4179,2025-02-30,C4150,Headphones,782.0,,PayPal ,completed
T4180,2025-02-30,C1122,Headphones,295.0,197.8233153838457,pay pal,Failed
T4181,2023-13-01,C4115,Tablet,-9.0,-369.1874926688356,pay pal,Failed
T4182,2020-02-10,C518,Headphones,5.0,,PayPal ,complete
T4183,2025-02-30,C4053,Laptop,165.0,,creditcard,Completed
T4184,2023-13-01,C332,Headphones,657.0,-235.22979751524588,credit card,
T4185,2025-02-01,C144,La,3.0,446.9395182690601,credit card,Pending
T4186,2025-02-30,C1912,Smartphone,-8.0,-962.3464321223051,Credit Card,completed
T4187,2023-10-03,C1913,Coffee Machine,9.0,127.27109968229064,creditcard,Pending
T4188,2023-13-01,C1442,Coffee Machine,-5.0,,Cash,Completed
T4189,2023-13-01,C3966,Laptop,1.0,,credit card,
T4190,2025-02-30,C329,Headphones,-8.0,-468.8701004433086,Cash,complete
T4191,2025-02-30,C3210,Smartphone,-6.0,,PayPal ,Completed
T4192,2023-13-01,C2719,Coffee Machine,463.0,,Credit Card,completed
T4193,2025-02-30,C1055,Headphones,434.0,-537.4178059028873,pay pal,
T4194,2023-05-02,C402,Smartphone,,,PayPal,completed
T4195,2020-05-12,C1174,Tablet,-10.0,,PayPal,
T4196,2022-02-28,C2953,Coffee Machine,3.0,$-782.44,PayPal ,Failed
T4197,2025-02-30,C1906,Laptop,8.0,-973.6811889712735,credit card,
T4198,2024-01-20,C3170,Laptop,180.0,$-306.53,pay pal,complete
T4199,2023-12-18,C2150,Coffee Machine,10.0,-996.021701494967,credit card,completed
T4200,2021-04-17,C3180,Laptop,537.0,,Credit Card,completed
T4201,2021-04-12,C2554,Smartphone,783.0,-760.702394360521,PayPal ,completed
T4202,2023-09-14,,Coffee Machine,9.0,-466.599351443332,PayPal ,complete
T4203,2025-02-30,C2447,Headphones,-10.0,-727.3142426529683,credit card,complete
T4204,2022-12-02,C4653,Headphones,-4.0,-996.8505029907765,credit card,
T4205,2024-08-04,C3890,Smartphone,,,creditcard,
T4206,2023-06-26,C2089,Tablet,-1.0,-791.6590292896119,Cash,Completed
T4207,2023-13-01,C962,Smartphone,,$-294.58,credit card,Failed
T4208,2025-02-30,C2118,Coffee Machine,3.0,,Credit Card,
T4209,2023-12-08,C4793,Smartphone,-9.0,,PayPal ,Completed
T4210,2022-02-16,C3813,Headphones,-2.0,,PayPal ,Pending
T4211,2023-13-01,C3419,Lapt,5.0,-217.52090599160954,pay pal,completed
T4212,2021-05-21,C1959,Coffee Machine,-6.0,,credit card,
T4213,2021-05-08,C3542,Smartphone,417.0,,pay pal,Pending
T4214,2025-02-30,C3603,Headphones,-1.0,187.89512474458147,Credit Card,complete
T4215,2024-11-23,C466,Laptop,662.0,782.1098637377752,Credit Card,Completed
T4216,2025-02-30,C4111,Headphones,2.0,,Cash,complete
T4217,2022-07-17,C3097,Table,,-333.9265831295693,pay pal,complete
T4218,2025-02-30,C276,Coffee Machine,3.0,,Credit Card,Pending
T4219,2023-13-01,C2859,Coffee Machine,-6.0,$-94.25,creditcard,Failed
T4220,2023-13-01,C3764,Smartphone,-9.0,-730.876781108025,credit card,completed
T4221,2025-02-30,C2773,Headphones,,364.55279884666305,PayPal,Completed
T4222,2023-07-25,C551,Laptop,292.0,532.3771856635644,PayPal ,complete
T4223,2025-02-30,C224,H,772.0,-808.5096133492034,pay pal,
T4224,2025-02-30,C1560,Coffee Machine,,998.8075418770006,pay pal,Pending
,,C4070,Coffee Machine,773.0,-651.7511909118007,Cash,completed
,2024-09-02,C1950,Laptop,919.0,-523.8857548767686,Cash,Failed
,2023-13-01,C1246,Headphones,925.0,-830.691549247851,credit card,Pending
T4228,2024-08-26,C1934,Tablet,377.0,,Credit Card,complete
T4229,2023-13-01,C2669,Headphones,494.0,,creditcard,completed
T4230,2025-02-30,C1684,Tablet,6.0,$887.90,credit card,Pending
T4231,2024-02-25,C3190,Coffee Machine,377.0,668.8664191866587,credit card,Failed
,2022-09-21,C1225,Smartphone,417.0,-803.1219618884478,PayPal ,Failed
T4233,2021-09-15,C4455,Headphones,-9.0,,PayPal,
T4234,2023-13-01,C1750,Headphones,3.0,343.06759645587067,creditcard,Pending
T4235,2022-09-27,C1739,Laptop,-9.0,-651.6969354761584,Cash,complete
T4236,,C087,Tabl,10.0,-865.0152550791796,creditcard,Pending
T4237,2023-13-01,C1864,Laptop,114.0,103.71863124573517,PayPal ,Completed
T4238,2021-06-26,C3912,Laptop,6.0,597.8762585987017,Cash,complete
T4239,2022-08-31,C733,Tablet,1.0,-507.04068941867786,pay pal,Failed
T4240,2023-13-01,C3277,Tablet,-4.0,238.09581551833733,PayPal,complete
T4241,2021-08-10,C3476,Tablet,7.0,,credit card,Failed
T4242,2023-13-01,C3920,Laptop,527.0,$-717.57,creditcard,complete
T4243,2021-09-23,C1562,Smartphone,-4.0,,PayPal,Failed
T4244,2023-13-01,C4541,Headph,10.0,$807.76,PayPal ,
T4245,2025-02-30,C2726,Smartphone,664.0,,credit card,complete
T4246,2025-02-30,C4870,Coffee Machine,819.0,110.19780307515168,credit card,completed
T4247,2025-02-30,C4029,Headphones,-1.0,,credit card,
T4248,2023-13-01,C3221,H,9.0,-636.0223873144448,creditcard,Pending
T4249,2025-02-30,C1493,Coffee Machine,262.0,73.03630924778628,Cash,Failed
,2023-13-01,C3130,Headphones,176.0,-971.5524693610428,Cash,
T4251,2024-06-18,C3764,Tablet,687.0,,pay pal,
T4252,2021-09-23,C031,Lapt,740.0,,credit card,complete
T4253,2023-13-01,C2274,Tablet,130.0,277.0144198212354,creditcard,Completed
T4254,2025-02-30,C3317,Coffee Machine,148.0,,Cash,completed
T4255,2025-02-30,C3106,Tablet,377.0,762.3736821737746,PayPal ,Completed
T4256,,C947,Laptop,10.0,-864.4026681101627,PayPal,Pending
T4257,2022-10-26,,Laptop,652.0,,PayPal,Pending
T4258,2022-03-08,C1463,Tablet,6.0,-236.44154639898386,Credit Card,completed
T4259,2023-01-20,C3108,Tablet,-1.0,$849.33,credit card,Pending
T4260,2023-13-01,C2017,Coffe,7.0,774.7452451965308,PayPal,
T4261,2025-02-30,C4713,Headphon,-7.0,-877.0306466129705,Cash,Completed
T4262,2023-13-01,C3107,Laptop,5.0,-105.44546178784537,credit card,Completed
T4263,2021-09-09,C354,Headpho,2.0,-313.3735468675518,PayPal,Failed
T4264,2023-13-01,C671,Lap,6.0,-689.274142460752,Credit Card,complete
T4265,2024-10-27,C3457,Laptop,5.0,-497.54481155966465,PayPal,Completed
T4266,2025-02-30,C3337,Headphones,568.0,,pay pal,Completed
T4267,2023-04-04,C2200,Tablet,8.0,,Cash,Pending
T4268,2023-13-01,C607,Smartphon,5.0,,Credit Card,
T4269,2025-02-30,C3822,Headphones,-3.0,185.81356242003042,creditcard,
T4270,2025-02-30,C4976,Tablet,524.0,,Cash,Pending
T4271,2021-12-17,C4140,Smartphone,458.0,-176.52238206784364,pay pal,completed
T4272,2024-05-12,C4035,Laptop,459.0,682.5903969057376,PayPal ,Completed
T4273,2025-02-30,C3680,Smartphone,6.0,-950.7111053112374,Cash,completed
T4274,2021-05-24,C3219,Smartphone,10.0,536.3785922663876,creditcard,
,2023-13-01,C608,H,113.0,,Cash,
T4276,2023-13-01,C4702,Coffee Machine,-9.0,280.36211034415464,pay pal,Failed
T4277,2023-13-01,C4553,Smartphone,-4.0,$-108.35,credit card,Failed
T4278,2025-02-30,C4845,Coffee Machine,1.0,,Cash,
T4279,2023-13-01,C369,Headphones,-5.0,,Cash,Pending
T4280,2023-13-01,C4113,Smartphone,922.0,,Credit Card,Pending
T4281,2023-13-01,C118,Tablet,-1.0,,PayPal,Failed
T4282,2025-02-30,C2715,Laptop,5.0,,PayPal,
T4283,2025-02-30,C047,Coffee Machine,184.0,,PayPal,Failed
T4284,2021-09-27,C2665,Headphones,,64.91344306624738,PayPal,Completed
T75555,2025-02-30,C2558,Coffee Machine,-6.0,,creditcard,Completed
T4286,2023-08-12,C1812,Laptop,3.0,532.6178194726699,PayPal,Failed
T4287,2023-13-01,C3319,Headphones,-7.0,898.0402922883331,Credit Card,
,2023-13-01,C3190,Headphones,-1.0,,credit card,Pending
T4289,2021-12-16,C3288,Laptop,8.0,,credit card,complete
T4290,2023-13-01,C977,Laptop,113.0,-210.0841248544681,PayPal ,Failed
T4291,2023-13-01,C3517,Tablet,616.0,306.9420112676183,pay pal,Completed
T4292,2025-02-30,,Smartphone,-1.0,$594.76,Credit Card,Completed
T4293,,C1805,Smartphone,-2.0,594.5387818544931,credit card,Completed
T4294,2025-02-30,C1661,Laptop,8.0,183.26779616916767,Credit Card,Completed
T4295,2025-02-30,C855,Smartphone,-10.0,576.8713442088683,pay pal,Failed
T4296,2023-13-01,C3707,Headphones,402.0,,Credit Card,Pending
T4297,2023-13-01,C4020,Coffee Machine,9.0,,credit card,Pending
T4298,2022-11-10,C1217,Headph,9.0,,credit card,Pending
T4299,2025-02-30,,Tablet,10.0,-769.2887356606415,Cash,Pending
T4300,2025-02-30,C3079,Headphones,9.0,,creditcard,complete
T4301,,C2558,Headphones,-2.0,986.8115317563538,PayPal,completed
T4302,2023-13-01,C4487,Headphones,975.0,715.3292317401881,Credit Card,Pending
T4303,2025-02-30,C4751,Laptop,515.0,267.711073627393,PayPal,complete
T4304,,C3697,Tablet,-7.0,,Cash,Completed
,2020-04-18,C019,Headphones,4.0,,pay pal,Failed
T4306,2020-12-16,C3245,C,3.0,-978.4183382520655,PayPal,completed
T4307,2025-02-30,C3714,Smartphone,-1.0,,Cash,
T4308,2023-13-01,C1455,Headphones,751.0,,PayPal,complete
T4309,,C1682,Tablet,616.0,-980.0649820695002,creditcard,complete
T4310,2023-13-01,C4692,Tablet,5.0,-69.66271438713659,PayPal,Pending
T4311,2025-02-30,C2142,Laptop,6.0,205.814863892792,PayPal ,Pending
T4312,2022-02-22,C2051,Cof,-3.0,,pay pal,Failed
T4313,2023-13-01,C2123,Smartphone,1.0,-74.85674779309272,creditcard,completed
T4314,2023-13-01,C1845,Headphones,-2.0,-929.9633576450145,pay pal,Failed
T4315,2023-13-01,C3509,Lapto,517.0,-661.2009132494177,creditcard,Pending
T4316,2023-13-01,C2299,Smartphone,900.0,$-722.64,pay pal,Failed
T53021,2025-02-30,,Laptop,9.0,,creditcard,Failed
,2023-13-01,C3430,Tablet,-10.0,145.77830029717768,PayPal,Completed
T4319,2024-08-22,C3865,Smartphone,9.0,376.08407297049837,pay pal,Completed
T4320,2024-08-10,C4967,Smartphone,455.0,-723.0206605514879,Credit Card,Pending
T4321,2023-06-07,C2768,Smartphone,-4.0,-758.58772325369,PayPal,Failed
T4322,2023-13-01,C3071,Headphones,968.0,434.99030714811244,Credit Card,Pending
T36513,2024-09-13,C3781,Headphones,100.0,,PayPal ,Failed
T4324,2023-13-01,C729,Smartphone,-5.0,999.7951143195106,creditcard,complete
T4325,2023-13-01,C357,Laptop,-9.0,-560.243530486025,Credit Card,
T4326,2020-10-28,C2375,Headphones,919.0,$-102.99,PayPal ,completed
T4327,2021-08-03,C1641,Headphones,-1.0,389.41352205740264,credit card,complete
T4328,2023-13-01,C3651,Laptop,827.0,,Credit Card,Completed
T4329,2023-13-01,C3804,Headphones,-9.0,842.1004264365782,Credit Card,Pending
T4330,2020-02-19,C2971,Smartphone,629.0,$-883.72,PayPal,complete
,2025-02-30,C2590,Coffee Machine,-5.0,$-560.69,PayPal,Failed
T4332,2022-03-20,C1006,Laptop,-3.0,,PayPal,completed
T4333,2025-02-30,C4359,Smartphone,727.0,,PayPal,completed
T4334,2021-10-25,C1722,S,-1.0,,PayPal,Completed
T4335,2025-02-30,C4052,Headphones,-4.0,-627.5754079811353,PayPal ,
T4336,2023-13-01,C4970,Coffee Machine,375.0,-649.9638663241808,creditcard,Pending
,2023-13-01,C4486,Tablet,4.0,,PayPal ,Failed
T4338,2023-13-01,C071,Headphones,136.0,,PayPal,
T4339,2024-04-19,C1390,Laptop,-10.0,,Credit Card,Failed
T4340,2023-13-01,C3879,Coffee Machine,-2.0,,Cash,complete
T4341,2023-13-01,C1815,Tablet,-1.0,884.895211264357,Credit Card,
T4342,2023-13-01,C4857,Coffee Machine,181.0,,Cash,
T4343,2022-12-07,C3711,Headphones,-8.0,,Cash,Completed
T24234,2023-13-01,C1992,Laptop,2.0,-496.123146546915,creditcard,Failed
T4345,2025-02-30,C2862,Laptop,-7.0,-603.3196273514368,creditcard,complete
T4346,2023-13-01,C2516,Laptop,8.0,$-175.23,credit card,complete
T4347,2024-04-24,,Headphon,-3.0,$113.84,PayPal,completed
T81354,2025-02-30,C1464,Headphones,315.0,495.4710138975999,Cash,Pending
T4349,,C4523,Coffee Machine,9.0,,Cash,Completed
T4350,2023-13-01,C1353,Coffee Machine,8.0,89.63526771505306,pay pal,Failed
T4351,2023-13-01,C1327,Headphones,-7.0,573.5882610256152,credit card,completed
T4352,2025-02-30,C531,Laptop,750.0,-336.69117813616367,PayPal,complete
,2021-02-08,C2686,Tablet,611.0,,PayPal,Completed
T4354,2025-02-30,C4398,Smartphone,311.0,,PayPal ,
T4355,2021-04-15,C3324,T,469.0,991.4936220012114,pay pal,completed
T4356,2025-02-30,C717,Smartphone,352.0,-166.27245755545061,credit card,complete
T4357,2021-09-29,C1533,Coffee Machine,245.0,-633.6163938643083,Cash,Pending
T4358,2023-13-01,C3454,Smartphone,-7.0,,Credit Card,
T4359,2023-13-01,C1582,Tablet,-6.0,964.4658459027047,creditcard,complete
T4360,2023-13-01,C2602,Tablet,-9.0,,creditcard,Completed
T4361,2025-02-30,C1414,Headphones,4.0,727.9593007073826,PayPal,Completed
T4362,2023-13-01,C4626,Tablet,2.0,-594.8639059260032,PayPal ,Pending
T4363,2022-03-05,C4604,Smartphone,663.0,406.41231820923235,PayPal ,Completed
T4364,2025-02-30,C500,Tablet,486.0,,Credit Card,Pending
T4365,2020-01-18,C1523,Tablet,-9.0,195.52683005807927,creditcard,Pending
T4366,2023-13-01,C1139,Headphones,-8.0,706.8763559148545,credit card,Completed
T4367,2023-13-01,C2862,Headphones,-9.0,-224.32891213356675,pay pal,complete
T4368,2025-02-30,C293,Smartphone,887.0,,Credit Card,Pending
T4369,2023-12-11,C4985,Headphones,873.0,,creditcard,Completed
T4370,,C4207,H,10.0,,pay pal,Failed
,2023-13-01,C3890,Laptop,-6.0,,Cash,Completed
T4372,2025-02-30,C1616,Laptop,814.0,262.1528100384106,credit card,Pending
T4373,2023-13-01,C2506,Smartph,9.0,-253.4922013617727,creditcard,Pending
T4374,2025-02-30,C3479,Headphones,-3.0,654.4404944057916,credit card,Pending
T4375,2023-13-01,C428,Headphones,197.0,-626.6404743229173,PayPal ,complete
T4376,2025-02-30,C2833,Tabl,-6.0,,creditcard,
,2020-07-04,C2822,Headphones,-2.0,-216.39446392601246,credit card,Failed
T4378,2025-02-30,C1878,Tablet,-2.0,,PayPal,completed
T4379,2023-13-01,C3379,Smartphone,-4.0,,PayPal,completed
T4380,2020-09-22,C3682,Headphones,-5.0,-723.4432510895646,PayPal ,Pending
,2023-13-01,C518,Laptop,8.0,$889.81,pay pal,Completed
T4382,2025-02-30,C1451,Tablet,-1.0,755.3625545292011,Credit Card,complete
T4383,2025-02-30,C4435,Headp,1.0,,pay pal,completed
T4384,2025-02-30,C1923,Coffee Machine,-5.0,658.6974070656271,Cash,
T4385,2025-02-30,C3388,Headphones,2.0,-468.08094647367216,pay pal,complete
,2024-09-16,C3740,Laptop,8.0,,credit card,Completed
T4387,2021-06-07,C553,Tablet,5.0,-537.1560282975595,creditcard,complete
T4388,2023-09-21,C146,Tablet,264.0,859.3397936846297,credit card,completed
T4389,2025-02-30,,Smartphone,992.0,844.1920071599104,pay pal,Pending
T4390,2025-02-30,,Headphones,-9.0,,credit card,complete
T4391,2023-13-01,C3703,Coffee Machine,119.0,,creditcard,completed
T4392,2024-03-21,C129,Headphones,-3.0,-534.3283926442023,credit card,Failed
T4393,2025-02-30,C1725,Lap,2.0,578.3087202412303,creditcard,Completed
T4394,2023-13-01,C4165,Smartphon,897.0,,PayPal,Failed
T4395,2022-08-03,C1953,Lapto,647.0,979.3919703126173,credit card,Completed
T4396,,C590,Laptop,253.0,-898.9250151738877,PayPal ,Completed
T4397,2025-02-30,C310,Laptop,3.0,290.29167158457403,Cash,Failed
T4398,2025-02-30,C3266,Smartphone,7.0,,PayPal ,Failed
T4399,2025-01-30,C1471,Laptop,-1.0,,PayPal ,
T4400,2023-13-01,,Laptop,780.0,822.3602431895218,credit card,completed
T4401,2025-02-30,C3671,Smartphone,-10.0,,PayPal,Completed
T4402,2025-02-30,C3046,Laptop,566.0,,PayPal ,Pending
T4403,,C1155,Coffee Machine,578.0,,Cash,
T4404,2025-02-30,C1768,Smartphone,283.0,-506.87444740044765,pay pal,completed
T4405,2025-02-30,C2258,Laptop,999.0,576.484400228769,PayPal ,Failed
T4406,2023-13-01,C2234,Smartphone,875.0,626.5206420947288,creditcard,Pending
T4407,2023-13-01,C3869,Headphones,-6.0,-777.6074557325622,pay pal,completed
T4408,2023-13-01,C4080,Laptop,9.0,,creditcard,Pending
T4409,2021-04-14,C2227,Smartphone,972.0,,Credit Card,Failed
T4410,2022-07-03,C1278,Smartphone,9.0,$396.50,Cash,
T4411,2023-13-01,C601,Laptop,939.0,665.9285061287778,Cash,completed
T4412,2022-09-22,C336,Headphones,,,Cash,completed
T4413,2023-13-01,C1970,Smartphone,-8.0,,PayPal ,Failed
T4414,2025-02-30,C826,Coffee Machine,7.0,,pay pal,complete
T4415,2020-02-07,C4308,Tablet,10.0,59.26302376551104,credit card,Completed
T4416,2025-02-30,C1866,Headphones,598.0,888.616440084822,credit card,Failed
T4417,2020-10-28,C3068,Smartphone,719.0,,creditcard,complete
T4418,2023-13-01,C1091,Coffee Machine,-5.0,$-746.96,credit card,Completed
T4419,2025-02-30,C2469,Coffee Machine,-6.0,,Credit Card,complete
T4420,2023-13-01,C315,Headphones,840.0,,creditcard,Failed
T4421,2023-03-28,C2032,Coffee Machine,8.0,-143.16741700524142,Credit Card,Completed
T4422,,C3494,Tablet,-3.0,,PayPal,
T4423,2023-13-01,C323,Headphones,-5.0,614.1908148983705,creditcard,complete
T4424,2023-04-10,C4637,Coffee ,3.0,,PayPal ,
T4425,2025-02-30,C4550,Tablet,-6.0,$-244.25,credit card,Pending
T4426,2023-13-01,C486,Coffee Machine,-9.0,,PayPal ,Pending
T4427,2023-13-01,C728,Headphones,1.0,,pay pal,Pending
T4428,2023-13-01,C3127,Smartphone,-1.0,633.5934285088625,Credit Card,completed
T4429,2023-12-16,C3065,Laptop,437.0,545.5640262935481,PayPal,Completed
T4430,2023-13-01,C551,Coffee Machine,,-336.92318599991836,pay pal,Failed
T4431,2021-02-08,C3366,Tablet,-1.0,,pay pal,completed
T4432,2023-10-04,C3308,Coffee Machine,3.0,,credit card,completed
T4433,2022-07-11,C1388,Headphones,542.0,444.8649490125807,PayPal,Completed
T4434,2021-06-28,C527,Headphones,10.0,-721.2212162511523,Cash,
T4435,2023-09-16,C1834,Laptop,-3.0,,creditcard,completed
T4436,2025-02-30,C062,Tablet,7.0,,Cash,Pending
T4437,2025-01-05,C1502,Coffee Machine,-5.0,493.37624951822966,PayPal ,
T4438,2024-07-14,C4066,Headphones,1.0,-207.22002765788136,Cash,Pending
T4439,2023-13-01,C724,Laptop,-2.0,,PayPal,
T4440,2023-13-01,C970,Smartphone,2.0,761.0550162323309,Cash,completed
T4441,2023-13-01,C3817,Laptop,4.0,,PayPal,completed
T4442,2023-13-01,C764,Laptop,286.0,226.41556059441047,creditcard,Completed
T4443,2025-02-30,C4922,Tablet,650.0,,PayPal,complete
,2023-13-01,C1199,Tablet,4.0,,PayPal,Failed
,2025-02-30,C061,Smartphone,-3.0,,PayPal ,completed
T4446,2025-02-30,C1374,Laptop,675.0,,creditcard,
T4447,2025-02-30,C235,Laptop,4.0,,PayPal ,completed
T4448,2022-07-20,C4702,Smartphone,446.0,,pay pal,Completed
T4449,2025-02-30,C2124,Smartphone,6.0,,Credit Card,complete
T4450,2025-02-30,C2116,Smartphone,297.0,,creditcard,complete
T4451,2025-02-30,C3016,Smartphone,-2.0,330.52953171967425,credit card,Completed
T4452,2023-13-01,C2316,Coffee Machine,855.0,-869.261893039129,PayPal ,Pending
T4453,2025-02-30,C1546,Headphones,-7.0,-495.28038663163727,creditcard,Completed
T4454,,C2867,Tablet,10.0,207.9702194950571,credit card,Failed
T4455,2023-13-01,C3402,L,-9.0,-666.5604944157844,PayPal ,Failed
T4456,2025-02-30,C1521,Laptop,860.0,135.49408398610046,PayPal,complete
T4457,2023-03-07,C2355,Laptop,603.0,990.8219383413114,PayPal ,Pending
T4458,2025-02-30,C2794,Smartphone,-2.0,,creditcard,complete
T4459,2023-13-01,C671,Tablet,10.0,-819.333825815558,pay pal,Failed
T4460,2025-02-30,C1671,Smartphone,6.0,,Cash,complete
T4461,2025-02-30,,Smartphone,-10.0,-372.2480464962513,PayPal ,Failed
T4462,2021-06-01,C1768,Coffee Machine,5.0,-279.8983661804824,credit card,completed
T4463,2025-02-30,C3757,Headphones,3.0,,creditcard,
T4464,2023-13-01,C1954,Tablet,-7.0,-708.3888480305994,pay pal,Pending
T4465,2023-13-01,C3880,Laptop,650.0,-730.4080826840996,Credit Card,Failed
T4466,2023-13-01,C1781,Smartphone,2.0,,pay pal,completed
T4467,,C2546,Coffee Machine,8.0,-166.40642629361514,creditcard,Failed
T4468,2023-13-01,C495,Coffee Machine,-9.0,,credit card,Pending
T4469,2025-02-30,C1182,Tablet,8.0,285.19692957295524,pay pal,
T4470,2023-13-01,C4574,Smartphone,7.0,$351.19,credit card,
T4471,2023-12-21,C3043,Laptop,-7.0,$-967.46,PayPal,Completed
T4472,2023-13-01,C3057,Ta,6.0,,creditcard,completed
T4473,2023-13-01,C103,Laptop,-3.0,,PayPal,Failed
T4474,2025-02-30,C2254,Tablet,196.0,,PayPal ,
T4475,2022-02-09,C1372,Tablet,-2.0,727.126293377808,PayPal,Completed
T4476,2024-12-21,C1468,Smartphone,-9.0,75.93046352717654,credit card,Completed
T4477,2025-02-30,C3252,Coffee Machine,692.0,$940.46,Credit Card,Pending
T4478,2025-02-30,C1270,Coffee Machine,10.0,-453.6810712850454,credit card,
T4479,2023-13-01,C4115,Headphones,871.0,,Credit Card,
T4480,2025-02-30,C1804,Coffee Machine,-10.0,130.5242891488601,credit card,Pending
T4481,2023-13-01,C1997,Smartphone,7.0,,PayPal,
T4482,2025-02-30,C691,Coffee Machine,-10.0,,PayPal,complete
T4483,2023-13-01,C1787,Tablet,-6.0,$-565.00,PayPal,Pending
T4484,2025-02-30,C3086,Laptop,627.0,,Cash,Pending
T4485,2025-02-30,C3272,Smartphone,172.0,,Cash,Completed
,2025-02-30,C1389,Lap,,,PayPal ,Pending
T4487,2023-13-01,C1002,Laptop,872.0,970.5446950614934,creditcard,Pending
T4488,2023-13-01,C2455,Laptop,-8.0,-655.3374836007936,Credit Card,
T4489,2023-13-01,C578,Coffee Machine,-1.0,210.36789246726715,credit card,completed
T4490,2025-02-30,C2818,Tablet,,919.4980939550464,Cash,completed
T4491,2023-13-01,C1921,Headphones,4.0,,PayPal ,Failed
T4492,2024-03-20,C1954,Tablet,-4.0,-665.8090659646322,credit card,complete
T4493,2023-13-01,C4410,Tablet,-3.0,972.6789423795906,PayPal ,complete
T4494,,C4195,Coffee Machine,213.0,764.2662186847513,PayPal,completed
T4495,2025-02-30,C3621,Laptop,10.0,-505.13295732364276,PayPal ,
T4496,2020-10-06,C3439,Coffee Machine,-2.0,$215.42,Cash,
T4497,2021-04-14,C1930,Coffee Machine,5.0,,creditcard,Pending
T4498,2023-13-01,C1079,Laptop,881.0,349.9086535335305,PayPal ,Pending
T4499,2025-02-30,C1738,Tablet,-5.0,255.56009902815433,credit card,Failed
T4500,2025-02-30,C448,Tablet,400.0,,pay pal,Completed
T4501,2025-02-30,C3538,Laptop,4.0,-850.5971720097072,pay pal,Failed
T4502,2025-02-30,C4050,Coffee Machine,-3.0,958.0749063674489,Credit Card,Failed
T4503,2023-05-25,C815,Tablet,5.0,,pay pal,complete
T4504,2023-04-06,C2259,Coffee Machine,247.0,-577.3871180387489,credit card,complete
T4505,2025-02-30,C2310,Coffee Machine,7.0,-843.6385292134348,credit card,completed
T4506,2025-02-30,C4149,Coffee Machine,501.0,-938.6694525679748,pay pal,completed
T4507,2023-13-01,C4916,Headphones,9.0,-211.94725527121068,PayPal ,Failed
,2024-04-29,C1741,Coffee Machine,-7.0,$729.46,Credit Card,Pending
,2023-13-01,C3064,Laptop,767.0,91.91529156661076,Credit Card,Failed
T4510,2023-13-01,C3544,Headphones,-9.0,,credit card,complete
T4511,2025-02-30,C3085,Coffee Machine,5.0,$-544.77,Credit Card,Pending
T4512,2025-02-30,C025,Headphones,768.0,,pay pal,complete
T4513,,C1691,Smartphone,8.0,,Credit Card,Pending
T4514,2023-13-01,C3734,Smartphone,719.0,-345.97779359834124,Credit Card,
T4515,2024-04-07,C2736,Laptop,-10.0,-816.7120982834892,pay pal,complete
T4516,,C3109,Tablet,-2.0,-991.9138209690051,PayPal ,completed
T4517,2023-13-01,C4159,Laptop,-3.0,-833.0939997725189,PayPal,
T4518,,C856,Laptop,133.0,387.43913050928813,PayPal,Failed
T4519,2020-08-23,C2470,Laptop,9.0,-828.9607361584822,Credit Card,Failed
,2025-02-30,C2523,Coffee Machine,480.0,-470.15599366428444,credit card,Failed
T4521,2023-13-01,C576,Smartphone,599.0,677.2792571530573,PayPal,completed
T4522,2023-13-01,C332,Smartphone,-1.0,-781.3021531249334,PayPal,completed
T4523,2023-13-01,C2882,Laptop,3.0,-270.58540461229063,Cash,Failed
T4524,2023-13-01,C4975,Smartphone,699.0,411.84937831940675,pay pal,
,2023-13-01,,Smartphone,-7.0,-619.8622562523141,PayPal,completed
T4526,2023-13-01,,Ta,-10.0,737.8764253418183,PayPal ,Failed
T4527,2023-13-01,C3768,Coffee Machine,467.0,938.8853158653105,creditcard,
T4528,2023-13-01,C3875,Coffee Machine,4.0,$-172.46,credit card,Failed
T4529,2023-13-01,C4477,Laptop,9.0,,Credit Card,Pending
T4530,2025-02-30,C3772,Laptop,876.0,165.72510885801228,creditcard,Failed
T4531,2025-02-30,C3295,Headphones,9.0,-297.66537394994145,credit card,Failed
,2024-06-22,C2016,Sm,10.0,942.0495748962518,pay pal,complete
T4533,2023-13-01,C3469,Tablet,,323.28391010007266,credit card,Pending
,2025-02-30,,Smartphone,3.0,772.6951212868069,pay pal,complete
T4535,2023-13-01,C1369,Smartphone,242.0,,Credit Card,Pending
T4536,2020-05-22,C4775,Coffee Machine,431.0,-681.3152252676814,Credit Card,Failed
T4537,2023-13-01,C4813,Tablet,-6.0,-141.44688946360816,PayPal ,Completed
T4538,2025-02-30,C1729,Lapt,-5.0,83.20735375205325,creditcard,Failed
T4539,2020-07-17,C3223,Headphones,8.0,570.6266676736255,Cash,completed
T4540,2021-01-28,C2192,Laptop,8.0,411.6091414722544,Cash,completed
T4541,2025-02-30,C1655,Laptop,655.0,-235.55629086353792,Cash,completed
T4542,2023-13-01,C2927,Tablet,335.0,-377.16493726158,PayPal ,Pending
T4543,2023-13-01,C1291,Tablet,7.0,-940.9044371833753,credit card,Completed
T4544,2023-13-01,C2906,Headphones,-3.0,,PayPal ,complete
T4545,2025-02-30,C1376,Tablet,-3.0,653.6275181084212,Credit Card,completed
T4546,2023-13-01,C4922,Tablet,9.0,-918.9819869349179,PayPal ,Pending
T4547,2025-02-30,C2639,Laptop,708.0,954.0505503799353,creditcard,complete
T4548,2023-13-01,C280,Smartphone,-7.0,399.16656626616236,Credit Card,complete
T4549,2023-13-01,C791,Coffee Machine,-9.0,,pay pal,complete
T4550,2021-01-06,C4111,Tablet,-10.0,,credit card,Failed
T4551,,C1364,Headphones,792.0,608.8990165502604,PayPal ,Pending
T4552,2021-05-21,C227,Coffee Machine,588.0,,Cash,Failed
T8126,2021-05-25,C2396,Smartphone,-4.0,335.9920520635594,PayPal,completed
T4554,2021-01-08,C4205,Tablet,10.0,,PayPal ,Failed
T4555,2023-13-01,C2856,Laptop,1.0,471.5229416669808,Cash,complete
,2024-05-20,C4893,Coffee Machine,4.0,500.2687801326704,pay pal,Pending
T4557,2025-02-30,C3747,Smartphone,291.0,296.47322639930985,pay pal,Completed
T4558,2023-13-01,C2209,Tablet,8.0,550.6902938782443,Credit Card,
T4559,2023-09-09,C3378,Headphones,989.0,895.7569643092638,PayPal,complete
T4560,2023-13-01,C1155,Coffee Machine,7.0,314.29764020449926,PayPal ,completed
T4561,2023-13-01,C3822,Coffee Machine,-8.0,-917.0232049000292,pay pal,Completed
T4562,2023-13-01,C3864,Tablet,-5.0,,Credit Card,Failed
,2025-02-30,C881,Coffee Machine,664.0,-769.0584696490956,pay pal,
T4564,2023-13-01,,Coffee Machine,-7.0,,pay pal,Failed
,2025-02-30,C2804,Coffee Machine,-4.0,$148.74,Credit Card,Completed
T4566,2022-06-21,C1011,Headphones,733.0,$-308.98,Cash,complete
T4567,2023-04-18,C3961,Smartphone,2.0,-688.6988677062952,PayPal,Completed
T4568,2023-13-01,C3381,Smartphone,5.0,-371.62239941050336,creditcard,complete
T4569,2023-13-01,C451,Headphones,-5.0,,PayPal,complete
T4570,2023-09-03,C2158,Laptop,318.0,952.8654970135926,PayPal,
T4571,2023-13-01,C4592,Smartphone,6.0,-120.22523765957249,Credit Card,Pending
T4572,2023-11-24,C2092,Smartphone,8.0,-784.9347299237193,PayPal ,Completed
,2022-03-16,C1140,Laptop,177.0,-880.7675927331904,credit card,complete
T4574,2025-02-30,C4185,Coffee Machine,140.0,242.13269402702835,Cash,Pending
T4575,2025-02-30,C1463,Laptop,640.0,133.1872424677272,PayPal,
T4576,2023-04-19,C2628,Tablet,10.0,962.3776368849466,creditcard,Pending
T4577,2025-02-30,C4416,Coffee Machine,470.0,,credit card,Completed
T4578,2025-02-30,C1367,Headphones,4.0,,pay pal,Pending
T4579,2025-02-30,C663,Coffee Machine,-8.0,-203.8697744742242,PayPal,completed
T4580,2025-02-30,C3742,Smartph,589.0,$754.73,PayPal ,complete
T4581,2020-05-23,C3038,Laptop,4.0,-829.6329097844258,PayPal ,
T4582,2020-06-06,C153,Tablet,,,Credit Card,complete
T4583,2023-13-01,C4060,Tablet,-10.0,,pay pal,completed
T4584,2025-02-30,C221,Coffee Machine,3.0,-842.2038546619406,credit card,completed
T4585,2020-09-30,C3726,Smartphone,451.0,-247.12598536797145,Credit Card,Failed
T4586,,C2759,Headpho,9.0,,Cash,Pending
T4587,2025-02-30,C3700,Tablet,1.0,841.5367815308297,Cash,complete
T4588,2023-13-01,C1518,Coffee Machine,-1.0,862.6012126651341,Cash,completed
T4589,2023-13-01,C991,Coffee Machine,292.0,,credit card,Pending
T4590,2023-13-01,C1345,Laptop,7.0,,Credit Card,Completed
T4591,2025-02-30,C3944,Coffee Machine,-1.0,-106.95399436477192,Cash,Failed
T4592,2025-02-30,C3032,Laptop,707.0,734.7220473981856,creditcard,completed
T4593,,,Tablet,563.0,-619.6171428128832,PayPal ,
T4594,2020-09-13,C1141,Tablet,395.0,830.4759207921171,PayPal ,complete
T4595,2023-13-01,C1224,Coffee Machine,5.0,-865.4722458222647,creditcard,
T4596,2023-13-01,C1882,Laptop,9.0,591.8301578119218,PayPal,Pending
,2023-13-01,,Smartphone,6.0,,Credit Card,Completed
T4598,2025-02-30,C2935,Headphones,,398.3265388708135,PayPal,Failed
T4599,2022-02-07,C3753,Coffee Machine,-10.0,785.1185151478084,PayPal,
T4600,2022-05-26,C3690,Smart,893.0,-588.3530822117448,credit card,completed
T4601,2023-13-01,C3864,Smartphone,9.0,,creditcard,completed
T4602,2023-13-01,C3707,Headphones,162.0,-206.17769028496673,PayPal ,
T4603,2023-13-01,C2845,Smartphone,345.0,,Credit Card,Failed
,2023-13-01,C3122,Coffee Machine,4.0,,creditcard,complete
T4605,2025-02-30,C4682,Lap,4.0,-898.5018609344183,PayPal ,Failed
,2021-05-23,C4885,C,8.0,-487.2283768215176,pay pal,Completed
T4607,2025-02-30,C092,Smartphone,-5.0,-692.5074044950553,creditcard,
T4608,2025-02-30,C3664,Laptop,-10.0,,creditcard,Completed
T4609,2023-13-01,C3859,Smartphone,782.0,,PayPal,Failed
T4610,2025-02-30,C3376,Tablet,5.0,-425.48281051527204,PayPal ,
T4611,2020-08-02,C681,Laptop,558.0,544.1396693939508,Cash,Pending
T4612,2023-13-01,C3942,Tablet,684.0,459.7891783230286,PayPal,Pending
T4613,2025-02-30,C4091,Smartphone,252.0,-748.0078407775004,creditcard,Completed
T4614,2023-11-06,C2184,Headphones,10.0,,credit card,Failed
T4615,2025-02-30,C2668,Tablet,898.0,-458.72618052644486,pay pal,
T4616,2024-11-10,C4946,Headphones,3.0,-719.3467888529285,credit card,completed
T4617,2020-04-28,C2583,Smartphone,1.0,,credit card,
T4618,2023-13-01,C2140,Smartphone,899.0,,pay pal,Failed
T4619,2020-05-28,C3079,Coffee Machine,882.0,,credit card,completed
T4620,2025-02-30,C610,Smartphone,9.0,,PayPal ,Completed
T4621,2025-02-30,C4230,Smartphone,-10.0,-227.74404518198412,PayPal,Failed
T4622,2023-13-01,C835,Smartphone,9.0,987.506124894771,creditcard,Pending
T4623,2022-04-19,C369,Laptop,4.0,,PayPal ,Pending
,2024-01-28,C028,Coffee Machine,-3.0,,PayPal ,Failed
T4625,2023-13-01,C1214,Coffee Machine,3.0,-533.8316734268462,pay pal,Completed
,2020-11-24,C2328,Laptop,-6.0,-859.6660013254836,pay pal,Completed
T4627,2023-13-01,C696,Smartphone,417.0,-552.7874430941688,credit card,Failed
T4628,2025-02-30,,Tablet,405.0,,pay pal,Completed
T4629,2025-02-30,C4482,Smartphone,-3.0,,Credit Card,completed
T4630,2025-02-30,C2544,Laptop,720.0,,pay pal,Failed
T4631,2023-13-01,C3956,Smartphone,-1.0,57.17483796123728,Credit Card,complete
T4632,2020-01-07,C2058,Smartphone,474.0,-575.1284013603304,Cash,Pending
T4633,2021-08-05,C101,Laptop,-6.0,$-501.71,Credit Card,Completed
T4634,2022-02-12,C3269,Tablet,641.0,,PayPal ,Failed
T4635,2025-02-30,C951,Smartphone,7.0,,pay pal,Completed
T4636,2025-02-30,C3774,Smart,-3.0,,PayPal ,Completed
,2025-02-30,C1537,Headphones,558.0,-845.2046480478202,PayPal ,Completed
T4638,2025-02-30,C379,Headphones,350.0,953.2766835141113,PayPal,Completed
T4639,2025-02-30,C4546,Coffee Machine,10.0,719.2715953620004,creditcard,completed
T4640,2020-05-30,C2658,S,8.0,-750.1905823063602,PayPal ,Pending
T4641,2025-02-30,C2090,Tablet,-4.0,-991.3273151069493,PayPal ,Completed
T4642,2022-04-11,C3983,Tablet,1.0,-673.2832313285488,Cash,completed
T4643,2023-13-01,C2678,Tablet,340.0,,PayPal,completed
T4644,2025-02-30,C1708,Headphones,10.0,-395.9684042123122,pay pal,complete
T4645,2023-13-01,C2766,Laptop,-6.0,-570.1641345343996,Cash,Pending
T4646,2022-04-19,C694,Lap,-2.0,-595.9262747074408,Cash,
T4647,2025-02-30,C3575,Headphones,-2.0,-954.8867279064805,Cash,Failed
T4648,2023-12-08,,Coffee Machine,5.0,-334.1908941779499,Cash,
T4649,2023-13-01,C4636,Tablet,-3.0,$56.17,pay pal,Pending
T4650,2023-13-01,C4362,Lapt,484.0,,credit card,
T4651,,C1204,Coffee Machine,-7.0,-79.03529657662716,pay pal,Pending
T4652,2021-03-28,C833,Headphones,-6.0,-755.3302240420068,Cash,Pending
,2025-02-30,C810,Headphones,513.0,874.2930073907363,PayPal,
T83261,2023-13-01,C1128,Tablet,10.0,,credit card,complete
T4655,2023-13-01,C3820,Laptop,-1.0,476.48053251690436,credit card,Completed
T4656,2023-13-01,C3359,Cof,-7.0,679.5670170907341,creditcard,complete
T4657,2025-02-30,C4416,Headphones,687.0,,creditcard,completed
T4658,2025-02-30,C2107,Lapt,-6.0,399.1948874729196,PayPal ,
T4659,2025-02-30,C3876,Laptop,5.0,648.6593471260197,Cash,Failed
T4660,2023-13-01,C559,Smartphone,-2.0,387.48674299518547,creditcard,Pending
T76665,2023-13-01,C2110,Headphones,-3.0,$515.46,Cash,Completed
T4662,2021-09-23,C819,Headphones,-2.0,$-376.96,PayPal,completed
,2025-02-30,C2793,Headphones,-6.0,984.9407012445272,Credit Card,Pending
T4664,2023-13-01,C4668,Headphones,3.0,680.2705932278293,PayPal,completed
T4665,2025-02-30,C1097,Coffee Machine,-4.0,-341.60910011718374,Credit Card,complete
T4666,2023-13-01,C3515,Smartphone,128.0,,creditcard,completed
T4667,2025-02-30,C311,Headphones,-5.0,,credit card,complete
T4668,2023-07-31,C3079,Laptop,307.0,705.2695704317255,PayPal,Pending
T4669,2023-04-13,C2783,Headphones,8.0,,credit card,complete
T4670,2023-13-01,C1210,Coffee Machine,248.0,-880.1494482786529,Credit Card,completed
T4671,2023-13-01,C3867,Headphones,-3.0,-386.325909917549,credit card,Completed
,2025-02-30,C3399,Tablet,303.0,78.94398788564635,Credit Card,Pending
T4673,2021-01-15,C3789,Laptop,-4.0,$752.97,creditcard,complete
T4674,2025-02-30,C4972,Headphones,928.0,,PayPal ,Failed
T4675,2024-10-09,C4309,Tablet,207.0,-649.7877588309517,PayPal ,Pending
T4676,2023-13-01,C2463,Coffee Machine,-7.0,,Credit Card,Completed
T4677,2025-01-01,C1933,Laptop,-2.0,-79.5669039020197,pay pal,Pending
T4678,2023-13-01,C4312,Coffee Machine,136.0,,PayPal,Pending
T4679,,C082,Smartph,857.0,,PayPal,complete
T4680,2025-02-30,C3228,Coffee Machine,-4.0,-978.0932839139878,PayPal,complete
T4681,2021-07-05,C417,Tablet,4.0,,PayPal ,Completed
T4682,2023-13-01,C4313,Coffee Machine,-5.0,$-772.52,Credit Card,Pending
T4683,2023-05-06,C467,Tablet,6.0,602.0593123214447,Credit Card,completed
T4684,2020-12-11,C951,Headphones,861.0,475.02036594825853,PayPal,
T4685,2021-04-13,C2444,Laptop,-8.0,$-890.48,Credit Card,complete
T4686,2023-06-21,C4148,Headphones,3.0,118.30036537068939,Credit Card,
T4687,2025-02-30,C4290,Headphones,1.0,-297.37043366636556,Cash,Pending
T4688,2024-12-13,C1340,Laptop,-7.0,664.9556184944314,PayPal,Pending
T4689,2023-13-01,C351,Laptop,1.0,,credit card,Failed
T4690,2022-10-11,C161,Coffee Machine,-9.0,,Credit Card,Pending
T4691,2025-02-30,C3373,Headphones,897.0,386.518603431972,Cash,
T4692,2023-13-01,C997,Smartphone,751.0,-708.3073539143915,credit card,
,2023-13-01,C3424,Tablet,10.0,,PayPal,complete
T4694,2021-05-16,C4749,Coffe,5.0,,credit card,Pending
T4695,2025-02-30,C3363,Coffee Machine,1000.0,,pay pal,complete
T4696,2022-06-08,C2746,Coffee Machine,418.0,367.7847658235623,credit card,complete
T4697,2023-13-01,C385,Laptop,845.0,-399.9269097464861,pay pal,complete
T4698,2025-02-30,C3403,Coffee Machine,9.0,368.64474056120696,Credit Card,complete
T4699,2023-13-01,C877,Headphones,7.0,-277.11338389014406,Credit Card,Pending
T4700,2020-05-08,C1784,Sm,10.0,,creditcard,Pending
T4701,2025-02-30,C3103,Coffee Machine,-4.0,,pay pal,
T4702,2025-02-30,C2083,Laptop,632.0,,Cash,completed
T4703,2024-02-07,C2450,Laptop,284.0,-342.71086745755485,Credit Card,
T4704,2025-02-30,C3082,Headphones,4.0,-187.43403286108628,PayPal,Pending
T4705,2023-13-01,C1799,Tablet,-2.0,568.6465545834839,credit card,completed
T4706,,C3191,Coffee Machine,479.0,,Cash,Pending
T4707,2023-13-01,,Laptop,518.0,-522.2171264185203,creditcard,completed
T4708,2023-12-28,C4825,Hea,-9.0,,PayPal,completed
T4709,2022-02-15,C541,Smar,-5.0,691.0984097040842,Cash,completed
T4710,2025-02-30,C514,Laptop,499.0,213.14328572138396,pay pal,Failed
T4711,2023-13-01,C4333,Laptop,8.0,,PayPal,
T82807,2023-13-01,C3290,Headphones,6.0,,Credit Card,completed
T4713,2025-02-30,C394,Coffee Machine,3.0,540.5323812379377,Cash,completed
T4714,2023-13-01,C266,Headphones,9.0,,PayPal ,complete
T4715,2024-06-12,C2508,Laptop,,-903.5378893630011,Cash,
T4716,2023-13-01,C2857,Headphones,7.0,-978.7363243640566,Credit Card,Failed
T4717,2021-04-15,C4597,Laptop,3.0,,PayPal ,completed
T4718,2023-13-01,C242,Headphones,519.0,,Cash,Pending
T4719,2023-13-01,C3776,Laptop,863.0,,creditcard,
T4720,2024-05-03,C4031,Tablet,7.0,425.0480711559229,credit card,
T4721,2022-05-11,C3129,Tablet,257.0,,Cash,Completed
T4722,2025-02-30,C3532,Tablet,236.0,-138.74595183685426,pay pal,
T4723,2022-11-06,C3713,Laptop,-4.0,,credit card,Failed
T4724,2023-13-01,C1542,Smartphone,-2.0,,PayPal ,Pending
T4725,2023-07-22,C2131,Tablet,4.0,123.44866982690056,Cash,completed
T4726,2023-13-01,C4202,Tablet,303.0,334.923062396224,PayPal ,complete
T4727,2022-08-01,C1172,Laptop,-3.0,-102.43979751487632,PayPal,completed
T4728,2021-04-01,C3182,Coffee Machine,-9.0,175.4542817258239,PayPal ,completed
T4729,2025-02-30,,Head,-2.0,-854.7968070298514,credit card,
T4730,2023-13-01,C3558,Coffee Machine,6.0,-720.4252027993484,creditcard,Completed
T4731,2023-08-05,,Coffee Machine,-3.0,,Cash,Completed
T4732,2025-02-30,C1297,Headpho,7.0,,Cash,Pending
T4733,2023-13-01,C4715,Coffee Machine,,,pay pal,complete
T4734,2025-02-30,C2249,Laptop,285.0,,Credit Card,Completed
T4735,2021-03-01,,Headphones,407.0,507.7398250434192,Credit Card,Completed
T4736,2025-02-30,C389,Coffee Machine,537.0,$-573.92,Credit Card,complete
T4737,2025-02-30,C4913,Smartphone,-8.0,-948.3544799071509,Credit Card,Failed
T4738,2025-02-30,,Tablet,874.0,,PayPal,completed
T4739,2023-13-01,C1284,Headphones,749.0,-186.16682961238587,Credit Card,completed
T4740,2023-13-01,C1863,Laptop,-9.0,628.7742805749127,PayPal ,Pending
T4741,2023-13-01,C4983,Coffee Machine,591.0,,Credit Card,Completed
T4742,2023-13-01,C3873,Laptop,-8.0,,PayPal,complete
T4743,2020-02-16,C1489,Tablet,966.0,,Credit Card,Completed
,2021-02-16,C3807,Coffee Machine,-8.0,-866.9629765945687,credit card,completed
T4745,2025-02-30,,Headphones,904.0,,Credit Card,Failed
T4746,2023-13-01,C870,Headphones,7.0,$-551.65,Cash,Failed
T4747,2023-07-01,C084,Coffee Machine,4.0,584.6947814385778,pay pal,completed
T4748,2024-12-31,C392,Coffee Machine,-7.0,,credit card,Pending
T4749,2023-09-04,C1717,Smartphone,778.0,464.93382454064067,PayPal,completed
,2020-12-12,,Laptop,899.0,270.61824172735714,creditcard,
T4751,2021-07-31,,Coffee Machine,-9.0,$-710.50,creditcard,Failed
T4752,2025-02-30,C2291,Smartphone,474.0,,PayPal,Completed
T4753,2023-13-01,C4673,Headphones,-3.0,-884.5623475268874,PayPal,Failed
T4754,2021-07-06,C656,Coffee Machine,7.0,,PayPal,Failed
T4755,2023-13-01,C4984,Tablet,-1.0,277.61432890852416,PayPal,Failed
T4756,2025-02-30,C265,Headphones,-9.0,-732.529187046222,credit card,Completed
T4757,2024-01-22,C4372,Coffee Machine,935.0,-804.5562180494888,creditcard,
,2025-02-30,C3270,Coffee Machine,576.0,-688.714624050285,credit card,completed
T4759,2025-02-30,,Laptop,6.0,-185.60918402370874,Credit Card,Completed
T4760,2025-02-30,C1504,Tablet,3.0,,credit card,complete
T4761,2021-11-03,C4116,Smar,5.0,,PayPal,
T4762,2025-02-30,C2816,Tablet,374.0,,PayPal,Completed
T4763,,C3358,Laptop,-5.0,$197.57,Credit Card,complete
T4764,2024-01-10,C4119,Smartphone,3.0,-953.0127201466944,PayPal,
,2023-13-01,C2310,Tablet,470.0,,credit card,Failed
T4766,2025-02-30,C2764,Laptop,-9.0,804.1307439292319,PayPal,Failed
T4767,2023-13-01,C4408,Headphones,891.0,-397.92226552905663,credit card,Completed
T4768,2023-13-01,C1732,Tablet,4.0,,Cash,Failed
T4769,2024-10-13,C608,Coffee Machine,9.0,-224.81539892062756,Credit Card,Failed
T4770,2023-13-01,C3423,Smartphone,784.0,,Credit Card,complete
T4771,2025-02-30,C1879,Headphones,-2.0,-514.6679093294072,credit card,
T4772,2023-13-01,C2571,Headphones,5.0,,creditcard,completed
T4773,2025-02-30,C3010,Tablet,6.0,-260.61198540568057,Credit Card,completed
T4774,2022-08-02,C396,Tablet,8.0,176.84409340143907,credit card,
T4775,2023-13-01,C471,Laptop,776.0,,Credit Card,Completed
T4776,2024-09-24,C4992,Laptop,992.0,-429.5651899174902,creditcard,
T4777,2023-13-01,C1766,Tablet,4.0,,PayPal ,completed
T4778,2023-02-11,C1608,Coffee Machine,-5.0,,Credit Card,Pending
T4779,2023-13-01,,Smartphone,226.0,,credit card,completed
T4780,2022-05-19,C3094,Coffee Machine,5.0,858.5517953617881,credit card,Pending
T4781,2022-10-03,C3863,Headphones,,,PayPal,Completed
T4782,2025-02-30,C3251,Headphones,-6.0,-587.9993041305997,credit card,Completed
T4783,2023-13-01,C841,Tablet,650.0,147.71082322161658,PayPal ,complete
T4784,2023-13-01,C2015,Coffee Machine,844.0,,credit card,Failed
T4785,2023-13-01,,Smartphone,695.0,,pay pal,
T4786,2022-05-21,C4153,Smar,599.0,-501.9576575515652,Credit Card,Failed
T4787,2025-02-30,C1925,Headphones,3.0,690.7427079846564,credit card,complete
T4788,2021-12-27,C1041,Smartphone,-2.0,116.81424739637824,credit card,Failed
T4789,2023-13-01,C3806,Smartphone,332.0,,creditcard,Failed
T4790,2024-12-03,C2711,Smartphone,283.0,679.7985872600588,pay pal,Completed
T4791,2023-13-01,C2737,Headphones,2.0,,creditcard,
T4792,2025-02-30,C3267,Coffee Machine,817.0,-541.171548128204,Cash,Completed
T4793,2023-13-01,,Tablet,180.0,-745.9954794164688,pay pal,Failed
T4794,2023-13-01,C3781,Lapt,8.0,,Cash,
T4795,2025-02-30,C4598,Headphones,-3.0,$-425.66,PayPal ,complete
T4796,2023-13-01,C295,Tablet,-5.0,87.72594819731418,PayPal ,complete
T4797,2020-08-16,C2773,Smartphone,-10.0,,Cash,Failed
T4798,2023-13-01,C2360,Tablet,734.0,,PayPal,Completed
T4799,2023-07-02,C4062,Tablet,-6.0,222.56701472067104,creditcard,Completed
T4800,2023-13-01,C163,Headphones,7.0,-738.2447325314163,creditcard,complete
T4801,2024-04-16,,Smartphone,7.0,-847.8459331471358,credit card,Failed
T4802,2023-13-01,C1918,Smartphone,431.0,-395.6908806951475,Cash,complete
T4803,2023-13-01,C4370,Coffee Machine,-4.0,,pay pal,completed
T4804,,C3347,Laptop,9.0,-280.9039025221566,pay pal,Failed
T4805,,C3018,Laptop,4.0,300.3175355026775,Cash,
T4806,2025-02-30,C2252,Laptop,2.0,,Cash,completed
T4807,2022-08-01,C3356,Smartphone,653.0,207.3327581538217,pay pal,completed
T4808,2021-05-13,C4100,Smartphone,8.0,-781.1706584784513,Cash,Pending
T4809,2025-02-30,,Coffee Machine,246.0,191.31947833345842,PayPal ,
T4810,2024-11-25,C2474,Headphon,390.0,938.9171113307344,PayPal ,Pending
T4811,,C4436,Headphones,5.0,-528.3828383038149,PayPal ,
T4812,2023-13-01,C1604,Coffee Machine,-6.0,-622.018557787155,Cash,Failed
T4813,2025-02-30,C4750,Headphones,-10.0,733.4063311723719,credit card,
T4814,2025-02-30,C4759,Smartphone,,785.1055316495142,pay pal,completed
T4815,2024-06-26,C1345,Coffee Machine,140.0,496.62325515254486,Cash,Completed
T4816,2023-05-04,C3781,Headphones,971.0,,Credit Card,Completed
T4817,2023-13-01,C756,Laptop,170.0,-461.44380335792755,Cash,
T4818,2022-12-17,,Headphones,981.0,916.0974077889396,pay pal,Completed
T4819,,C1007,Tablet,990.0,,pay pal,Completed
T4820,2025-02-30,C3328,Coffee Machine,7.0,-643.4814035894178,Cash,completed
T4821,2023-13-01,C4548,Smartphone,-10.0,-976.6413779306872,pay pal,Completed
T4822,2022-05-31,C2166,Headphones,984.0,68.95475253281874,PayPal ,complete
T4823,2023-13-01,C1635,Headphones,-5.0,$-110.16,PayPal,Pending
T4824,2023-13-01,C3035,Coffee Machine,467.0,,Credit Card,
T4825,2025-02-30,C1902,Coffee Machine,826.0,,Cash,Completed
T4826,2023-13-01,C3389,Headp,734.0,456.03560325297695,Credit Card,Completed
T4827,2023-13-01,C4968,Laptop,417.0,490.94877212856477,PayPal ,completed
T4828,2025-02-30,C3861,Laptop,-3.0,413.3979228580894,PayPal ,Failed
T4829,2025-02-30,C3112,Tablet,1.0,-521.7907007955184,Credit Card,Completed
T4830,2022-06-22,C3048,Smartphone,3.0,,credit card,completed
,2023-13-01,C1432,Tablet,294.0,,PayPal,Failed
T4832,2020-08-29,C507,Coffee Machine,955.0,111.22492598228825,pay pal,
T4833,2021-03-01,C4051,Headphones,863.0,202.1652182571496,pay pal,completed
T4834,,C4719,Headphones,587.0,-198.33134559674238,pay pal,
T4835,,C2920,Laptop,7.0,-50.360489708362934,Cash,completed
T4836,2025-02-30,C3396,Coffee Machine,-2.0,738.2193907120612,PayPal,complete
T4837,2023-09-03,C1587,Headphones,,,credit card,complete
T4838,2025-02-30,C4743,Coffee Machine,648.0,-251.13501029423276,Credit Card,Failed
T4839,2021-10-03,C4508,Smartphone,9.0,,pay pal,Pending
T4840,2020-12-29,C3239,Laptop,3.0,-542.08193174177,Credit Card,Pending
T4841,2023-13-01,C3887,Laptop,8.0,$64.53,creditcard,Failed
T4842,,C3056,Laptop,4.0,,Cash,completed
T4843,2021-08-12,C2054,Smartphone,4.0,,PayPal ,Completed
T4844,2023-08-13,C4027,Tablet,8.0,679.0949394796507,pay pal,Completed
T4845,2024-12-21,C1337,Smartphone,-10.0,,PayPal,completed
T4846,2025-02-30,C331,Tablet,,-412.29179490642707,pay pal,
T4847,2023-13-01,C073,Laptop,-10.0,-841.6478615350093,PayPal,completed
T4848,2024-07-05,C4636,Tablet,522.0,$-121.79,PayPal,completed
T4849,2023-13-01,C1460,Laptop,9.0,287.6887538996082,Cash,Failed
T4850,2020-12-05,,Headphones,-9.0,$-452.82,pay pal,Completed
T4851,2025-02-30,C430,Laptop,-5.0,$610.99,creditcard,Failed
T4852,2023-13-01,C3035,Smartphone,3.0,-800.3052803067866,PayPal,Completed
T4853,2023-13-01,C4659,Coffee Machine,-10.0,,creditcard,Pending
T4854,2021-02-26,C3506,Coffee Machine,4.0,-256.4432655370864,credit card,
T4855,2020-04-13,C128,Smartphone,178.0,-527.7483016988311,PayPal,Failed
T4856,2023-13-01,C4423,Headphones,,$-865.13,PayPal ,complete
T4857,2025-02-30,C4621,Laptop,743.0,,creditcard,Pending
T4858,2020-10-13,,Laptop,1.0,-917.9660455185668,PayPal ,Completed
T4859,2023-10-22,C1569,Headphones,-7.0,,PayPal ,
,2025-02-30,C3212,Headphones,202.0,$563.50,Credit Card,complete
T4861,2025-01-30,C2954,Laptop,,-847.8323922257505,Credit Card,completed
T4862,2020-02-19,C3274,Coffee Machine,3.0,-334.08608713236913,Cash,completed
T4863,2023-08-29,C1096,Smartphone,-7.0,245.0711745958184,PayPal ,Pending
T4864,2025-02-30,C060,Coffee Machine,-1.0,-319.75683445392053,pay pal,complete
T4865,2023-13-01,C4171,Laptop,8.0,680.7033550344428,Credit Card,complete
T4866,2020-01-18,C879,Smartphone,1.0,318.55473313657035,Cash,Pending
T4867,2021-01-30,C1776,Headphones,778.0,,credit card,Failed
T4868,2022-05-21,C3333,Headphones,-10.0,,Cash,complete
T4869,,C388,Headphones,9.0,,creditcard,Pending
T4870,2023-13-01,C3941,Smartphone,2.0,635.3176650501322,Credit Card,complete
T4871,2025-02-30,C1607,Laptop,5.0,-81.6785809883097,Credit Card,Pending
T4872,2022-09-01,C1480,Headphones,7.0,-373.5978994617159,credit card,Completed
T4873,2025-01-22,C647,Coffee Machine,-5.0,,Cash,
,2025-02-30,C342,Tablet,903.0,962.8451128033303,pay pal,Failed
T4875,2023-13-01,C4447,Headphones,736.0,-524.6132593731933,creditcard,Failed
T4876,2023-13-01,C056,Tablet,8.0,,PayPal ,
T4877,2025-02-30,C353,Tablet,1.0,-125.2691256751441,creditcard,complete
T4878,2023-13-01,,Laptop,6.0,,creditcard,completed
T4879,2024-10-23,C1206,Coffee Machine,-1.0,365.2636583949847,Cash,
T4880,2025-02-30,C1762,Laptop,-2.0,,Cash,Completed
T4881,2020-08-27,C4225,Laptop,643.0,926.657923703918,Cash,Pending
T4882,2025-02-30,C1843,He,717.0,249.16666876711574,PayPal,complete
T4883,2023-13-01,,Tablet,321.0,$583.88,Credit Card,completed
T4884,2024-02-24,C832,Smartphone,1.0,873.9032765498125,pay pal,Failed
T4885,2020-10-19,C3558,Smartphone,8.0,,pay pal,Pending
T4886,2024-02-22,C4666,Headphones,9.0,465.67964135343686,Cash,completed
T4887,2025-02-30,C4914,Headphones,184.0,-408.6934415922858,credit card,Completed
T4888,2025-02-30,C432,Coffee Machine,656.0,-68.23696353376795,pay pal,Completed
T4889,2025-02-30,C2090,Tablet,10.0,$-105.45,PayPal ,Pending
T4890,2024-07-01,C2992,Smartphone,-10.0,121.89654508017648,Credit Card,completed
T4891,2025-02-30,C651,Laptop,,-796.4473138200157,pay pal,Completed
T4892,2025-02-30,C3297,Headphones,-5.0,-681.7598198451024,pay pal,Failed
T4893,2024-01-13,C4059,Tablet,2.0,415.5421407633478,credit card,Failed
T4894,2025-02-30,C683,Laptop,7.0,-386.3530111371348,PayPal ,
T4895,2023-13-01,C3198,Laptop,10.0,,pay pal,Completed
,2025-02-30,C849,Tablet,433.0,,pay pal,Completed
T4897,2023-13-01,C2836,Tablet,-1.0,-57.276987805969156,credit card,
T4898,2023-13-01,C853,Coffee Machine,240.0,,Credit Card,Pending
T4899,2023-13-01,C1325,Tablet,4.0,-947.6935584968895,creditcard,complete
T4900,2023-13-01,C3838,Tablet,3.0,-326.937029402588,PayPal,completed
T4901,2023-13-01,C1735,Headphones,1.0,-428.0565941399909,PayPal,Pending
T4902,2023-13-01,C2678,Tablet,3.0,331.9318213589022,pay pal,complete
T4903,2021-08-29,C637,Coffee Machine,793.0,-728.4809473081289,Cash,
T4904,2025-02-30,C1904,Coffee Machine,889.0,967.0261801074803,PayPal ,Failed
T4905,2023-07-21,C752,Coffee Machine,652.0,296.76878551044956,PayPal,completed
T4906,2025-02-30,C859,Tablet,599.0,,pay pal,complete
T4907,2023-13-01,C3427,Coffee Machine,-9.0,780.5132239453684,PayPal ,Failed
T4908,2023-10-01,C4870,Smartphone,437.0,,Credit Card,Completed
T4909,2023-13-01,C983,Laptop,4.0,-506.06078315386105,PayPal ,Pending
T4910,2021-06-18,C4981,Laptop,1.0,965.7126943852155,credit card,Failed
T4911,2025-02-30,C037,Laptop,5.0,287.0548078053086,PayPal ,completed
T4912,2024-06-04,C3508,Smartphone,-4.0,-276.7775516258562,pay pal,Pending
T4913,2021-07-25,C3860,Smartphone,270.0,-381.93725910508533,Credit Card,
T4914,2025-02-30,C1696,Tablet,10.0,-274.29870737824683,PayPal,Completed
T4915,2025-02-30,C4666,Smartphon,2.0,-69.84763816957377,PayPal,Failed
T4916,2024-12-21,C874,Tablet,-5.0,999.5709056568893,PayPal,completed
T4917,2025-02-30,C2362,Headphones,10.0,556.0983618485822,PayPal,Failed
T4918,2022-07-10,C2635,Coffee Machine,-3.0,-327.7244114593659,pay pal,Completed
T4919,2025-02-30,C1761,Tablet,2.0,908.865082733264,pay pal,
T4920,2023-13-01,C2150,Headphones,-9.0,,PayPal,completed
T4921,2023-13-01,C2934,Smartphone,-10.0,444.0771420958493,pay pal,complete
T4922,2023-13-01,C143,Coffee Machine,,,PayPal ,complete
T4923,2023-13-01,C824,Lapt,187.0,,Cash,Completed
T4924,2021-06-21,,Tablet,10.0,-775.8187713728935,pay pal,
T4925,2023-13-01,C3066,Coffee Machine,7.0,96.40378826937,pay pal,complete
T4926,2025-02-30,C1828,Coffee Machine,2.0,,pay pal,Failed
T4927,,C4911,Smartphone,3.0,791.900626556609,pay pal,Failed
T4928,2023-13-01,C2181,Tablet,10.0,-582.5996518162377,pay pal,Completed
T4929,2023-13-01,C343,Smartphone,821.0,-94.69319238331423,credit card,Failed
T4930,2024-05-12,C097,Smartphone,-3.0,,creditcard,Pending
T4931,2023-13-01,,T,-6.0,830.2330492457579,PayPal,Pending
T4932,2023-02-15,,Coffee Machine,8.0,147.7077036526956,pay pal,Completed
,2025-02-30,C3340,Coffee Machine,-6.0,-303.5055155503843,creditcard,
T4934,2023-13-01,C151,Headphones,,,credit card,
T4935,2023-13-01,C498,Tablet,-2.0,$-881.75,PayPal ,Pending
T4936,2023-13-01,C4142,Tablet,-8.0,,credit card,Completed
T4937,2024-01-11,C970,Laptop,680.0,341.2861441344485,pay pal,complete
T4938,2025-02-30,C4348,Smartphone,-5.0,,pay pal,
T4939,2025-02-30,C3208,Tablet,-9.0,,PayPal ,Completed
T4940,2025-02-30,C3228,Coffee Machine,10.0,,pay pal,Completed
T4941,2023-08-18,C2494,Smartphone,907.0,203.6075072184292,pay pal,
T4942,2023-13-01,C1563,Smartphone,469.0,-877.6328141258127,credit card,complete
T4943,,C905,Tablet,768.0,,Credit Card,Completed
T4944,2023-06-12,C3092,Laptop,309.0,-928.5023829119446,credit card,Pending
T4945,2025-02-30,C4856,Coffee Machine,633.0,,pay pal,Failed
T4946,2023-13-01,C3098,Headphones,-5.0,109.72710834321303,PayPal,
T4947,2020-01-04,C3229,Coffee Machine,-8.0,242.66176396498685,Cash,Failed
T4948,2023-13-01,C214,Smartphone,505.0,526.3447629140417,PayPal ,Pending
T4949,2025-02-30,C4653,Coffee Machine,6.0,,Credit Card,Failed
T4950,2023-13-01,C2354,Headphones,978.0,,Credit Card,Pending
T4951,2022-02-03,C1930,Laptop,670.0,,Credit Card,complete
T4952,2023-13-01,C1524,Tablet,2.0,$363.62,Credit Card,Pending
T4953,2024-10-11,C4294,Smartphone,-10.0,55.88796144354307,Credit Card,complete
T4954,2023-06-14,C4086,Headphones,3.0,-775.1722006672767,PayPal ,complete
,2021-11-15,C751,Laptop,-3.0,,Cash,completed
T4956,2025-02-30,C1219,Laptop,2.0,,Cash,Pending
T4957,2025-02-30,C1186,Tablet,-4.0,-882.3068437858965,creditcard,Pending
T4958,2025-02-30,C1569,Headphones,1.0,-314.1187418157974,Cash,Failed
T4959,2022-09-17,C1847,Smartphone,4.0,695.6781018010483,pay pal,Failed
T4960,,C1135,Smartphone,-2.0,,pay pal,
T4961,2025-02-30,C384,Coffee Machine,562.0,,pay pal,
T4962,2023-13-01,C4505,Tablet,4.0,,credit card,
T4963,2023-13-01,C4286,Laptop,7.0,$-318.39,creditcard,
T4964,2023-13-01,C2725,Coffee Machine,950.0,-598.1848702826583,creditcard,completed
T4965,2025-02-30,C1041,Tablet,979.0,$-235.12,PayPal ,completed
,2025-02-30,C4709,Coffee Machine,5.0,$-125.43,Cash,
T4967,2023-13-01,C910,Coffee Machine,-3.0,,credit card,
T4968,2021-10-27,C011,Laptop,-2.0,489.4136472935141,PayPal,Completed
T4969,2021-07-20,C3338,Headphones,126.0,73.2354370359237,Cash,Completed
T4970,2025-02-30,C1412,Laptop,414.0,-95.53846612879875,pay pal,Completed
T4971,2022-06-17,C3708,Headphones,-3.0,-807.713845341585,PayPal ,completed
,2023-13-01,C2280,Headphones,-8.0,602.84554364787,credit card,Failed
T4973,2022-02-26,,Headphones,-6.0,,credit card,Failed
T4974,2023-13-01,C295,Headphones,234.0,-722.5640350441265,creditcard,Pending
T4975,2023-13-01,C2467,Laptop,8.0,,creditcard,Failed
T4976,2023-09-17,C3965,Smartphone,5.0,891.1171370695236,credit card,
T4977,2020-01-23,C3687,Tablet,7.0,,creditcard,completed
T4978,2023-13-01,C016,Tablet,7.0,-422.8997602476155,pay pal,completed
T4979,2023-13-01,C2029,Tablet,9.0,,PayPal ,Pending
T4980,2020-11-09,C1948,Headphones,-5.0,269.7745446854299,creditcard,
T4981,2023-13-01,C941,Headphones,279.0,,credit card,completed
T4982,2023-13-01,C4823,Headphones,778.0,,pay pal,complete
T4983,2022-05-27,C2598,Tablet,-8.0,724.0827251046162,Credit Card,Completed
T4984,2025-01-22,C675,Headphones,-8.0,,Credit Card,complete
T4985,2021-09-12,C4189,Headphones,-3.0,-755.174910109578,creditcard,complete
T4986,2021-07-01,C1772,Tablet,117.0,462.0847221430397,credit card,Failed
T4987,,C2427,Coffee Mach,-4.0,,creditcard,Completed
T4988,2022-08-13,C1049,Headphones,8.0,,pay pal,Completed
T4989,2025-02-30,C1538,Coffee Machine,775.0,-546.3125999256961,Cash,Pending
T4990,,C3930,Coffee Machine,1.0,,Credit Card,
T4991,2023-13-01,C2516,Laptop,440.0,107.54754567225288,PayPal,Failed
T4992,2025-02-30,C4579,Headphones,-8.0,517.2681155811206,Cash,completed
T4993,2023-13-01,C851,Smartphone,957.0,-192.08463210102468,Cash,Completed
T4994,2025-02-30,C1211,Tablet,4.0,441.18994850334525,pay pal,
T4995,,C077,Headphones,2.0,400.47113004362296,creditcard,completed
T4996,2023-13-01,C1425,Tablet,-4.0,320.7029082201958,PayPal ,Completed
T4997,2025-02-30,C3612,Tablet,1.0,-108.28307172209861,Cash,Failed
T4998,2022-08-08,C2607,Coffee Machine,6.0,978.1860721367327,PayPal,completed
T4999,2025-02-30,C509,Coffee Machine,6.0,963.4503683778642,Credit Card,Completed
,2023-13-01,C3189,Coffee Machine,840.0,-251.6832260721917,credit card,Failed